trip_id,date,mandi_id,destination_warehouse,transit_hours,distance_km,vehicle_no,driver_id
TRP006374,2026-05-01,MANDI050,WH-Central,9.3,491.99862492888,,DRV264
TRP008869,2026-04-10,MANDI029,WH-West,,263.5,,DRV540
TRP000674,,MANDI024,WH-South,6.2,276.5,UP50BC6882,DRV722
TRP000036,,MANDI-042,WH-Central,19.7,1070.7,RJ52CD3274,DRV103
TRP008288,,mandi_019,WH-South,17.1,728.9,DL73DF1458,
TRP003456,,038,Export-Terminal,7.3,417.0,UP97BC6135,DRV255
TRP005236,2026-07-05,mandi041,WH-West,14.9,671.9,PB99BC2796,DRV297
TRP007075,,023,WH-West,6.4,362.6,PB48DF3590,
TRP002222,2026-05-02,mandi_033,WH-North,12.0,549.5,DL55BC7556,DRV662
TRP004565,2026-09-05,MANDI054,WH-West,9.4,424.8,PB83DF2210,DRV201
TRP008152,2026-05-02,mandi_019,WH-Central,9.5,553.3,PB53AB4593,DRV920
TRP000484,,mandi_018,Export-Terminal,15.7,798.0,PB65AB4841,
TRP006460,,MANDI011,WH-East,5.3,275.0,DL48CD9566,DRV803
TRP005643,,mandi_009,WH-Central,13.1,716.3,HR45AB2105,DRV326
TRP005033,,mandi_048,WH-East,13.5,716.4,,DRV415
TRP005838,,MANDI017,WH-Central,,1000.8,HR67CD5973,DRV626
TRP003149,,MANDI033,WH-North,7.7,316.5,PB62CD5129,DRV342
TRP009930,,mandi_048,WH-South,,486.0,UP40DF1180,DRV783
TRP008787,,MANDI022,WH-South,,244.3,HR57BC1128,DRV403
TRP005653,,mandi_032,WH-South,17.2,979.6972618756581,HR49CD3613,DRV654
TRP008175,,mandi_047,WH-North,23.2,1013.8971662914461,HR39AB7971,DRV497
TRP005795,,MANDI020,WH-South,23.6,1390.6,,DRV947
TRP005283,,MANDI-039,WH-West,,315.7,HR39CD5921,DRV622
TRP004378,,M035,WH-East,6.0,334.09906623727403,HR74CD9527,DRV270
TRP007392,,M025,WH-Central,,538.5,RJ62CD6359,DRV958
TRP001559,,mandi_041,WH-South,13.3,671.1,UP60CD2446,DRV650
TRP001433,,M029,WH-West,4.8,261.7,UP39BC3131,DRV765
TRP000040,,mandi006,WH-South,,877.8,UP24BC3811,DRV670
TRP003996,,MANDI008,WH-East,,715.6,HR93DF5165,
TRP007461,,MANDI-004,WH-West,21.1,995.7,PB71BC6631,
TRP005973,,MANDI048,Export-Terminal,13.4,643.49820150759,DL70CD1378,DRV423
TRP005174,,MANDI054,WH-Central,,835.5,HR75AB3097,DRV499
TRP000961,,MANDI043,WH-North,20.1,1164.096746503474,DL61BC2591,DRV807
TRP000933,,MANDI009,WH-North,10.1,585.5,,DRV613
TRP007465,2026-02-08,mandi_044,Export-Terminal,17.8,835.297665453442,RJ45AB4860,DRV224
TRP009213,,MANDI039,WH-West,2.3,110.1,DL75CD5891,
TRP008147,,MANDI019,WH-North,16.3,886.8975212386661,HR30BC9997,DRV384
TRP006177,,mandi036,WH-West,4.1,196.7,PB73AB4041,DRV497
TRP007259,,MANDI048,WH-North,12.2,620.1,DL59BC5485,DRV350
TRP000034,,MANDI057,WH-West,8.9,437.5,DL65AB3380,DRV761
TRP001251,,MANDI039,WH-West,6.4,257.7,HR17AB1638,DRV299
TRP003527,,MANDI055,WH-North,4.1,239.699330072058,PB25BC1517,DRV630
TRP008904,,MANDI056,WH-North,20.3,1115.4,PB28DF8439,DRV544
TRP001537,,mandi012,WH-West,15.1,835.3,RJ10AB4277,
TRP008180,,mandi_021,Export-Terminal,4.5,199.5,UP83AB2103,DRV524
TRP001122,,MANDI011,WH-South,16.9,819.7,RJ78BC1965,DRV222
TRP001218,,052,Export-Terminal,5.9,271.6,RJ41DF2783,DRV825
TRP004111,2026-08-05,mandi_032,WH-North,8.7,520.4,RJ87CD3403,DRV733
TRP008942,,mandi_021,Export-Terminal,16.7,850.8,PB98DF3830,DRV786
TRP000305,,MANDI026,Export-Terminal,7.6,422.6,HR20CD6378,DRV161
TRP000624,,MANDI048,Export-Terminal,8.3,417.5,,DRV190
TRP007782,,MANDI024,WH-South,8.8,504.49858999313,RJ72AB5979,DRV685
TRP002486,,MANDI025,WH-Central,,503.0,HR58AB7983,DRV608
TRP003291,,MANDI023,WH-North,16.6,766.0,PB51CD7947,DRV432
TRP006819,2026-07-23,MANDI048,WH-South,11.1,446.2,DL38BC6694,DRV485
TRP001278,,mandi_022,WH-Central,4.8,262.2,HR94DF4063,DRV934
TRP001902,,MANDI028,Export-Terminal,18.6,1020.6,UP34DF9243,DRV421
TRP000440,,MANDI054,WH-North,21.4,1016.8,UP50AB4159,DRV162
TRP007232,,MANDI038,WH-South,16.5,842.6,,DRV709
TRP002456,,M016,WH-East,3.0,164.3,DL30BC8601,
TRP002904,,mandi007,WH-South,10.2,524.1,RJ55BC3913,DRV357
TRP008945,,mandi_018,WH-Central,20.6,982.2972546090219,PB83DF9790,DRV893
TRP006235,,MANDI031,WH-South,,364.3,HR69AB7486,
TRP006410,,MANDI-049,WH-West,,973.7,PB73BC6200,DRV302
TRP001922,2026-03-21,MANDI045,WH-North,7.2,297.1,HR67CD4681,DRV547
TRP006686,,M051,Export-Terminal,20.0,1007.1,PB13DF2493,
TRP005144,,M032,WH-South,12.5,644.4,RJ28DF3707,DRV628
TRP004697,2026-08-16,MANDI044,Export-Terminal,23.8,999.6972059784581,DL52BC1440,DRV361
TRP001632,,M027,WH-West,11.9,592.1,UP24CD4874,DRV886
TRP007839,,M056,WH-Central,14.8,794.7,DL17DF2064,DRV560
TRP003384,,MANDI-052,Export-Terminal,19.6,1021.5,RJ44CD5651,
TRP002610,,mandi017,Export-Terminal,8.4,479.5,,
TRP005169,,MANDI025,Export-Terminal,,343.0,UP31CD6120,DRV353
TRP007891,,MANDI023,WH-North,17.6,905.9,HR94CD1203,DRV937
TRP001248,,mandi029,WH-South,,1018.2,HR49DF9523,DRV507
TRP008234,,MANDI054,WH-South,6.4,354.5,UP77BC2470,DRV735
TRP006454,,MANDI-019,WH-South,20.6,1196.596655670524,DL39BC7294,
TRP002031,,MANDI-057,WH-South,,185.9,RJ30DF3879,DRV891
TRP007504,,MANDI043,Export-Terminal,19.6,914.9,UP78AB5221,DRV629
TRP003195,,MANDI023,WH-South,23.7,1160.4,UP55CD7932,
TRP006585,,mandi037,WH-West,,216.5,,DRV203
TRP005072,2026-06-02,MANDI-033,WH-West,7.9,378.4,,
TRP001684,,mandi023,WH-South,,852.2,PB27BC9556,DRV142
TRP005282,,047,WH-East,22.8,1355.3962118467562,DL86BC3753,DRV801
TRP002702,,MANDI021,WH-East,18.7,1052.5,DL36CD4633,DRV980
TRP005728,,MANDI003,WH-Central,4.1,217.4,PB53AB1832,DRV811
TRP006775,,mandi039,WH-West,14.9,753.5,RJ27AB2586,DRV100
TRP003747,,MANDI044,WH-West,17.6,710.0,UP62CD7472,DRV268
TRP007389,,mandi_002,WH-East,14.1,796.1,HR28AB1975,DRV770
TRP008483,,MANDI029,WH-East,9.5,466.1,HR28BC5774,DRV713
TRP002933,,mandi057,WH-South,10.1,445.6,DL23AB5218,DRV564
TRP005382,,MANDI055,WH-Central,5.2,294.0,HR81AB3126,DRV461
TRP004003,,MANDI-019,WH-South,19.8,840.2,RJ14BC6388,DRV158
TRP006097,,M018,WH-East,22.8,1100.8,UP13BC5242,
TRP008343,,MANDI038,WH-West,10.0,474.198674677388,RJ36BC7540,DRV350
TRP005897,2026-02-28,mandi_055,WH-East,7.7,445.7,HR20DF4433,DRV311
TRP002517,,mandi030,WH-East,,734.4,RJ46BC3812,DRV863
TRP008025,,MANDI057,WH-South,20.9,1010.3,DL69AB5694,DRV331
TRP002479,2026-03-18,MANDI056,WH-North,14.0,825.5,UP20AB6931,
TRP008311,,M008,WH-East,,906.1,,DRV132
TRP004149,2026-05-04,MANDI028,WH-West,22.2,948.0,PB14CD6880,DRV298
TRP005734,,MANDI034,WH-South,10.8,521.1,UP88CD9876,DRV770
TRP007377,,MANDI013,WH-Central,20.9,1005.3,UP77AB5053,DRV676
TRP007332,,M047,WH-Central,21.6,916.2974390697818,RJ37BC7009,DRV210
TRP004831,2026-07-01,MANDI036,WH-South,6.0,332.5,DL85DF2318,
TRP007838,,MANDI-040,WH-Central,6.0,318.5,RJ55AB5201,DRV518
TRP003466,,MANDI031,WH-North,10.9,556.2,,DRV696
TRP000322,,mandi_003,Export-Terminal,10.9,449.3,PB49CD8480,
TRP005366,,M003,WH-West,14.4,712.2,RJ42AB5114,DRV803
TRP001079,2026-02-03,M031,Export-Terminal,19.1,916.9,UP25DF6185,DRV847
TRP007640,,MANDI033,WH-Central,19.5,809.5,RJ10CD5947,DRV760
TRP003704,,MANDI024,WH-West,24.0,1107.0,RJ86DF4314,DRV549
TRP002349,,MANDI023,WH-West,22.3,1100.1,DL35DF7496,DRV600
TRP004130,,M004,WH-North,16.8,849.3,DL34CD8559,DRV997
TRP001435,,MANDI039,WH-South,13.2,567.6,RJ30AB1006,DRV870
TRP001057,,mandi043,WH-North,,943.2,RJ99AB1741,DRV234
TRP008696,,MANDI036,WH-South,11.1,528.5985226370041,HR95BC2138,DRV224
TRP001719,,MANDI-009,WH-West,6.4,359.0,PB91BC9566,DRV588
TRP008628,,MANDI051,WH-South,16.7,724.0,,DRV334
TRP002693,,mandi_019,Export-Terminal,8.5,488.8,PB51AB8653,DRV840
TRP003756,,MANDI029,WH-Central,18.1,747.9,UP34AB2673,DRV936
TRP006713,,MANDI020,WH-Central,,219.9,,DRV126
TRP009529,,MANDI018,WH-North,13.8,554.2,UP28AB4703,DRV905
TRP004075,,MANDI055,WH-North,4.0,195.9,PB24CD7831,
TRP001524,2026-01-06,M045,WH-East,21.3,1113.6,DL31CD6863,DRV534
TRP004813,,MANDI-054,WH-Central,18.7,806.7,PB11DF2696,DRV854
TRP008502,,mandi_053,WH-West,2.9,168.9,HR82AB7567,DRV177
TRP006962,,M046,WH-Central,,587.198358858208,PB68BC3755,DRV855
TRP003017,,mandi_038,WH-South,,117.199672442408,RJ71BC9641,DRV798
TRP006884,,mandi_030,WH-South,6.3,278.79922079303196,PB71AB2643,DRV676
TRP007840,,MANDI035,WH-Central,13.5,706.9,RJ26BC2844,
TRP009542,,MANDI-002,Export-Terminal,2.0,115.599676914184,DL81DF3115,DRV551
TRP001884,,mandi030,WH-North,17.4,770.3,,DRV479
TRP005466,,MANDI019,WH-South,6.9,292.5,PB59AB3758,
TRP006329,,mandi052,WH-West,,1184.196690326788,RJ54BC7562,DRV288
TRP005099,,MANDI034,Export-Terminal,,248.1,DL82BC9183,DRV844
TRP009230,,MANDI030,WH-Central,10.6,483.7,RJ82BC3304,DRV233
TRP004158,,MANDI-048,WH-East,8.6,363.2,HR52DF4502,
TRP006301,,mandi_053,WH-East,10.5,472.6,RJ24BC4641,
TRP004614,,MANDI054,WH-North,,479.9,UP62AB1484,
TRP008599,,mandi_056,WH-Central,16.1,861.897591110166,RJ97CD4878,DRV953
TRP003022,,MANDI001,WH-South,9.1,488.3,PB14BC6897,DRV839
TRP008251,,MANDI-057,WH-North,5.4,216.1,HR86BC4485,DRV131
TRP006114,,mandi_051,WH-South,14.8,657.8,PB39DF3011,DRV929
TRP000120,,MANDI-023,WH-South,18.0,745.2979169908419,PB72CD4744,DRV212
TRP006830,,MANDI041,WH-Central,23.7,1237.2,UP63CD8038,DRV907
TRP003464,2026-07-07,MANDI010,WH-South,4.4,196.899449692066,HR90BC1367,DRV976
TRP001459,,MANDI042,Export-Terminal,5.0,275.2,UP51AB4994,DRV547
TRP009534,,MANDI020,WH-North,,726.3,UP17DF8204,DRV273
TRP001407,,mandi034,WH-North,5.3,282.5,,DRV657
TRP000488,,002,WH-South,14.3,667.9,UP15BC9825,DRV395
TRP006327,,mandi_056,WH-West,16.9,753.7,,DRV187
TRP002887,,001,Export-Terminal,20.2,1173.0,PB35DF1300,
TRP002146,,MANDI044,WH-North,12.8,566.8,UP36BC4306,DRV521
TRP003521,,MANDI045,WH-Central,11.2,515.6,PB89AB7373,DRV178
TRP006637,,MANDI-008,WH-West,5.9,353.0,DL74DF3326,DRV150
TRP007248,,mandi_057,WH-East,,226.4,RJ34BC7142,DRV404
TRP007820,,MANDI010,WH-East,13.7,585.1983644479279,PB25AB9316,
TRP000519,,mandi_040,WH-South,18.8,1043.2,RJ15DF1359,DRV555
TRP001112,,MANDI-032,WH-West,10.9,613.2,UP16AB6019,DRV205
TRP001685,,MANDI049,WH-South,16.8,732.3,HR82DF6289,DRV937
TRP000736,2026-03-03,MANDI042,WH-East,13.9,704.7980301826719,PB57CD6077,
TRP004615,,mandi042,WH-South,20.9,1032.1,DL84AB8674,DRV789
TRP004084,,MANDI001,WH-South,8.8,452.6,HR52DF7826,DRV766
TRP009966,,MANDI028,Export-Terminal,,118.8,PB15BC5519,DRV863
TRP002329,2026-04-28,MANDI-010,WH-North,2.7,108.4,,DRV254
TRP000544,,MANDI004,Export-Terminal,,544.4,RJ14AB8168,
TRP005796,2026-08-17,049,WH-East,7.1,411.898848797166,DL19DF4113,DRV977
TRP006608,,mandi_019,WH-South,11.7,600.4,DL55DF9091,DRV508
TRP000488,,002,WH-South,14.3,667.9,UP15BC9825,DRV395
TRP001635,,mandi006,WH-Central,7.8,426.7,DL80CD4699,DRV140
TRP003356,,MANDI-051,WH-Central,5.4,309.9,HR43BC1036,DRV789
TRP009515,,MANDI-001,WH-West,5.3,266.199256008268,HR45CD4203,DRV955
TRP000097,,mandi028,WH-North,2.2,107.89969843460601,HR93AB3314,DRV749
TRP009204,,mandi_043,WH-South,5.4,288.6,HR27AB9993,DRV224
TRP006862,,MANDI026,WH-West,7.9,424.4,PB86CD1156,DRV777
TRP002677,,M009,WH-North,6.9,403.1,,DRV477
TRP003469,,MANDI008,WH-Central,14.7,778.7,HR70CD8407,DRV533
TRP009449,,mandi_046,WH-West,11.8,631.698234486938,DL29DF2005,DRV816
TRP003707,2026-03-24,MANDI007,WH-West,11.9,647.0,UP22BC1853,
TRP008198,,MANDI030,WH-Central,11.5,507.7,UP64AB2831,DRV935
TRP009669,,mandi_029,WH-East,,837.0,RJ25AB7223,DRV527
TRP007516,,MANDI-041,WH-North,8.8,410.7,DL10DF3873,DRV576
TRP003915,2026-06-04,MANDI-043,WH-North,4.9,227.0,UP47AB1312,DRV512
TRP008965,2026-04-18,MANDI006,WH-South,16.4,863.3,,DRV872
TRP005269,,MANDI-050,WH-North,23.4,1108.4,DL46AB2409,DRV893
TRP003232,,MANDI035,WH-West,22.4,1248.8,HR69BC9227,DRV280
TRP007270,,MANDI021,WH-South,,135.5,UP31CD1157,DRV923
TRP008433,,MANDI039,WH-Central,20.2,860.9,HR98AB9131,DRV585
TRP003101,,MANDI028,WH-North,,416.9,RJ77BC4125,
TRP006130,2026-02-24,MANDI009,WH-North,11.8,705.4,PB99DF2869,DRV290
TRP009418,,MANDI043,WH-North,23.0,924.2,PB55AB8232,DRV806
TRP006394,,MANDI016,WH-East,,153.3,PB94AB3631,DRV260
TRP005494,,mandi_003,WH-West,11.9,619.1,RJ60DF9853,DRV413
TRP006205,,MANDI-039,WH-North,5.8,258.3,PB86AB7987,DRV179
TRP009616,,M051,WH-East,,525.6,DL78AB6868,DRV956
TRP007350,2026-01-16,MANDI-030,WH-North,14.0,653.2981741179619,HR43AB3177,DRV634
TRP009335,,mandi_054,WH-South,15.3,788.0,,DRV942
TRP001661,,mandi014,WH-Central,22.8,1345.0,RJ70CD7285,DRV851
TRP000312,,MANDI042,WH-South,3.4,145.6,PB97CD9995,DRV232
TRP004420,,M005,Export-Terminal,6.6,365.1,RJ30DF8449,DRV678
TRP007227,,MANDI001,WH-West,,1185.5,DL98CD1437,DRV962
TRP000319,2026-07-13,MANDI028,Export-Terminal,9.3,552.9,,DRV934
TRP008577,,MANDI050,WH-East,18.3,1063.5,,DRV258
TRP004808,,M003,WH-East,3.3,171.099521799454,PB56BC9967,
TRP000304,,MANDI009,Export-Terminal,,754.3,DL58AB6314,DRV141
TRP003081,,MANDI043,WH-West,8.5,499.8,UP36AB2854,DRV844
TRP003060,,MANDI055,Export-Terminal,6.4,306.29914393438196,HR91BC6046,
TRP009629,,MANDI-053,WH-South,9.2,378.9,DL19DF8504,DRV373
TRP002361,,MANDI045,WH-North,4.5,194.19945723818802,PB18AB8135,
TRP002944,,mandi008,WH-South,,168.7,,DRV633
TRP003155,,mandi005,WH-Central,6.3,323.3,UP22AB1201,DRV871
TRP008046,,mandi008,WH-West,10.9,491.0,,DRV621
TRP000252,,MANDI047,WH-East,7.4,306.0,PB31AB3254,DRV278
TRP008060,,MANDI-050,Export-Terminal,9.7,442.59876299496403,UP47AB7817,DRV932
TRP002250,,M021,WH-Central,,775.5,PB67AB8204,
TRP008065,,055,WH-North,,422.4,HR29AB8045,DRV566
TRP006687,2026-08-03,MANDI023,Export-Terminal,21.8,1018.197154273548,HR60DF2469,DRV623
TRP004024,,MANDI032,WH-East,2.8,120.8,RJ67AB4617,DRV386
TRP003209,2026-03-24,MANDI018,WH-Central,18.5,763.6,DL33DF4260,DRV777
TRP005862,,MANDI-052,WH-East,5.5,293.2,HR90CD9189,DRV191
TRP001298,,mandi_018,WH-South,11.1,529.0,UP72AB8248,DRV630
TRP007883,2026-09-08,mandi033,Export-Terminal,10.2,602.6,,DRV519
TRP005759,,MANDI048,WH-North,19.4,828.1,PB34CD2716,DRV145
TRP004027,,MANDI014,WH-Central,19.0,1072.3,RJ66BC7691,DRV810
TRP000108,,MANDI035,WH-Central,8.8,483.2,RJ26BC7932,DRV885
TRP002841,,MANDI003,WH-East,19.5,1027.2,HR98AB5800,DRV381
TRP009560,,MANDI046,WH-West,,1051.2,RJ83BC5416,DRV274
TRP006844,,MANDI-015,Export-Terminal,14.1,610.298294296942,DL96AB4280,DRV619
TRP002246,,MANDI044,WH-North,8.7,448.89874538734597,HR81DF4186,DRV212
TRP004041,,MANDI025,WH-West,13.7,731.6,HR63AB1910,DRV284
TRP001596,,MANDI011,WH-Central,,517.1,DL46CD9142,DRV707
TRP006875,,MANDI013,WH-East,9.8,575.2,HR16CD5660,DRV354
TRP009624,,020,WH-Central,7.7,404.2,HR64CD2668,
TRP003003,,mandi_023,WH-West,18.2,778.2,DL83AB6304,DRV865
TRP006129,,MANDI036,WH-West,4.1,214.6,HR84BC6106,DRV472
TRP007055,,MANDI003,Export-Terminal,18.5,1098.1,HR78CD8558,DRV102
TRP001703,2026-03-10,MANDI-014,WH-South,23.9,1055.2,RJ39BC4007,DRV319
TRP001161,,MANDI023,WH-West,13.9,663.798144771932,HR41CD3809,DRV184
TRP009833,,MANDI024,WH-West,19.5,914.8,DL39CD2245,DRV655
TRP009655,,mandi_003,WH-South,20.1,837.0,UP43DF1156,DRV121
TRP005472,,mandi_025,WH-North,21.5,903.9,DL82DF5952,DRV362
TRP008264,2026-01-29,MANDI036,WH-Central,17.7,967.2,,DRV559
TRP001196,,MANDI-007,Export-Terminal,4.3,239.8,PB72DF4023,DRV785
TRP005738,,M042,Export-Terminal,22.0,928.2,UP92BC7233,
TRP002908,,MANDI012,WH-North,20.2,875.697552541098,HR16CD9454,DRV458
TRP004376,,mandi_043,WH-Central,12.6,515.1,RJ10AB8945,DRV467
TRP004583,,050,WH-West,12.6,549.1,HR87CD9151,DRV556
TRP003956,,MANDI013,WH-North,,1268.6,UP73BC6039,DRV631
TRP003818,,MANDI053,WH-South,7.6,438.6,,DRV568
TRP008833,,049,Export-Terminal,15.0,603.4983133019899,PB54DF6473,DRV155
TRP001077,,mandi_017,WH-South,21.6,1045.197078812328,UP11AB9603,
TRP004216,2026-04-26,MANDI012,WH-Central,19.8,1040.297092507142,DL32BC7624,DRV854
TRP001531,,M050,WH-West,3.8,169.29952683020198,UP21CD1137,
TRP007175,,mandi_024,WH-Central,8.2,333.4,UP49DF4317,DRV447
TRP004780,2026-02-13,MANDI041,WH-South,23.5,1275.7,UP94DF1403,DRV126
TRP004405,,MANDI-008,WH-South,,586.8,RJ51CD4343,DRV592
TRP004380,,MANDI038,WH-North,6.9,293.3,RJ87DF2909,DRV840
TRP006951,,MANDI011,WH-West,,1090.5,PB14CD6515,DRV382
TRP001733,,MANDI001,WH-East,,1239.5,HR58CD2976,DRV522
TRP005215,2026-07-01,MANDI006,WH-North,8.9,415.69883817669796,,DRV163
TRP002134,,MANDI005,Export-Terminal,21.4,1219.9,RJ26CD4437,DRV529
TRP007703,,MANDI014,WH-East,12.4,740.7,,DRV334
TRP000766,,M024,WH-East,4.4,242.8,DL68CD8432,DRV199
TRP000533,2026-04-17,MANDI039,Export-Terminal,,429.4,UP13AB6530,
TRP006011,,mandi056,WH-North,,500.9,RJ13AB9827,DRV380
TRP001184,,mandi_030,Export-Terminal,,354.899008104186,,DRV199
TRP007574,,MANDI031,WH-South,23.8,1359.4,PB92AB2298,DRV237
TRP005731,,M020,WH-Central,10.2,553.1,UP77BC5656,
TRP009421,,MANDI043,WH-North,,344.5,UP30BC8611,DRV111
TRP009744,,mandi_024,WH-North,19.1,934.9973868059001,HR96DF4413,DRV248
TRP002886,,MANDI035,WH-East,9.9,559.4,UP98BC8322,DRV151
TRP005268,,MANDI048,WH-West,8.4,364.8,DL74CD7835,DRV118
TRP005272,,mandi011,WH-North,4.3,225.4,DL54DF7078,
TRP006769,,MANDI051,WH-East,5.9,343.5,DL72AB2876,DRV357
TRP007597,,MANDI018,Export-Terminal,10.6,499.2,PB56AB3205,DRV221
TRP006598,,M005,WH-South,11.2,583.3,HR83BC2792,DRV833
TRP006848,2026-08-01,mandi_005,WH-South,15.2,720.6,PB58CD4996,
TRP008181,2026-04-24,MANDI008,WH-South,21.4,1136.8,PB68AB6563,DRV580
TRP002930,,MANDI017,WH-Central,21.8,1198.1,HR96AB8314,
TRP004393,,MANDI022,WH-East,11.8,613.9,DL10BC8577,DRV873
TRP002590,,mandi032,WH-East,22.4,1152.2,UP70BC7415,
TRP004673,2026-05-29,MANDI042,WH-North,13.2,743.7,UP63CD2890,DRV866
TRP004033,,M026,WH-West,,155.2,RJ21BC2365,
TRP009012,,034,WH-Central,2.4,99.4,UP34AB7431,DRV229
TRP002948,2026-04-28,MANDI030,WH-East,,1017.3,,DRV910
TRP004210,,mandi_043,WH-Central,22.2,981.9,,DRV891
TRP003108,,MANDI006,WH-East,12.5,585.2,RJ48AB1667,DRV931
TRP009579,,mandi_055,WH-South,13.9,734.7,HR39BC8224,
TRP004708,,MANDI-056,WH-South,15.8,740.5,,DRV406
TRP004721,,M011,WH-North,22.4,1004.2,,DRV698
TRP006443,,MANDI011,WH-North,12.2,577.798385129892,UP70DF5610,DRV429
TRP007399,,MANDI-018,WH-North,,1026.2971316351818,HR43AB2010,
TRP004804,,MANDI045,WH-East,19.3,993.9972219091601,,DRV477
TRP000458,,mandi015,Export-Terminal,13.5,589.2,UP57BC7839,DRV936
TRP005407,,mandi_044,WH-West,9.5,509.1,PB30BC5344,DRV402
TRP005621,,MANDI-055,WH-Central,13.1,642.7,PB60AB2091,DRV267
TRP000451,,mandi_055,WH-Central,13.6,569.5,UP86BC1382,
TRP009814,,MANDI041,WH-East,10.6,486.0,UP10AB8146,DRV376
TRP004511,,MANDI005,WH-North,19.2,990.4,RJ97CD5649,DRV910
TRP006905,2026-09-05,MANDI035,WH-Central,9.1,391.5,PB64CD6454,
TRP009620,,mandi_035,WH-North,15.3,746.297914195982,RJ54DF6834,DRV786
TRP001447,,001,WH-West,17.0,1010.0971769119141,RJ76AB4797,DRV528
TRP004254,,MANDI040,WH-West,12.5,600.3983219660561,UP51CD4304,DRV574
TRP002026,,mandi_030,WH-Central,,341.4,PB85CD1500,DRV362
TRP003001,,MANDI046,WH-South,13.4,626.2,DL39AB8415,DRV285
TRP001618,,MANDI052,WH-Central,20.1,901.0,UP31AB8704,DRV977
TRP003596,2026-04-16,mandi_019,Export-Terminal,2.3,125.2,HR66BC2362,DRV757
TRP006240,2026-02-13,MANDI034,WH-East,6.4,257.0,UP72DF9228,
TRP000884,,mandi_023,WH-North,16.9,724.297975682902,RJ96AB2759,DRV912
TRP008452,,M017,WH-South,23.8,1365.3,HR74BC5674,DRV725
TRP004890,,MANDI010,WH-Central,18.2,1041.3,,
TRP003820,,mandi_042,WH-East,9.9,569.798407488772,HR85AB2317,DRV420
TRP007855,2026-08-15,MANDI-030,WH-South,15.5,703.9,UP57CD4718,
TRP000081,,015,WH-North,19.1,1128.5,UP45BC4745,DRV525
TRP004314,2026-08-14,MANDI008,WH-Central,23.5,1205.0,HR46AB9560,DRV991
TRP009785,,mandi_047,WH-North,3.1,181.49949273291,PB65CD1854,DRV923
TRP001083,,MANDI001,WH-North,5.0,277.599224146864,UP74DF5785,
TRP000132,,mandi056,Export-Terminal,20.1,1195.8,DL51BC5902,DRV974
TRP002649,,MANDI021,WH-East,12.5,708.8,RJ53CD4483,DRV299
TRP003134,,MANDI052,WH-West,,787.4,HR28AB9363,DRV876
TRP003474,2026-04-26,MANDI052,WH-North,6.4,327.1,HR65BC9286,DRV105
TRP003101,,MANDI028,WH-North,,416.9,RJ77BC4125,
TRP007455,,MANDI012,WH-North,21.5,880.2,UP86CD7985,
TRP007186,,MANDI003,WH-Central,11.4,559.0,UP36DF3288,DRV608
TRP000501,,mandi021,WH-Central,16.4,677.6,HR77AB4777,
TRP009240,,M022,WH-South,8.3,465.9,HR32BC6827,
TRP000714,2026-02-25,MANDI014,WH-North,16.5,937.4,PB33BC4475,DRV636
TRP005460,,MANDI-027,WH-Central,17.4,897.5,PB84AB8118,
TRP001892,,mandi022,Export-Terminal,,771.8,RJ26BC6558,DRV219
TRP009446,,mandi_027,WH-South,11.3,534.0,HR63BC1683,DRV903
TRP002068,,mandi_035,WH-West,10.1,495.0,,DRV632
TRP005876,,MANDI019,WH-West,12.8,676.0,UP71AB7083,DRV994
TRP009557,,mandi015,Export-Terminal,12.3,601.4,HR77DF3955,DRV541
TRP007087,,MANDI006,Export-Terminal,15.4,791.1,DL31AB6150,DRV700
TRP001361,2026-02-17,mandi_033,WH-South,19.9,987.6,PB61BC1454,DRV893
TRP008058,,mandi_054,WH-South,13.4,649.1,UP41AB8273,DRV844
TRP000260,,mandi027,Export-Terminal,,252.9,DL46CD2171,
TRP001617,,mandi031,WH-East,6.6,320.0,UP27BC2223,
TRP008864,,mandi021,WH-North,20.2,843.4,HR80BC4499,DRV233
TRP002234,,MANDI-037,Export-Terminal,,690.598069869684,,DRV542
TRP005457,,MANDI022,WH-West,,1226.1,,DRV262
TRP002911,,MANDI034,WH-West,,1282.1964164305082,HR99DF9280,
TRP009154,,MANDI-035,Export-Terminal,21.0,991.097230014254,,DRV870
TRP007238,,mandi031,WH-West,17.3,884.697527387358,,
TRP008199,,mandi_018,WH-South,,157.0,DL91AB5419,DRV369
TRP009234,,mandi_003,WH-West,3.7,158.8,HR68BC1812,DRV562
TRP000032,,M023,WH-West,14.4,632.8,HR83AB7638,DRV294
TRP008249,,mandi_012,WH-East,21.8,1192.1,HR64CD9211,DRV178
TRP001471,,MANDI023,Export-Terminal,10.6,624.598254330444,HR39CD4640,DRV866
TRP007397,,M019,Export-Terminal,,956.7,PB60AB7599,DRV808
TRP003008,,MANDI042,WH-South,13.9,830.6,DL53DF1961,DRV364
TRP004705,,mandi_010,WH-Central,5.6,277.9,RJ20CD6578,
TRP006773,,mandi_017,WH-South,18.7,1021.5,RJ22BC9175,DRV241
TRP003998,,MANDI039,Export-Terminal,19.4,917.7974348774919,UP79AB9796,DRV944
TRP004864,,048,WH-Central,5.9,244.1,UP41AB4705,DRV270
TRP005577,,MANDI-015,WH-Central,21.4,1067.8,UP28DF1133,DRV267
TRP007886,2026-02-12,MANDI043,Export-Terminal,14.6,720.8,UP70CD8840,DRV551
TRP004369,,MANDI048,WH-North,21.7,1253.2,RJ40AB5916,
TRP004787,,mandi_013,WH-Central,8.6,434.7,UP48BC9049,DRV692
TRP008774,2026-09-06,mandi_040,WH-West,7.7,416.7,UP31DF3506,DRV193
TRP008359,,M038,WH-South,16.5,798.2,,DRV242
TRP009394,2026-06-15,M032,WH-North,6.1,304.7,HR78BC8188,DRV194
TRP002261,,MANDI005,WH-West,15.7,649.798183899972,DL65BC3895,
TRP008453,2026-02-13,MANDI021,WH-South,8.1,342.6,,DRV866
TRP001964,2026-08-19,MANDI042,WH-East,5.8,301.6,HR88CD1203,DRV442
TRP001419,2026-03-11,MANDI055,WH-South,13.8,588.2,RJ69BC6892,
TRP007287,,MANDI008,WH-East,12.5,580.9,,DRV812
TRP006754,,MANDI012,WH-East,16.5,880.2,PB17DF2404,DRV282
TRP001181,,MANDI044,Export-Terminal,,430.9,HR95AB6682,
TRP009964,,MANDI056,Export-Terminal,9.4,529.0,HR77CD7974,DRV798
TRP000591,,MANDI046,WH-West,14.2,779.8,,DRV100
TRP008862,,mandi_048,WH-East,,1227.7,UP72DF8704,DRV864
TRP008672,,MANDI-006,WH-East,5.5,277.3,PB58DF6671,DRV666
TRP003772,2026-05-15,MANDI-046,WH-Central,20.5,1071.0,,DRV931
TRP009661,,MANDI007,WH-East,17.8,988.9,UP39AB4760,DRV986
TRP005138,,MANDI023,WH-South,,1226.296572663182,HR43AB9863,DRV722
TRP002895,,MANDI015,WH-South,,457.9,PB69AB7490,DRV383
TRP000336,,mandi024,Export-Terminal,21.7,999.1,PB12AB8003,DRV882
TRP006607,,MANDI-030,WH-South,18.2,855.4,PB12AB3854,DRV838
TRP000170,,MANDI-029,WH-Central,23.7,1024.7,RJ39DF2331,DRV593
TRP005303,,MANDI-048,WH-South,19.2,985.5,RJ79AB4465,DRV215
TRP005219,,mandi007,Export-Terminal,8.2,408.1,RJ92BC7507,
TRP004467,,M037,Export-Terminal,16.2,887.9,PB20CD8430,DRV763
TRP006335,,mandi_035,WH-West,8.9,390.4,HR87BC3293,DRV561
TRP007365,2026-01-31,M028,Export-Terminal,12.9,610.1,DL42AB3404,
TRP007825,,mandi043,Export-Terminal,10.4,423.5,PB64CD1132,DRV677
TRP008102,2026-08-16,mandi_046,WH-North,5.2,255.9,HR33CD3029,DRV694
TRP008522,,MANDI026,WH-West,2.7,159.799553381372,RJ66BC9096,DRV560
TRP009874,,MANDI015,WH-Central,,849.9,DL92AB9030,
TRP004605,,MANDI047,WH-East,,616.4,PB81CD2842,DRV822
TRP008301,,MANDI013,WH-East,8.3,490.198629959628,RJ21AB1960,DRV930
TRP000470,,mandi_028,WH-Central,17.3,724.0,RJ19BC9498,DRV434
TRP004756,,M024,WH-East,20.5,966.2,DL42BC1406,DRV600
TRP005903,,MANDI-022,WH-East,21.5,1044.9,,DRV938
TRP006744,,MANDI003,WH-North,22.6,941.1,,DRV630
TRP000316,2026-03-05,mandi053,Export-Terminal,15.3,620.5,,
TRP006570,,M011,WH-North,,269.8,UP81AB6156,DRV810
TRP005369,,MANDI033,Export-Terminal,20.5,1084.5,,DRV362
TRP000928,,MANDI053,WH-North,2.6,134.0,PB17AB9282,DRV612
TRP004803,,MANDI006,WH-West,6.7,354.5,RJ73BC8604,
TRP008761,2026-08-04,mandi_014,WH-South,,249.5,DL53BC4560,DRV296
TRP003892,,MANDI036,WH-Central,,1217.4,RJ99BC6105,DRV706
TRP004443,,MANDI-025,WH-South,2.4,99.59972163194399,HR70BC2865,DRV833
TRP003300,,MANDI051,WH-West,15.5,712.5,UP86DF8078,DRV441
TRP000857,,MANDI018,WH-Central,6.7,305.7,RJ98DF8249,DRV179
TRP001692,,002,Export-Terminal,20.9,935.2,PB73AB5079,DRV619
TRP007262,,mandi_040,Export-Terminal,4.4,178.2,PB21AB4188,DRV313
TRP002593,,MANDI016,WH-West,16.4,711.5,HR92CD9355,DRV114
TRP004795,,M001,WH-South,17.2,888.5,HR28CD6566,
TRP007179,,MANDI027,WH-Central,21.7,1028.4,RJ67DF3514,DRV259
TRP008236,2026-09-05,MANDI-049,WH-North,6.8,313.4,DL44CD3420,DRV232
TRP001489,,MANDI016,Export-Terminal,20.8,1197.7,PB54AB3171,
TRP003873,,MANDI006,Export-Terminal,15.1,880.4,DL23CD5522,DRV117
TRP003071,2026-02-01,MANDI021,WH-Central,10.7,633.5,,DRV477
TRP007356,,MANDI055,WH-South,10.8,500.0,,DRV479
TRP007628,,M032,Export-Terminal,23.4,1312.3,UP20AB8837,DRV730
TRP004353,,MANDI016,WH-North,3.7,207.8,PB18DF5548,
TRP004771,,MANDI-039,WH-West,18.4,902.2,HR46BC4687,DRV546
TRP005212,,MANDI055,Export-Terminal,12.1,535.5,PB33AB1576,DRV299
TRP009053,,MANDI-053,WH-South,10.0,530.798516488312,RJ35CD5400,DRV499
TRP006558,,MANDI046,WH-South,18.3,856.2,HR51CD1392,DRV160
TRP005355,,MANDI019,WH-South,21.3,938.797376185432,PB89BC8186,DRV264
TRP004030,,mandi052,WH-North,3.0,165.9,,DRV336
TRP006435,,mandi_023,WH-East,16.3,691.0980684722541,,DRV430
TRP003255,,026,WH-North,16.6,824.6,HR95CD8146,
TRP002927,,MANDI-011,WH-South,22.8,1090.9,PB40DF8756,DRV520
TRP003800,,mandi_023,WH-Central,10.7,512.0,DL68DF8387,DRV609
TRP005654,,MANDI-002,WH-Central,3.5,149.4,RJ53BC6241,DRV988
TRP001787,,MANDI033,WH-Central,16.8,837.0,,
TRP009072,2026-06-12,MANDI028,Export-Terminal,6.6,275.2,,DRV369
TRP003161,2026-07-08,MANDI030,WH-Central,,99.1,RJ15BC3226,DRV505
TRP002166,,MANDI-011,WH-Central,23.9,1204.096634709074,PB37CD1065,DRV942
TRP000048,,mandi056,WH-Central,18.0,731.0,UP49BC3286,DRV339
TRP001311,,mandi048,WH-East,16.1,896.6,DL63DF5561,DRV747
TRP008535,2026-01-09,056,WH-Central,23.2,1045.7,HR67BC2061,DRV217
TRP004641,,MANDI026,Export-Terminal,15.5,793.3,UP62DF8517,DRV564
TRP008613,,M052,WH-Central,4.6,201.3,,DRV181
TRP001761,,M021,WH-Central,6.1,290.7,PB72CD2255,DRV489
TRP008982,2026-06-17,MANDI034,WH-North,,546.0,DL15DF2625,DRV257
TRP007559,,MANDI014,WH-West,4.5,236.3,HR44CD8662,DRV689
TRP009020,,MANDI-039,WH-South,9.9,542.9,DL36AB3632,DRV652
TRP007437,,025,WH-South,13.0,593.49834125059,UP94CD8452,
TRP007621,,mandi_020,WH-West,10.7,472.3,RJ62CD9958,DRV774
TRP000347,2026-03-11,039,Export-Terminal,14.8,670.2,UP21CD8839,DRV979
TRP006712,2026-07-08,050,WH-Central,3.7,158.4,HR35CD2292,DRV573
TRP006786,,mandi_054,WH-Central,3.1,150.2,UP69BC5525,DRV443
TRP000534,,MANDI002,WH-West,11.8,592.3,,DRV104
TRP001732,,mandi020,WH-East,9.1,445.2,,DRV219
TRP004924,2026-06-27,MANDI-024,WH-North,11.2,570.0,,
TRP002341,,MANDI025,WH-Central,9.2,476.4,HR30DF4006,DRV315
TRP002406,,MANDI009,WH-South,19.6,1110.8,HR62CD9735,
TRP000593,,MANDI-009,WH-East,11.9,533.4,RJ87CD8540,DRV369
TRP001285,,mandi027,Export-Terminal,8.3,361.1,,DRV289
TRP008001,,M046,WH-Central,21.6,983.2,DL34BC7195,DRV326
TRP007736,,MANDI040,WH-West,20.1,1187.1,RJ75CD8083,DRV372
TRP009997,,M041,WH-South,6.3,346.7,UP41BC5114,
TRP008127,2026-02-15,mandi_021,WH-South,6.4,348.1,HR68DF3415,DRV433
TRP002070,,mandi013,WH-North,7.4,428.5988021230041,DL25DF1591,DRV245
TRP004217,,M003,WH-South,11.4,666.5,UP49DF5691,DRV481
TRP008117,,M057,WH-South,4.9,244.8,RJ89BC6439,DRV903
TRP009702,,MANDI046,WH-South,12.6,603.798312463532,UP50AB9603,DRV581
TRP001225,,MANDI-002,WH-East,22.0,1136.6,RJ43DF2152,DRV180
TRP003044,2026-07-10,mandi_027,WH-North,5.3,251.4,DL76CD7096,DRV652
TRP008348,,mandi028,WH-Central,8.5,485.8,,
TRP008285,,MANDI048,Export-Terminal,4.3,208.9,RJ33BC6256,DRV716
TRP008771,,047,WH-West,4.8,269.7,,DRV718
TRP001769,2026-08-09,mandi_027,WH-Central,15.4,809.8,,DRV190
TRP009155,,MANDI008,WH-West,18.4,823.8,DL71DF7363,DRV293
TRP004077,,049,WH-West,3.2,157.8,,DRV620
TRP007999,,MANDI036,WH-East,4.5,235.4,RJ48CD5728,
TRP005370,2026-04-02,MANDI035,WH-Central,21.1,1203.8,UP32BC9047,DRV577
TRP000669,,MANDI031,WH-Central,10.1,589.798351591572,,
TRP002699,2026-08-11,MANDI012,WH-South,24.0,1420.2,,DRV516
TRP003018,,mandi050,Export-Terminal,10.3,581.6,RJ45BC2460,
TRP003899,,MANDI049,Export-Terminal,6.6,315.0,DL64AB8006,DRV229
TRP000566,,MANDI009,WH-North,3.9,213.0,,DRV186
TRP001767,,MANDI012,WH-North,12.0,594.2,HR62BC5718,DRV740
TRP003430,,MANDI-045,WH-North,21.4,1081.2,PB51CD1307,DRV438
TRP002123,,MANDI-050,WH-North,11.9,495.0,HR48CD4096,DRV769
TRP001454,2026-06-27,MANDI016,WH-Central,3.6,158.199557853148,UP48AB7570,DRV352
TRP009746,,mandi_027,WH-East,13.2,653.398173838476,,DRV836
TRP007160,,mandi_004,WH-South,16.4,787.8,PB83AB4900,DRV666
TRP005900,,M018,WH-North,17.9,832.0,HR94BC3966,DRV768
TRP006818,,MANDI016,WH-West,15.1,759.7,RJ99DF1776,DRV621
TRP003795,,MANDI032,WH-Central,20.0,1061.4,,DRV523
TRP004990,2026-02-07,MANDI-054,Export-Terminal,,781.1,,DRV629
TRP000543,,MANDI-050,WH-North,13.7,564.3,UP86DF3781,DRV781
TRP000563,2026-08-26,mandi_020,WH-Central,,884.8975268283859,RJ30DF5358,DRV224
TRP003949,,MANDI025,WH-North,5.4,321.3,PB67CD5906,DRV670
TRP003354,,MANDI043,WH-West,15.7,681.4,UP60CD6816,DRV564
TRP008463,,038,Export-Terminal,,988.697236721918,UP30CD7913,
TRP006795,,mandi_008,WH-South,5.2,214.7,RJ70DF3859,DRV568
TRP004023,,mandi_017,Export-Terminal,10.1,478.89866154154606,DL33AB9555,DRV663
TRP003119,,mandi_037,WH-South,6.7,337.7,RJ32AB2046,DRV773
TRP001124,,mandi_012,WH-North,3.2,184.3,RJ33DF2709,DRV219
TRP000901,,MANDI-021,WH-North,14.8,655.6,,DRV310
TRP002895,,MANDI015,WH-South,,457.9,PB69AB7490,DRV383
TRP003015,,MANDI-013,WH-Central,11.9,491.2,PB35AB7841,DRV285
TRP000374,,mandi014,WH-West,11.3,489.2,DL50BC3098,DRV575
TRP006256,,MANDI024,WH-South,9.5,540.5,RJ46BC7634,DRV259
TRP000953,,MANDI053,WH-South,17.6,1006.097188091354,RJ67BC5304,DRV720
TRP001148,2026-02-17,MANDI-024,WH-South,,245.199314700328,UP78DF6023,DRV831
TRP006554,,MANDI019,WH-West,23.7,1304.1,RJ13AB1228,DRV244
TRP003596,2026-04-16,mandi_019,Export-Terminal,2.3,125.2,HR66BC2362,DRV757
TRP008597,,mandi_054,WH-North,10.5,542.4,RJ85BC7484,DRV451
TRP000796,,mandi025,WH-Central,20.4,969.3,DL68DF4952,DRV718
TRP003406,,mandi_014,Export-Terminal,12.2,678.3,DL54CD6757,DRV398
TRP007337,,MANDI032,WH-South,,686.6,HR23DF7237,
TRP009610,,mandi002,WH-West,13.8,740.3,RJ20AB5768,DRV527
TRP007276,,mandi_050,WH-West,18.9,842.4,RJ72DF5084,DRV141
TRP000938,,MANDI047,Export-Terminal,15.4,671.6,UP10BC5492,DRV391
TRP003950,2026-05-02,MANDI049,WH-South,,150.7,PB80DF1221,DRV531
TRP004203,,M048,WH-South,9.9,572.7,RJ58BC6191,DRV179
TRP009940,,MANDI010,WH-Central,2.7,122.9,RJ53AB2283,DRV304
TRP005757,,MANDI002,WH-West,,642.0982054203939,DL44AB6532,DRV899
TRP002860,,MANDI047,WH-Central,,1214.7,PB66CD6659,DRV205
TRP009002,,mandi_020,Export-Terminal,2.4,139.7,,DRV954
TRP006514,,013,WH-West,21.4,1251.796501394252,RJ79DF5712,DRV641
TRP008021,,MANDI018,WH-Central,13.6,797.8,,DRV745
TRP004869,2026-09-02,MANDI021,WH-East,9.6,392.3,UP62BC1204,DRV583
TRP007211,,mandi_014,WH-North,18.0,961.2,UP81CD9999,DRV336
TRP008302,,MANDI042,WH-East,21.7,1210.8,HR33CD2679,
TRP009174,,mandi017,WH-South,15.7,786.9,UP45BC8841,
TRP002985,,MANDI045,WH-West,20.8,992.7,UP39DF6477,DRV905
TRP005546,,M050,WH-North,5.2,264.7,RJ65BC7646,DRV481
TRP009151,,M006,WH-North,15.6,660.7,UP27CD9061,
TRP009539,,MANDI048,WH-East,17.3,790.6,UP70AB8665,DRV182
TRP000296,2026-02-17,MANDI006,WH-West,4.3,231.0,DL24DF5090,
TRP001414,,mandi040,WH-East,17.3,815.0977219096142,RJ66BC3242,DRV454
TRP004732,,M034,WH-South,,156.0,DL95CD1440,DRV227
TRP007610,,mandi007,Export-Terminal,6.4,346.0,HR54CD6154,DRV567
TRP008161,,mandi_002,WH-Central,12.1,717.9,DL48CD4732,DRV725
TRP000287,2026-06-26,M004,WH-Central,15.1,823.597698153304,PB85AB2801,
TRP006311,,MANDI030,Export-Terminal,9.0,389.7,RJ34AB5020,
TRP007842,,MANDI042,WH-West,20.7,852.0,RJ41DF2673,
TRP009111,,MANDI054,Export-Terminal,6.2,280.4,RJ52DF2524,DRV505
TRP002407,,MANDI011,WH-Central,,432.3,PB39AB7099,DRV558
TRP006158,2026-09-02,MANDI024,WH-East,4.4,196.2,,
TRP006523,,MANDI028,WH-West,18.0,939.9,HR68CD8359,DRV274
TRP002471,2026-01-16,M043,WH-East,23.2,1057.3,UP37CD6455,DRV259
TRP007306,,MANDI015,Export-Terminal,12.9,701.2,,
TRP005741,,MANDI009,Export-Terminal,16.5,741.5,,DRV287
TRP000837,,MANDI042,WH-North,7.3,336.3,,DRV211
TRP001731,,MANDI046,WH-Central,20.7,1202.0,HR26BC1214,DRV900
TRP003530,,MANDI008,WH-West,6.1,327.4,DL13AB6934,DRV453
TRP007723,,MANDI028,Export-Terminal,4.9,254.9992873107,HR16DF7494,DRV198
TRP002755,,M050,WH-Central,20.5,929.7,DL40BC2806,DRV620
TRP001157,,MANDI016,WH-East,11.6,677.6,DL49BC4398,DRV875
TRP003774,,MANDI033,WH-West,18.6,859.7,,DRV167
TRP007797,2026-05-25,MANDI-020,WH-North,14.0,565.3,PB69CD1662,DRV688
TRP006121,,MANDI037,WH-Central,4.6,229.4,,DRV866
TRP007204,2026-02-22,MANDI-032,WH-East,,1050.5,RJ26AB3622,DRV617
TRP009273,,MANDI054,WH-North,19.9,1098.2,PB24BC3825,DRV526
TRP003541,,MANDI053,WH-North,5.2,262.2,HR80CD3930,DRV213
TRP001510,2026-05-23,M043,WH-East,14.1,722.8,,DRV149
TRP008067,,MANDI-029,WH-East,17.7,783.7,UP63BC7071,
TRP005310,,M007,WH-South,18.9,1004.6,HR13AB8691,DRV931
TRP009460,,MANDI050,WH-South,5.1,293.3,,DRV557
TRP008650,,mandi_057,WH-South,,1127.4,,DRV416
TRP005872,,mandi053,WH-West,20.2,888.6,PB86CD4692,
TRP001786,,M055,Export-Terminal,12.6,557.4,RJ70DF4525,
TRP002274,2026-03-08,MANDI005,WH-South,14.6,739.797932362572,DL29CD3764,DRV678
TRP002474,,MANDI003,WH-North,11.9,573.7983963093319,HR85BC4823,
TRP007539,2026-03-09,MANDI002,WH-South,19.5,1069.7,RJ50BC2986,DRV532
TRP007748,,MANDI005,WH-Central,18.6,1027.0,RJ32AB4337,DRV900
TRP009294,,mandi_045,Export-Terminal,21.8,1208.0,DL30BC6604,DRV608
TRP003890,,MANDI003,WH-South,7.3,317.5,HR31BC1104,DRV597
TRP001348,,MANDI045,Export-Terminal,22.5,1189.6,PB67BC1788,DRV765
TRP009097,,MANDI003,WH-South,17.6,1016.6,DL64DF4724,DRV402
TRP000211,,MANDI054,Export-Terminal,11.5,634.1,PB15AB1237,DRV973
TRP005565,,mandi_048,WH-West,,176.7,PB25CD3615,DRV491
TRP004013,,MANDI029,WH-East,7.4,346.1,PB76AB3643,DRV966
TRP005551,,MANDI-016,WH-Central,16.6,723.5,HR44BC6151,DRV781
TRP004078,,mandi011,WH-South,,527.3,UP44AB9209,DRV425
TRP001340,,MANDI-026,WH-North,11.9,622.1,,DRV851
TRP004994,,MANDI007,WH-South,7.1,398.4,RJ42CD2186,DRV671
TRP006701,,MANDI041,Export-Terminal,3.7,192.1,DL22DF6780,
TRP005404,,MANDI011,WH-West,19.8,997.7,,DRV487
TRP001966,,mandi_049,WH-North,22.8,1230.8,DL50CD8489,DRV979
TRP004824,2026-05-07,mandi_014,WH-Central,10.5,441.49876606931,PB50BC7811,DRV205
TRP006898,,MANDI057,WH-North,16.2,660.5,DL24DF9583,DRV959
TRP009648,,MANDI021,WH-South,9.7,518.6,HR54AB3432,DRV712
TRP008878,2026-07-19,MANDI029,Export-Terminal,13.2,771.4,DL69DF8963,DRV528
TRP009603,,MANDI050,WH-East,9.8,470.19868585682804,DL19DF7311,DRV634
TRP004668,,MANDI-050,WH-West,11.0,498.6,UP98BC5984,DRV144
TRP009823,,MANDI042,WH-North,23.8,1266.4,UP14CD2081,DRV322
TRP007479,,MANDI052,Export-Terminal,15.8,700.2,,DRV653
TRP000107,,MANDI017,WH-East,21.7,1162.5,HR59BC9268,DRV690
TRP008790,,MANDI-007,WH-North,13.3,548.8,RJ69DF2371,DRV676
TRP008001,,M046,WH-Central,21.6,983.2,DL34BC7195,DRV326
TRP003644,,MANDI-030,WH-West,16.7,940.597371154684,HR31BC7908,DRV188
TRP004171,,M015,WH-Central,,1319.0,DL38BC9710,
TRP005666,,MANDI045,WH-North,7.9,327.8,DL47CD8807,DRV436
TRP001146,2026-07-31,MANDI045,WH-West,20.5,1183.4,HR42AB7749,DRV619
TRP006716,,M005,Export-Terminal,4.7,239.4,UP59AB6641,DRV699
TRP007234,,MANDI033,WH-North,18.1,861.9,PB56AB4390,DRV904
TRP001374,,MANDI002,WH-West,15.6,785.8,DL42CD2564,DRV999
TRP004025,,MANDI044,WH-East,12.3,648.2,PB93AB3900,DRV176
TRP009406,,MANDI034,WH-West,12.6,714.7,,DRV567
TRP005012,,MANDI-036,WH-North,15.0,817.5977149224642,PB99DF7360,DRV584
TRP007934,2026-03-02,M015,Export-Terminal,2.2,117.0,DL66DF6360,
TRP003686,2026-05-17,mandi015,WH-West,13.6,640.1,,DRV408
TRP009974,,MANDI005,Export-Terminal,12.6,755.4,,DRV657
TRP009470,,MANDI-022,WH-West,8.0,389.3,RJ38BC4938,DRV508
TRP006766,,MANDI035,WH-East,8.1,444.8,UP43BC8370,DRV611
TRP005184,,MANDI052,WH-West,12.5,643.8,HR80BC7479,DRV597
TRP006192,,057,WH-West,8.7,407.6,RJ43AB4555,
TRP000851,,M050,Export-Terminal,,673.3,,DRV549
TRP001965,2026-05-23,MANDI022,WH-South,,721.7,DL92DF4822,DRV460
TRP003563,,044,WH-North,14.1,838.3,DL79CD2378,DRV931
TRP006249,,MANDI021,WH-East,21.3,1069.7,PB84BC6087,
TRP002304,,MANDI024,Export-Terminal,7.5,426.3,,DRV634
TRP000030,2026-04-14,MANDI054,WH-North,9.5,453.7,DL25AB1514,
TRP003144,,MANDI049,WH-West,4.4,256.3,HR23DF4579,DRV503
TRP007602,,MANDI036,Export-Terminal,2.2,105.2,UP32AB3318,DRV915
TRP004848,,MANDI047,WH-West,15.3,730.6,PB65AB5914,DRV810
TRP002019,2026-08-05,MANDI-006,WH-South,2.9,172.1,HR75BC2505,DRV733
TRP008920,,MANDI020,WH-Central,20.9,998.8,UP81AB4005,DRV910
TRP006196,,MANDI027,WH-South,3.0,155.5,PB75AB2963,
TRP001624,2026-06-05,MANDI027,Export-Terminal,14.8,687.1,DL57AB9834,DRV523
TRP002971,,MANDI005,WH-Central,13.4,780.4,PB58BC2227,DRV664
TRP002292,,mandi_043,WH-West,16.6,844.5,DL81AB5892,DRV286
TRP004735,,MANDI025,WH-South,12.6,721.6,PB63DF2825,DRV534
TRP009996,2026-02-05,M025,WH-South,13.1,720.2,DL15CD6983,DRV447
TRP001209,,MANDI021,WH-West,17.6,983.6,DL62AB5686,DRV449
TRP008158,,MANDI042,WH-West,17.4,996.1,UP93DF7660,DRV141
TRP000109,,019,WH-South,11.0,554.5,PB95CD1826,DRV700
TRP009965,2026-06-19,MANDI009,WH-South,8.8,442.3,UP17AB4522,DRV454
TRP005246,,MANDI008,Export-Terminal,9.5,404.1,,
TRP005153,,MANDI056,Export-Terminal,23.0,1094.796940187272,PB18DF3360,DRV348
TRP001826,,mandi_038,WH-West,,607.6,,DRV437
TRP007534,,MANDI039,WH-West,,156.4,UP97AB2861,DRV543
TRP001370,2026-09-04,MANDI016,Export-Terminal,19.6,1003.3,PB63AB5742,
TRP009083,,002,Export-Terminal,4.4,257.8,RJ56DF4325,
TRP009469,,MANDI038,WH-West,11.1,547.8,,DRV148
TRP001069,,MANDI-016,Export-Terminal,,395.198895471328,HR76DF4131,DRV106
TRP007770,,MANDI052,WH-West,,1359.1,HR12AB9681,DRV632
TRP003647,2026-03-29,MANDI-052,WH-Central,3.6,150.1,PB58AB5173,DRV916
TRP006464,,mandi_042,WH-North,,179.3,,DRV490
TRP003539,,MANDI046,Export-Terminal,18.6,1110.596896028484,HR74DF5856,DRV668
TRP007414,,MANDI037,WH-South,7.6,335.8,,
TRP003383,,MANDI010,WH-South,,630.6,HR21BC7841,DRV827
TRP009051,,mandi035,WH-West,,988.797236442432,,DRV326
TRP000762,,mandi002,WH-East,20.0,1050.597063720084,HR15CD1368,DRV982
TRP000266,,MANDI036,WH-East,13.0,647.5,,DRV799
TRP006393,,mandi_054,WH-Central,,1059.1,UP32DF9634,DRV742
TRP002475,,MANDI044,WH-East,19.4,800.097763832514,RJ85BC7632,DRV176
TRP003571,,MANDI032,WH-North,9.8,470.0,UP63BC7443,DRV609
TRP001003,,MANDI021,WH-South,4.8,268.3,,DRV949
TRP005580,,MANDI033,Export-Terminal,6.0,281.2,DL82BC4914,DRV167
TRP000971,2026-03-06,M020,WH-East,19.0,1067.0970176048938,,DRV864
TRP005845,,MANDI056,WH-Central,,1006.2,HR21BC2954,DRV415
TRP006965,,MANDI030,WH-South,,605.7,RJ96AB1019,
TRP001113,2026-01-07,MANDI-004,WH-South,22.7,1194.4,,DRV143
TRP001513,,mandi029,WH-East,8.4,362.9,DL37DF7706,
TRP002596,,MANDI053,WH-South,4.4,195.1,UP44CD7663,DRV431
TRP009363,,MANDI012,WH-North,7.1,383.3,HR32DF7223,DRV387
TRP000294,,MANDI051,WH-South,2.2,127.7,HR92DF3205,DRV952
TRP008574,2026-06-24,MANDI-031,WH-North,12.5,512.4,RJ20DF4381,DRV496
TRP003124,,MANDI046,WH-West,21.1,846.0,RJ80BC4168,DRV148
TRP003471,,MANDI002,WH-North,21.5,1033.8,HR17AB5682,DRV780
TRP008637,,MANDI024,WH-Central,,417.4,DL34CD1030,DRV666
TRP006683,,MANDI023,WH-Central,9.5,520.6,RJ76BC5992,DRV521
TRP003827,,MANDI054,WH-Central,20.7,1058.8,DL60BC4348,DRV604
TRP006389,,mandi_041,Export-Terminal,10.8,512.9,PB44DF2814,DRV762
TRP000577,,mandi_017,WH-Central,5.5,238.5,UP11AB7523,DRV383
TRP009812,2026-05-29,mandi040,WH-East,12.1,528.8,,DRV276
TRP003661,,MANDI050,WH-South,13.9,832.7,DL27BC3149,DRV598
TRP001200,,mandi_057,WH-West,13.2,785.3,PB87BC1134,DRV640
TRP003786,,MANDI008,WH-East,,644.49819871273,PB94CD7886,
TRP006163,,MANDI-001,WH-Central,5.3,249.1,RJ85BC5097,DRV340
TRP003062,,MANDI038,Export-Terminal,2.7,149.6,PB48AB5186,DRV526
TRP000015,,MANDI037,WH-North,2.1,98.6,UP69AB2874,
TRP008622,,mandi_014,WH-North,3.0,146.599590273524,,DRV525
TRP009453,2026-01-30,MANDI015,WH-North,12.7,616.0,UP91AB9661,DRV736
TRP006721,,026,Export-Terminal,10.0,591.5,,
TRP009316,2026-04-26,mandi_044,WH-Central,,1180.2,RJ39CD7238,
TRP004202,,mandi052,WH-South,4.4,218.9,,DRV549
TRP006635,,013,WH-North,9.1,514.9,RJ32BC2372,
TRP004099,,mandi_003,WH-Central,17.7,893.0,RJ83AB3026,DRV559
TRP008098,,MANDI031,Export-Terminal,13.3,730.1,DL68DF5045,DRV296
TRP002233,,mandi035,WH-Central,23.6,1084.3,DL39CD1032,DRV864
TRP003318,,mandi_033,Export-Terminal,15.8,761.2,DL24DF9633,DRV268
TRP007112,,MANDI-041,WH-East,5.4,293.0,PB97DF2728,DRV601
TRP003089,2026-04-18,mandi_006,WH-West,21.2,1267.6,,DRV495
TRP006120,,MANDI012,Export-Terminal,,818.4,HR42DF7897,DRV639
TRP005822,,MANDI053,WH-East,6.4,341.99904415788,PB53BC9032,DRV560
TRP004141,2026-06-01,mandi025,WH-Central,6.1,301.7,UP78AB1382,DRV186
TRP005517,,MANDI-028,WH-Central,,1166.3,HR66CD3753,
TRP000093,,MANDI-017,WH-South,7.8,341.5,DL11CD5128,DRV289
TRP002518,,MANDI-050,WH-West,5.2,209.8,RJ82AB1036,DRV646
TRP002686,,MANDI008,WH-South,6.1,280.9,,DRV899
TRP009198,,MANDI-012,Export-Terminal,5.8,259.4,HR47DF3716,DRV275
TRP007496,,MANDI055,Export-Terminal,4.9,216.7,UP19AB7762,DRV458
TRP003667,,mandi_043,WH-North,11.9,613.0,,DRV418
TRP005885,2026-03-25,mandi_055,WH-East,20.9,1021.7,RJ80BC5904,DRV912
TRP000497,,MANDI027,WH-West,4.6,258.5,,DRV974
TRP009001,,mandi_057,WH-North,23.2,1134.3,RJ89CD3475,DRV930
TRP002958,2026-03-24,MANDI038,WH-South,12.0,503.6,,DRV790
TRP002271,,MANDI045,WH-Central,13.1,589.2,DL13DF5102,DRV965
TRP008749,,MANDI028,WH-West,22.8,1055.4,RJ50DF7952,DRV627
TRP008616,,mandi_051,WH-Central,20.5,1206.896626883466,UP20BC1682,DRV244
TRP000399,,M025,WH-East,2.0,81.6,UP16BC1435,DRV401
TRP006833,2026-04-24,039,WH-West,16.1,899.0974871413739,PB34DF1156,
TRP009414,2026-04-04,MANDI053,WH-South,7.2,372.2,,DRV956
TRP004739,,MANDI045,Export-Terminal,,135.8,DL88AB8728,DRV140
TRP006067,,M030,Export-Terminal,,828.8,DL56AB5591,DRV290
TRP006441,,mandi_017,WH-West,18.8,922.1,RJ33AB2093,DRV729
TRP004666,,M019,WH-West,,318.5,HR99AB7891,
TRP009169,2026-05-24,M022,WH-East,21.0,946.297355223982,RJ67DF1101,DRV857
TRP004985,,MANDI002,WH-South,,389.0,UP51CD3477,
TRP008964,,mandi_028,WH-East,7.6,384.9989239789,,
TRP007678,,M004,WH-North,18.3,909.7,RJ17AB1124,DRV132
TRP008244,,007,WH-East,,1084.9969675769,UP15AB3005,DRV332
TRP009413,,MANDI-022,WH-North,21.5,1164.6,DL82AB4239,DRV422
TRP000734,,M019,WH-West,17.1,770.8,RJ40DF7630,DRV434
TRP005194,,MANDI-032,WH-Central,8.5,396.6,,DRV595
TRP005028,,mandi_047,WH-North,,979.1,HR16AB4535,DRV267
TRP002200,,MANDI010,WH-East,11.6,602.898314978906,UP84DF2263,DRV575
TRP006436,,MANDI028,WH-East,15.1,711.2,RJ99AB1062,DRV783
TRP003012,2026-07-03,MANDI055,WH-East,17.5,793.597781999104,,
TRP005642,,MANDI034,WH-South,8.5,359.7,HR77BC8638,DRV264
TRP001748,,mandi034,Export-Terminal,2.5,140.3,PB59CD4794,DRV950
TRP002190,,mandi038,WH-East,20.2,997.5,HR17DF7760,DRV837
TRP003510,,MANDI013,Export-Terminal,4.5,225.19937059752797,UP14BC5464,DRV255
TRP006707,2026-04-08,MANDI056,Export-Terminal,16.1,823.2,RJ87DF2283,DRV899
TRP007631,,MANDI-042,WH-East,11.4,551.1,PB86AB8349,DRV694
TRP008594,,MANDI025,Export-Terminal,4.2,179.1,DL33AB3565,
TRP000389,,027,WH-North,12.6,629.0,DL15CD1670,DRV783
TRP005697,,MANDI008,WH-West,,116.3,RJ44CD9830,DRV904
TRP005655,,MANDI034,WH-North,,423.5,RJ67CD6756,
TRP006051,,MANDI030,Export-Terminal,,478.7,RJ41DF7944,DRV847
TRP001836,,MANDI015,WH-East,,1333.8,PB94BC1910,DRV396
TRP006399,2026-03-10,MANDI-047,Export-Terminal,12.7,510.3,UP26DF3111,DRV692
TRP007217,,MANDI038,WH-East,9.2,521.5,RJ73DF9604,DRV276
TRP003096,,mandi003,WH-South,20.8,1133.6,HR23CD5675,
TRP007517,2026-01-18,M056,WH-East,19.2,1076.5,PB75AB3334,DRV521
TRP008881,,MANDI027,Export-Terminal,17.3,701.8,RJ62CD1540,DRV268
TRP000089,,mandi020,WH-South,,1145.1,RJ47CD9999,DRV122
TRP000511,,mandi032,WH-East,9.3,489.5,,DRV816
TRP007673,,MANDI048,WH-South,17.6,1039.8,,DRV310
TRP006007,,MANDI042,Export-Terminal,8.2,445.098756007814,PB20DF2449,
TRP005420,,MANDI019,WH-East,13.1,537.4,UP21AB8018,DRV387
TRP002111,2026-01-16,MANDI041,WH-South,2.6,116.0,UP21AB9139,DRV955
TRP001156,,MANDI054,WH-East,7.8,451.1,PB27DF1317,DRV535
TRP002710,,MANDI046,WH-North,2.5,116.8,UP80BC8231,DRV134
TRP007497,,mandi_039,Export-Terminal,3.3,150.9,UP53AB8087,DRV737
TRP007756,,mandi023,WH-East,6.7,318.3,,DRV891
TRP002628,,MANDI-046,WH-North,19.5,838.8,UP30BC7542,DRV739
TRP005651,,mandi_056,WH-North,15.2,749.6,UP74DF9597,
TRP008471,,M055,WH-East,6.4,296.8,DL83CD8082,DRV603
TRP003024,,MANDI054,WH-North,,586.7,PB38CD6221,
TRP001651,,MANDI054,WH-South,,320.9,,DRV479
TRP002168,2026-01-24,MANDI021,WH-North,10.6,445.6,DL84BC1975,DRV693
TRP008957,2026-02-11,M043,WH-North,14.1,709.1,HR88AB1492,DRV937
TRP000652,,MANDI-046,WH-East,15.7,671.1,,DRV490
TRP003338,2026-08-28,MANDI013,WH-North,6.9,300.8,DL19BC9636,DRV475
TRP003379,,MANDI-022,WH-North,12.4,500.6,DL48CD1970,DRV683
TRP004105,,MANDI054,WH-Central,9.5,508.6,UP46CD8510,DRV227
TRP001088,2026-05-04,M046,Export-Terminal,5.6,248.4,,DRV541
TRP001887,,MANDI-052,WH-West,2.3,133.8,,DRV611
TRP007641,,MANDI048,Export-Terminal,2.5,138.5,PB54BC5014,DRV133
TRP001784,,mandi050,Export-Terminal,12.7,566.698416152838,PB49DF4402,
TRP002287,,MANDI050,Export-Terminal,6.1,360.4,HR54CD8877,
TRP005684,,M009,WH-Central,,539.6,DL79CD6878,
TRP004377,2026-03-24,MANDI021,WH-South,12.0,682.5,HR60CD7952,
TRP000417,,MANDI-057,WH-West,11.2,595.5,,DRV977
TRP002808,,MANDI044,Export-Terminal,,982.6,,DRV991
TRP000622,,MANDI-048,WH-West,9.7,552.898454721906,,DRV538
TRP008826,,MANDI019,WH-South,3.1,136.2,,DRV375
TRP000719,,MANDI-028,WH-West,6.5,274.6,RJ51CD8796,DRV625
TRP008461,,mandi_019,WH-Central,23.1,1109.7,HR92BC5072,DRV980
TRP003873,,MANDI006,Export-Terminal,15.1,880.4,DL23CD5522,DRV117
TRP009727,2026-07-04,MANDI017,WH-West,10.6,592.7983432069921,,DRV626
TRP000097,,mandi028,WH-North,2.2,107.89969843460601,HR93AB3314,DRV749
TRP005530,2026-01-08,mandi_035,WH-West,11.3,590.7,UP32CD8968,DRV301
TRP009282,,MANDI-027,WH-West,,997.5,PB17BC1457,DRV828
TRP004563,,MANDI-042,WH-West,2.1,108.6,HR11BC8152,DRV250
TRP000867,2026-08-27,MANDI011,WH-South,,968.1,HR58AB4746,DRV481
TRP006274,,MANDI055,WH-North,12.0,541.8,HR75BC8303,DRV258
TRP006150,2026-07-31,mandi046,WH-West,14.2,814.7,UP53BC1116,DRV697
TRP003072,,012,WH-East,5.6,333.5,RJ55BC5848,DRV137
TRP004124,,MANDI-012,WH-East,19.8,823.1,UP84DF6299,DRV706
TRP004266,,MANDI040,WH-East,17.3,705.598027946784,UP74AB9767,DRV725
TRP000009,,MANDI-050,WH-East,20.1,1075.4,UP26CD2471,DRV486
TRP000400,,MANDI024,WH-North,11.4,627.5,RJ92BC8014,DRV963
TRP003593,2026-08-08,mandi_057,WH-West,9.7,418.0,DL85AB6204,
TRP007202,,mandi018,WH-West,6.1,281.3,RJ49AB5921,DRV416
TRP006537,,mandi_037,WH-North,,615.098280881614,RJ56AB4123,DRV138
TRP008230,,M038,WH-East,,1095.4,HR62BC4237,
TRP003615,,MANDI043,Export-Terminal,18.5,824.6,UP49BC2145,DRV271
TRP007308,,MANDI038,WH-Central,11.0,597.5,UP24DF3528,DRV199
TRP009212,,047,WH-South,10.9,449.798742871972,DL40DF3111,DRV945
TRP007738,,MANDI049,WH-Central,8.9,476.0,HR29BC9081,DRV503
TRP002320,,MANDI028,WH-Central,13.8,660.49815399497,DL30DF6731,DRV106
TRP005830,,mandi045,WH-North,12.3,534.5,PB13DF8531,DRV428
TRP005910,,mandi009,WH-West,4.4,220.9,RJ73BC2806,DRV375
TRP008128,,039,WH-North,5.1,262.0,RJ50DF9571,DRV174
TRP008458,2026-06-10,MANDI034,WH-West,11.5,687.398078813236,PB68CD9211,DRV972
TRP009233,,MANDI006,WH-South,17.6,887.1,HR92DF9017,DRV934
TRP008576,,M047,WH-Central,,999.2,,DRV823
TRP003663,,M004,WH-West,15.3,725.897971211126,UP13CD8386,DRV579
TRP005815,,MANDI044,WH-East,8.7,510.19857406242795,,DRV878
TRP008160,,M034,WH-West,23.4,1133.0,,
TRP007199,,mandi008,WH-Central,7.8,346.099032698954,UP30BC1645,DRV804
TRP005390,,MANDI-043,WH-North,16.3,658.5,PB32DF3714,
TRP000583,,MANDI-016,WH-East,20.0,884.797527107872,DL90CD9139,DRV307
TRP002056,,MANDI-028,WH-South,6.2,322.1,,DRV396
TRP000625,2026-08-05,MANDI037,WH-West,23.2,1354.0,PB21BC8268,DRV562
TRP000795,,mandi_002,WH-South,11.5,531.698513972938,DL96AB3085,DRV268
TRP000569,,mandi_015,WH-West,,1095.5,RJ60DF7919,DRV613
TRP000731,,M052,WH-North,21.6,1288.3,DL53BC3974,
TRP004933,,MANDI-016,WH-West,,101.4,UP59DF4962,DRV221
TRP006443,,MANDI011,WH-North,12.2,577.798385129892,UP70DF5610,DRV429
TRP004520,2026-02-08,MANDI044,WH-North,,884.6,DL55DF7858,DRV945
TRP008185,,mandi_055,WH-East,,613.6,RJ21AB4484,DRV854
TRP009142,,MANDI053,WH-North,,630.8,DL28CD5895,DRV945
TRP007713,,mandi044,WH-East,19.1,799.2,RJ98DF6948,
TRP009525,,MANDI016,WH-South,16.3,920.6974267723981,UP64BC7188,DRV774
TRP000361,,MANDI042,WH-West,2.7,125.0,UP39BC6547,DRV185
TRP006115,,MANDI-008,WH-North,19.8,1117.8,UP54BC9489,DRV445
TRP005435,2026-06-27,044,WH-West,16.1,893.4,HR19BC1583,DRV170
TRP000292,,mandi020,WH-West,,645.6,DL30CD2755,DRV339
TRP006341,,mandi017,WH-South,3.4,190.1,UP98AB4541,DRV332
TRP006680,,MANDI003,WH-West,8.4,390.8,RJ37DF4858,DRV552
TRP000102,,MANDI012,WH-South,3.6,194.8,DL43AB6104,DRV593
TRP009114,,043,WH-North,,954.9,RJ58AB9017,DRV320
TRP005289,2026-07-20,MANDI-038,WH-South,19.3,1109.5,DL56DF7659,DRV106
TRP000705,,MANDI017,WH-North,2.1,95.4,PB75AB2202,DRV670
TRP004223,,MANDI-050,WH-North,12.9,710.2,PB33AB9297,DRV455
TRP004404,2026-01-14,M037,WH-East,15.3,873.3,PB89DF6588,DRV492
TRP002754,,M032,WH-East,23.6,966.99729737038,HR23DF5452,DRV203
TRP004217,,M003,WH-South,11.4,666.5,UP49DF5691,DRV481
TRP001916,,MANDI047,WH-West,15.9,640.298210451142,HR22CD7811,
TRP004338,,MANDI038,WH-West,13.0,687.9,UP46DF7949,
TRP002305,,MANDI-047,WH-South,23.0,1087.8,,DRV631
TRP004054,,M033,WH-South,14.3,690.2,,DRV834
TRP003208,,M022,WH-East,11.5,573.1,UP21DF4617,DRV223
TRP005415,,MANDI001,Export-Terminal,4.3,233.3,DL87DF7078,DRV305
TRP007224,,MANDI008,WH-North,,537.7,UP64CD7795,DRV986
TRP000953,,MANDI053,WH-South,17.6,1006.097188091354,RJ67BC5304,DRV720
TRP001497,,MANDI-019,WH-North,,578.0,UP48CD1256,DRV626
TRP004082,,MANDI047,WH-West,19.7,864.0,DL41BC3365,
TRP001085,,mandi_033,WH-West,4.1,243.7,RJ70CD6348,DRV731
TRP007757,,MANDI-010,WH-Central,11.5,466.2,HR27DF5585,DRV399
TRP006858,,MANDI025,WH-South,,717.8,RJ13DF4592,DRV876
TRP006035,,mandi_024,WH-East,20.3,1079.4,PB70BC6600,DRV160
TRP004827,,MANDI007,WH-East,10.5,486.5,PB95BC1052,DRV625
TRP002880,,MANDI005,Export-Terminal,16.3,802.0,DL49DF3491,DRV562
TRP008536,,MANDI044,WH-South,10.0,516.9,UP28AB1757,DRV695
TRP004776,2026-01-21,mandi_043,WH-West,20.5,984.4,DL42AB9812,
TRP000564,,mandi005,WH-North,20.5,892.3,PB22BC9926,DRV719
TRP004743,,MANDI045,WH-Central,,513.9985634419601,RJ11AB7512,DRV991
TRP001108,,M050,WH-South,7.4,390.298909166142,DL97CD1286,DRV345
TRP003843,,mandi_017,WH-West,,720.4,RJ33DF6958,DRV316
TRP004716,,MANDI002,Export-Terminal,,802.8,UP98AB6445,DRV540
TRP004368,,MANDI022,WH-Central,7.5,335.8,UP61DF5968,DRV534
TRP006559,,mandi051,WH-East,,1252.7,,DRV269
TRP008193,2026-06-04,MANDI018,WH-Central,4.2,206.4,PB25BC3481,DRV754
TRP000064,,MANDI-024,WH-North,22.3,986.5,PB32AB1818,
TRP001369,,mandi057,WH-East,16.3,788.7,RJ48CD6327,
TRP001982,,M033,WH-West,18.6,989.4,DL43BC1897,DRV755
TRP009032,,MANDI014,Export-Terminal,9.3,432.5,RJ36CD4827,DRV112
TRP008500,,MANDI028,WH-South,,829.0,UP35CD2587,DRV373
TRP003556,2026-05-25,MANDI-040,WH-West,21.5,864.6,RJ99DF8162,DRV529
TRP004953,2026-01-03,mandi021,WH-West,2.7,109.1,HR67DF3818,DRV627
TRP004085,,MANDI025,WH-South,8.4,437.49877724874995,RJ74BC1533,DRV617
TRP000915,2026-03-27,020,WH-West,,764.4,PB62CD1780,DRV464
TRP003861,2026-06-13,mandi026,WH-West,18.0,866.2,RJ33BC3441,DRV258
TRP001409,,MANDI053,WH-South,7.9,472.1,,DRV504
TRP008132,,MANDI045,WH-South,21.8,1045.9,DL39AB1051,DRV294
TRP006322,2026-07-30,M037,WH-East,,908.4,HR40BC2506,DRV512
TRP009538,,mandi_015,WH-West,7.3,314.5,RJ80CD9211,DRV915
TRP008498,,003,WH-West,22.1,1298.1,HR70DF4268,DRV501
TRP007383,,mandi022,WH-West,20.8,1221.0,,DRV442
TRP003903,,048,Export-Terminal,,1000.7,HR60DF1537,DRV868
TRP005690,,MANDI055,WH-East,12.1,531.6,PB29CD7226,DRV962
TRP000015,,MANDI037,WH-North,2.1,98.6,UP69AB2874,
TRP008403,2026-02-04,mandi013,WH-Central,23.9,1388.2,HR15CD3690,DRV405
TRP000246,,mandi004,WH-North,8.5,420.2,RJ42CD7426,DRV911
TRP002575,2026-02-13,MANDI011,WH-East,10.5,492.2,RJ21CD6352,DRV184
TRP003329,2026-03-12,M012,WH-South,18.3,1026.097132194154,UP25DF9482,DRV262
TRP001954,,MANDI032,WH-North,15.3,687.1,UP24BC5512,
TRP007035,,M037,WH-Central,10.2,441.8,,
TRP002089,,MANDI009,WH-Central,12.2,534.3,UP76BC6352,DRV172
TRP005031,,MANDI014,WH-North,21.9,1110.9968949105398,,DRV984
TRP000334,,MANDI009,Export-Terminal,9.1,401.5,RJ98BC4535,DRV154
TRP003567,2026-02-17,MANDI014,Export-Terminal,16.3,846.6,,DRV950
TRP008308,,M017,Export-Terminal,3.7,158.799556176232,HR24CD1309,
TRP004825,,MANDI022,WH-East,19.5,810.6977342069981,HR85BC8943,DRV134
TRP006337,,M016,WH-East,23.4,1180.1,HR41CD3226,DRV814
TRP001150,,MANDI011,WH-North,,621.898261876566,UP41CD5330,DRV530
TRP004759,,mandi049,Export-Terminal,2.9,164.199541083988,RJ52BC9120,DRV101
TRP000264,,MANDI028,WH-Central,3.1,144.2,DL39AB4148,DRV572
TRP005945,,MANDI051,WH-East,20.7,940.1,RJ94AB1160,DRV221
TRP003659,,MANDI057,WH-East,12.4,659.8,UP43BC8909,DRV529
TRP007660,2026-03-22,MANDI015,Export-Terminal,16.0,855.0,RJ55BC6642,
TRP001732,,mandi020,WH-East,9.1,445.2,,DRV219
TRP000656,,MANDI018,WH-West,22.6,1054.6,,DRV378
TRP000624,,MANDI048,Export-Terminal,8.3,417.5,,DRV190
TRP001656,2026-06-13,M036,WH-West,15.2,722.4,HR95BC6463,DRV128
TRP003680,,MANDI015,WH-West,21.5,1282.5,DL48CD7846,DRV724
TRP001951,,MANDI015,WH-East,22.1,1279.796423138172,RJ81DF7219,DRV436
TRP007336,,MANDI020,WH-West,17.6,738.2,,DRV176
TRP003709,2026-01-04,MANDI-016,Export-Terminal,12.2,683.4,HR90AB9814,DRV498
TRP001806,,010,Export-Terminal,23.0,1222.0,HR72BC8768,
TRP002345,,050,WH-West,21.5,1054.6,DL66DF5329,DRV327
TRP004206,,mandi020,WH-East,17.5,931.7,HR30DF6089,DRV630
TRP007634,,mandi_042,WH-Central,14.4,728.897962826546,DL70BC1891,
TRP003689,,002,WH-Central,9.5,441.6,HR87DF7116,DRV491
TRP000368,,MANDI057,WH-Central,21.9,920.5,,DRV788
TRP002532,,MANDI040,WH-Central,,610.9,PB61BC4164,DRV184
TRP007589,,030,WH-West,8.8,457.3,UP81BC3447,DRV722
TRP000737,,M046,WH-North,19.6,1158.4,PB89BC9963,
TRP009760,,MANDI-007,WH-South,8.3,485.598642815984,RJ57CD4305,DRV407
TRP005767,2026-02-08,008,WH-East,7.5,388.2,PB68AB1601,DRV657
TRP000800,,MANDI-011,WH-Central,21.3,953.9973337035599,RJ72BC9884,DRV355
TRP001027,2026-07-31,mandi_034,WH-Central,20.1,973.4,RJ92CD6855,
TRP002856,,MANDI024,WH-South,11.2,523.5,HR99CD6154,DRV709
TRP000578,,M043,WH-North,,777.99782559892,DL43DF3971,DRV920
TRP004909,,MANDI006,WH-West,12.3,662.2,DL29CD8728,DRV527
TRP003425,2026-04-17,mandi052,WH-East,13.4,672.9,,DRV231
TRP002900,2026-08-12,MANDI015,WH-East,2.6,139.0,DL44AB5986,DRV314
TRP002108,,MANDI010,WH-North,2.5,103.4,DL23BC8530,DRV541
TRP008891,,MANDI-011,WH-South,22.0,1244.4,DL43BC8247,DRV867
TRP007977,,MANDI049,WH-South,8.0,460.5,HR78AB2718,DRV386
TRP003498,,MANDI-029,WH-West,14.7,726.99796813678,PB65CD8545,DRV731
TRP005628,,MANDI-037,Export-Terminal,,739.5,DL88DF2133,DRV131
TRP005260,2026-02-17,M025,WH-West,20.6,984.1,RJ23BC8127,
TRP003943,,MANDI034,WH-South,10.2,557.4,DL82BC2284,DRV325
TRP001942,,MANDI011,WH-Central,20.4,1219.3,UP15DF1974,
TRP001804,,MANDI-017,WH-East,15.0,825.6,PB55CD2758,DRV467
TRP006879,,MANDI-024,WH-West,19.0,1135.7,UP80DF8277,DRV351
TRP001627,,MANDI008,WH-East,3.7,167.2,DL30BC1452,DRV229
TRP002692,,MANDI006,WH-Central,16.1,675.5,PB66BC9594,DRV512
TRP008329,,MANDI009,WH-East,,612.9,,DRV435
TRP006323,,MANDI048,WH-North,3.2,174.7,RJ51DF7249,DRV322
TRP007366,,MANDI029,WH-East,4.6,255.1,RJ23AB8811,DRV535
TRP000077,,034,WH-West,14.1,791.7,UP80BC9290,DRV723
TRP005939,,MANDI-011,WH-West,19.4,803.2,,DRV371
TRP006975,,mandi027,WH-East,,281.6,HR51BC4172,
TRP006267,,MANDI-048,WH-West,8.2,352.6,,DRV820
TRP004318,2026-03-31,MANDI009,WH-South,22.2,1276.99643096378,HR42BC9859,DRV825
TRP001352,,MANDI029,WH-East,3.8,208.9,DL33BC2594,DRV380
TRP009466,,MANDI-014,WH-North,3.7,195.9,,DRV261
TRP007689,,mandi025,WH-North,,202.5,PB29DF8841,DRV894
TRP009921,,MANDI-026,WH-North,12.2,590.3,HR81DF4848,DRV143
TRP006840,,MANDI-010,WH-Central,11.3,466.7,UP79AB7609,DRV496
TRP004897,,mandi012,WH-North,3.8,181.2,PB14CD8012,DRV523
TRP003488,,M049,WH-South,20.7,1032.8,PB83AB9316,DRV866
TRP006955,,MANDI015,WH-East,11.1,518.5,RJ75DF4645,DRV274
TRP006843,,MANDI024,WH-South,10.1,580.4,PB69BC5927,DRV137
TRP009253,,MANDI006,Export-Terminal,22.5,1032.0,RJ78BC5322,DRV207
TRP009788,,MANDI039,WH-Central,,968.5,PB87DF6842,DRV167
TRP008101,,MANDI039,WH-East,2.4,120.4,UP66DF3998,
TRP006384,,mandi026,WH-South,6.5,357.8,,DRV107
TRP004767,,MANDI010,WH-Central,23.9,1379.7,DL47AB8496,DRV979
TRP009845,,MANDI035,WH-West,,285.1,HR67BC3200,
TRP006226,,MANDI021,WH-North,,550.7,UP33AB3670,DRV662
TRP000684,,MANDI039,WH-Central,,725.5,DL33AB7527,DRV657
TRP007445,,mandi_030,WH-South,18.5,913.0,DL41DF9340,DRV791
TRP000004,,MANDI-038,WH-West,4.2,240.3,,DRV516
TRP000648,,MANDI048,WH-West,21.5,965.8973004447259,RJ97AB3634,DRV612
TRP009649,,mandi_049,Export-Terminal,8.3,438.3,RJ99DF2191,
TRP009922,,MANDI037,WH-Central,,277.89922330840596,PB13BC7995,DRV804
TRP007878,,MANDI005,WH-Central,,716.3,UP45BC3352,DRV324
TRP004504,,MANDI042,WH-Central,15.8,709.0,PB27CD4445,
TRP009374,,mandi_049,Export-Terminal,4.6,208.7,DL66DF9078,DRV806
TRP000291,2026-02-09,MANDI041,WH-North,20.5,867.0,PB47DF5667,DRV603
TRP004690,,MANDI036,WH-North,,750.5,UP39AB4809,DRV922
TRP002276,,MANDI036,WH-East,4.2,186.899477640666,DL62DF1368,DRV827
TRP000677,,MANDI-033,WH-South,22.0,1127.8,PB97CD3427,
TRP004375,,M045,WH-North,,1054.1,,DRV927
TRP006082,,MANDI040,WH-West,,621.1,UP40BC5533,
TRP008612,,MANDI023,WH-North,3.3,132.9,UP30BC9361,DRV389
TRP006278,,mandi030,WH-South,,786.6,DL75AB6790,DRV871
TRP001906,,MANDI056,WH-Central,20.3,1099.8,UP41CD2253,
TRP005207,,mandi014,WH-North,,1031.0,,DRV441
TRP002021,,MANDI038,WH-North,23.1,1215.3,DL55DF3052,DRV302
TRP005400,2026-05-25,MANDI018,Export-Terminal,12.7,692.0,PB16CD8962,DRV877
TRP009055,,007,Export-Terminal,14.5,771.7,,DRV359
TRP004996,,MANDI-032,WH-West,23.1,1002.4,PB47CD1028,DRV229
TRP003579,2026-02-21,mandi_046,WH-South,3.7,211.99940748967998,,DRV926
TRP005533,,mandi051,Export-Terminal,19.3,949.0,DL26BC9295,
TRP009284,,MANDI030,Export-Terminal,19.3,783.7,PB10BC4092,DRV826
TRP005904,,MANDI057,WH-North,4.2,183.4,,DRV706
TRP008926,,048,WH-Central,21.5,1251.2,UP19DF2821,DRV216
TRP000136,,MANDI014,Export-Terminal,7.2,312.1,,DRV652
TRP004522,,M049,WH-West,20.7,1143.5,,DRV701
TRP007627,,MANDI044,WH-South,8.2,484.49864589033007,DL32CD1159,DRV301
TRP009973,2026-07-23,mandi_045,WH-North,21.1,1232.3,HR14DF8835,DRV481
TRP002890,,MANDI056,WH-South,15.0,878.9,PB17AB5733,DRV552
TRP000959,,MANDI-020,WH-South,19.0,776.4978297912099,HR66AB8381,
TRP006599,,mandi001,WH-North,20.5,1098.6,HR67CD5389,DRV922
TRP008894,,MANDI-017,WH-South,,937.4,RJ91AB5039,DRV545
TRP008398,2026-07-14,MANDI-057,WH-West,21.9,1293.3,HR38DF2984,DRV125
TRP002847,,M044,WH-West,3.2,158.8,DL62CD5082,DRV937
TRP000186,,mandi029,WH-East,22.2,897.9,UP39BC9949,DRV432
TRP003750,,MANDI-016,WH-South,6.8,330.4,,DRV243
TRP007887,,MANDI-017,WH-South,,1230.2,PB94CD2002,DRV225
TRP009244,,mandi026,WH-North,9.2,406.7,,DRV732
TRP003845,,MANDI008,WH-North,,185.0,RJ36CD3990,DRV822
TRP002931,,M045,WH-South,11.9,661.5,RJ52DF4096,DRV446
TRP005658,,MANDI006,WH-Central,,925.0,UP60BC5687,
TRP007591,2026-04-23,mandi_055,WH-North,15.5,747.5,RJ20BC8119,DRV718
TRP001023,,MANDI-036,WH-South,11.2,553.7,HR55BC6154,DRV821
TRP002288,2026-06-04,MANDI051,WH-East,6.6,306.5,RJ57BC9232,DRV847
TRP008961,,M051,WH-West,,898.7,PB87DF7108,DRV243
TRP006785,2026-04-14,M039,WH-Central,,993.2972238655619,RJ51AB2941,DRV705
TRP008740,,MANDI053,WH-East,21.8,1084.7,HR68BC1561,DRV468
TRP003685,,mandi023,WH-South,7.4,427.6,HR19CD8240,DRV474
TRP001091,,MANDI034,WH-North,23.0,1243.8,DL46AB8932,DRV184
TRP005708,,mandi040,WH-North,12.3,673.6,DL35AB5732,DRV954
TRP000331,,MANDI-001,WH-South,10.8,465.2,PB67CD9439,DRV465
TRP004059,,MANDI027,WH-West,,1234.8,PB22CD5754,
TRP001863,,MANDI044,WH-East,20.4,1199.9,HR64AB6632,DRV790
TRP003413,,MANDI-010,Export-Terminal,12.9,583.0,RJ89CD9602,DRV745
TRP001609,,mandi_006,Export-Terminal,3.5,175.4,RJ47AB1110,
TRP003131,,MANDI056,WH-East,17.2,727.99796534192,HR46CD3299,DRV995
TRP005373,2026-02-06,MANDI049,Export-Terminal,18.5,856.3,RJ64AB9409,DRV763
TRP000550,,mandi048,WH-East,,138.9,UP97BC1126,DRV491
TRP009034,2026-03-26,mandi_054,WH-South,3.0,177.3,RJ40AB8443,
TRP008026,,MANDI030,Export-Terminal,5.0,246.6,UP68BC7959,DRV475
TRP005667,2026-03-25,MANDI-014,WH-North,16.0,920.4,HR41CD7160,DRV209
TRP009660,,M036,WH-North,21.0,1167.4,DL81BC7698,DRV245
TRP000382,,MANDI-049,WH-Central,,103.4,,DRV758
TRP007822,,MANDI050,WH-East,23.0,1286.5,UP85DF1706,DRV769
TRP007598,,mandi_041,WH-East,16.9,899.0,DL25CD8021,DRV347
TRP009440,,mandi_007,WH-Central,23.6,1067.0,HR81BC6763,
TRP001792,,MANDI045,WH-East,24.0,1429.8,DL14BC9155,DRV938
TRP007865,2026-03-13,MANDI010,WH-Central,,1006.2,RJ59AB9996,DRV686
TRP006476,,MANDI004,WH-Central,4.3,209.2,UP58AB3845,DRV872
TRP004881,,M056,Export-Terminal,7.6,419.2,HR76DF5339,DRV744
TRP005573,,MANDI038,Export-Terminal,2.8,134.0,RJ90DF1578,DRV434
TRP004412,,MANDI031,Export-Terminal,7.9,345.6,DL75BC4355,DRV976
TRP002770,,MANDI030,WH-Central,12.3,645.2,HR93CD7896,DRV637
TRP009191,,MANDI-007,Export-Terminal,4.0,167.399532140436,UP79DF6964,DRV704
TRP005581,,MANDI-025,WH-West,22.3,964.0,UP97CD5071,DRV527
TRP004419,,MANDI038,WH-East,16.8,864.9,RJ27AB3828,DRV286
TRP001670,,MANDI-055,WH-Central,6.0,249.4,RJ62BC3189,
TRP003059,,MANDI-007,WH-South,7.8,413.0,PB36AB1604,DRV516
TRP004265,,MANDI038,WH-East,12.0,516.5,DL15CD5149,DRV417
TRP008879,,MANDI020,Export-Terminal,17.8,821.0,RJ31AB3656,DRV556
TRP001663,,MANDI031,Export-Terminal,8.4,369.8,PB28DF1353,DRV358
TRP003777,,mandi_002,WH-Central,15.1,857.99760201012,,DRV540
TRP006150,2026-07-31,mandi046,WH-West,14.2,814.7,UP53BC1116,DRV697
TRP002819,,MANDI006,WH-North,2.2,106.5,,DRV689
TRP007526,,mandi_016,WH-Central,,160.0,RJ73DF1223,DRV742
TRP009391,,MANDI-021,WH-East,,1006.1,DL19DF5878,DRV345
TRP008070,,MANDI057,WH-West,21.3,1087.1,DL62CD7281,DRV523
TRP005710,,mandi_034,WH-Central,14.2,840.9,RJ46DF1763,DRV903
TRP008355,,MANDI-036,WH-North,19.6,1064.9,DL68AB3451,DRV191
TRP004464,,M048,WH-North,13.5,695.7,PB73AB6483,
TRP001351,,MANDI054,WH-West,21.4,1254.396494127616,HR92AB5636,DRV259
TRP003064,2026-07-14,MANDI042,Export-Terminal,,946.697354106038,RJ80CD7527,DRV672
TRP002956,,032,WH-Central,17.0,753.297894631962,UP69BC1152,DRV353
TRP002997,,MANDI051,WH-North,,1045.6,PB43AB6380,DRV676
TRP000145,,mandi_021,Export-Terminal,16.6,919.1,PB35CD3505,DRV846
TRP009936,2026-05-19,mandi056,WH-West,12.7,712.3,,DRV738
TRP004701,,MANDI022,WH-Central,6.6,268.3,DL85BC7363,DRV691
TRP002153,2026-07-07,MANDI045,WH-Central,5.4,248.8,DL65BC3585,DRV853
TRP000759,,MANDI041,WH-South,16.6,975.5,HR54CD9184,DRV633
TRP003353,,MANDI-030,Export-Terminal,,525.8,UP86BC5777,
TRP006593,,MANDI055,WH-East,24.0,1186.2,HR56AB4699,DRV555
TRP002992,,MANDI008,WH-North,5.5,309.6,PB41BC5282,DRV551
TRP002615,2026-02-24,mandi_009,WH-South,,981.7,PB73DF8613,DRV326
TRP007676,,MANDI-050,WH-Central,,903.2,UP61DF4547,DRV510
TRP006297,,MANDI029,WH-East,17.4,952.5,DL73AB4819,DRV648
TRP008898,,MANDI030,WH-South,,856.7,DL32AB3392,DRV919
TRP006557,,M057,Export-Terminal,14.3,617.1,HR21BC2637,DRV114
TRP007400,,mandi_024,WH-West,4.4,218.3,PB90CD2884,
TRP009891,,MANDI-029,WH-Central,11.0,617.7,DL24DF9803,DRV385
TRP004503,2026-08-24,mandi048,Export-Terminal,4.4,178.299501676462,HR13CD1423,DRV690
TRP000432,,mandi_047,WH-West,,893.7975019541319,HR26BC1700,
TRP000765,,MANDI057,WH-North,4.4,237.4,,DRV805
TRP000001,,mandi_022,WH-Central,4.9,218.8,HR24DF8206,DRV454
TRP002620,,mandi057,WH-West,5.2,211.1,UP74DF8951,DRV493
TRP000350,,M035,WH-North,,560.8,HR71CD2110,DRV449
TRP004398,,MANDI006,Export-Terminal,6.5,333.7,,
TRP006404,,MANDI-055,Export-Terminal,17.8,941.3,PB58BC2275,
TRP001886,,mandi_046,WH-North,15.1,823.4,DL43DF3527,DRV329
TRP008252,2026-07-12,mandi_048,WH-South,9.9,487.49863750575,RJ48DF1583,DRV205
TRP008727,,mandi_005,WH-North,19.3,796.7977730555519,UP21DF7151,DRV357
TRP005380,,MANDI003,WH-Central,2.5,113.7,PB40DF3879,DRV948
TRP001473,,mandi027,WH-Central,17.2,711.6,,DRV497
TRP004195,2026-01-18,MANDI032,WH-North,10.3,454.1,UP14CD6595,DRV872
TRP001331,,M023,WH-South,5.3,230.89935466682599,PB18DF1953,DRV937
TRP003896,2026-04-23,M040,WH-South,16.1,657.2,RJ28DF3173,DRV931
TRP008284,2026-06-25,MANDI-037,Export-Terminal,16.2,660.4,RJ70BC3791,DRV230
TRP002233,,mandi035,WH-Central,23.6,1084.3,DL39CD1032,DRV864
TRP002969,,MANDI034,WH-South,17.7,746.9,RJ46DF5160,DRV309
TRP007987,,MANDI056,WH-South,16.9,887.1,PB75BC6494,DRV275
TRP005157,,mandi015,WH-West,23.6,944.6,,DRV282
TRP001394,,MANDI-020,WH-West,10.5,453.2,PB49DF4473,DRV742
TRP003938,2026-04-11,MANDI022,WH-Central,,1276.8,PB54DF5776,DRV742
TRP001958,2026-04-06,MANDI-025,WH-South,22.9,1142.4,DL98CD1946,DRV146
TRP009528,,mandi020,WH-Central,3.5,190.3,DL47AB3694,DRV248
TRP006569,,MANDI055,WH-East,,813.2,PB66DF8391,DRV301
TRP009777,,002,WH-East,13.6,556.3,PB27AB6655,DRV535
TRP004193,,MANDI016,WH-Central,21.6,890.9,UP58DF3352,DRV497
TRP001114,,mandi025,WH-Central,14.4,783.9,UP82CD5500,DRV183
TRP003246,,029,WH-Central,20.5,920.1,HR66CD3899,DRV236
TRP006364,,MANDI046,WH-North,8.3,389.0,UP12BC1441,DRV704
TRP001455,,MANDI010,Export-Terminal,20.6,1218.0,DL91DF1149,DRV421
TRP009254,,MANDI056,WH-North,23.3,933.4,DL56AB5629,
TRP008873,,M029,WH-North,10.1,498.0,DL87DF4786,DRV192
TRP007384,2026-06-06,mandi046,WH-West,5.0,280.0,UP41DF4444,DRV590
TRP009082,,mandi_055,WH-Central,,904.2,RJ16AB7381,
TRP000783,,MANDI-051,WH-Central,3.5,162.699545276278,,DRV646
TRP002493,2026-02-01,MANDI004,Export-Terminal,9.7,438.8,,
TRP003974,,mandi_046,WH-West,21.8,1270.7,RJ51DF3258,DRV885
TRP001124,,mandi_012,WH-North,3.2,184.3,RJ33DF2709,DRV219
TRP000317,2026-08-23,mandi023,WH-South,15.8,814.0,RJ71AB6154,DRV700
TRP009175,,MANDI-037,WH-East,14.3,698.99804639286,DL62CD6093,DRV745
TRP003922,,mandi_050,Export-Terminal,,1044.4,,DRV452
TRP003400,2026-06-08,M018,WH-East,5.2,262.6,DL84AB7135,DRV554
TRP005562,,MANDI-049,Export-Terminal,,1185.4,DL78BC5995,DRV934
TRP003317,2026-01-11,MANDI016,WH-South,23.2,1192.0966682473938,RJ38AB5197,DRV238
TRP003211,,M054,Export-Terminal,8.6,355.699005868298,UP47CD8783,DRV686
TRP002110,,M017,WH-West,23.4,1028.6971249275182,RJ89AB1319,DRV667
TRP007119,,MANDI007,WH-East,15.6,837.897658186806,RJ98DF6437,DRV146
TRP009948,2026-06-19,MANDI037,WH-North,19.5,984.6,HR78AB3639,DRV658
TRP007353,,MANDI-004,WH-Central,6.1,358.5,,
TRP008035,,M012,WH-Central,15.3,834.2,PB17DF3416,DRV785
TRP009810,,mandi_049,WH-North,15.7,886.697521797638,RJ57BC3932,DRV136
TRP002010,,MANDI021,WH-East,,442.0,PB41CD4717,DRV520
TRP008705,2026-04-26,M026,WH-East,5.2,284.2,DL58CD3341,
TRP002128,,MANDI-012,WH-South,15.0,782.8,HR39DF8887,DRV880
TRP001776,,mandi_042,WH-South,5.6,271.3,,
TRP005699,,MANDI052,WH-Central,6.3,284.5,PB88DF2526,DRV706
TRP000104,,M056,Export-Terminal,23.4,1153.6,,DRV359
TRP006867,,M024,WH-Central,19.1,1055.0,,DRV265
TRP002883,,mandi002,WH-East,6.9,289.6,PB32BC5220,DRV949
TRP005304,,MANDI047,WH-East,14.4,684.0,PB24CD9918,DRV367
TRP008386,,MANDI-046,WH-East,6.6,310.0,PB46CD7736,DRV313
TRP002626,2026-09-06,M039,WH-South,,651.298179707682,PB67CD9680,DRV963
TRP000757,,MANDI056,WH-West,10.8,632.4,UP46DF2794,DRV393
TRP001747,,MANDI002,Export-Terminal,12.2,488.898633592946,PB23CD5893,DRV230
TRP003083,2026-07-27,M034,WH-West,,339.6,,DRV873
TRP008232,,MANDI008,WH-East,13.4,614.1,RJ85DF9472,DRV409
TRP008653,,MANDI033,WH-South,,1200.5,PB40BC8039,
TRP003980,,MANDI042,WH-East,,583.7,UP32BC7587,DRV182
TRP001577,,mandi_012,WH-North,19.4,990.5,HR73BC7182,
TRP007613,,mandi037,WH-South,18.1,878.2,UP62AB5889,DRV136
TRP002751,,MANDI003,WH-Central,4.9,287.6,UP50CD3806,DRV274
TRP003393,,mandi_024,WH-North,10.5,613.3,RJ22DF9465,DRV323
TRP002184,,MANDI028,WH-Central,19.9,847.3,PB69BC2160,DRV398
TRP008250,,mandi_023,WH-West,,814.8,HR75CD8117,DRV254
TRP008689,,MANDI008,Export-Terminal,10.4,464.5,,
TRP001598,,MANDI-024,WH-South,11.1,607.3,UP33AB9467,DRV651
TRP005704,2026-02-01,MANDI010,WH-South,17.6,809.2,,DRV668
TRP000568,,MANDI040,WH-East,15.7,826.6,PB43CD6306,DRV833
TRP007034,,mandi_014,WH-South,5.1,278.4,HR54AB4740,
TRP003413,,MANDI-010,Export-Terminal,12.9,583.0,RJ89CD9602,DRV745
TRP004422,,MANDI012,WH-Central,8.8,415.7,UP20BC5166,DRV513
TRP005689,,MANDI053,WH-North,11.7,493.2,RJ30BC6119,DRV219
TRP005837,,MANDI002,WH-North,16.0,743.6,DL27DF3457,
TRP007423,2026-04-10,MANDI-026,Export-Terminal,12.9,607.6,HR81AB9555,DRV812
TRP002255,2026-03-25,mandi009,WH-South,2.8,159.799553381372,UP69AB7123,DRV297
TRP002418,,MANDI-044,WH-East,21.5,1069.7,DL36AB1918,DRV113
TRP006449,,MANDI057,WH-West,13.3,605.1,DL41DF7582,DRV242
TRP002685,,MANDI002,WH-Central,23.0,1053.9,DL82DF2439,DRV194
TRP003705,,MANDI005,WH-South,5.0,247.4,,DRV864
TRP003461,,MANDI055,WH-West,9.1,448.89874538734597,RJ17BC5384,
TRP006924,,MANDI029,WH-South,22.0,1068.4,HR46BC8031,DRV504
TRP004475,2026-03-18,M053,WH-North,7.6,406.49886388941,,DRV911
TRP008334,,MANDI048,Export-Terminal,,753.6,DL76AB5948,DRV718
TRP000765,,MANDI057,WH-North,4.4,237.4,,DRV805
TRP007773,,MANDI002,WH-Central,16.1,806.9,DL86DF6891,DRV962
TRP000037,,MANDI040,WH-East,,1048.2970701482618,RJ19AB9226,DRV196
TRP003066,,MANDI-048,WH-West,6.6,362.6,HR58AB7152,DRV977
TRP007066,,MANDI047,WH-North,13.8,687.6,,DRV419
TRP005951,,MANDI-043,WH-South,8.2,371.8,HR58CD2954,DRV716
TRP001255,2026-03-02,MANDI007,WH-East,5.1,267.4,HR20DF1127,
TRP009189,2026-05-05,mandi_039,WH-East,,1282.2,HR82CD8840,DRV616
TRP001195,,mandi042,WH-West,,887.0975206796941,UP33BC5758,DRV851
TRP005419,2026-02-19,MANDI053,WH-East,16.3,726.9,UP65AB7793,DRV637
TRP003275,2026-07-10,mandi_020,WH-West,14.3,678.99810229006,RJ13CD7878,
TRP008317,2026-01-06,MANDI022,WH-East,,269.1,DL75DF9225,DRV871
TRP005764,,M042,WH-South,2.7,148.4,PB60BC9605,DRV921
TRP006626,,MANDI-049,WH-East,4.8,195.5,RJ16CD9686,DRV929
TRP005199,2026-02-20,mandi_025,WH-East,3.7,165.599537171184,PB90DF5227,DRV190
TRP005205,,MANDI-010,WH-East,10.2,452.5,UP31AB5634,DRV452
TRP007836,,MANDI010,WH-North,20.4,907.0,HR12AB1551,DRV969
TRP008541,,MANDI009,WH-West,6.9,410.4,HR21BC3034,DRV897
TRP002743,,MANDI008,WH-Central,22.1,978.1,RJ91DF8743,
TRP003773,,mandi_036,Export-Terminal,4.6,209.1,,DRV566
TRP004123,,mandi056,WH-North,6.5,374.0,DL39AB3043,DRV758
TRP003934,2026-02-18,006,WH-South,9.6,459.6,UP17CD8251,
TRP001502,,MANDI011,Export-Terminal,,150.3,HR17AB3440,DRV452
TRP002185,,MANDI042,WH-Central,7.1,297.2,PB33DF3521,DRV598
TRP005392,,MANDI008,WH-East,4.9,267.39925265443594,PB33AB1503,DRV371
TRP007590,,MANDI027,WH-East,4.4,223.2,,DRV397
TRP009300,,MANDI057,WH-North,8.1,481.8,,DRV247
TRP000638,2026-08-05,MANDI-016,Export-Terminal,10.5,437.4,HR99CD6404,DRV328
TRP001072,,MANDI022,WH-South,9.9,448.3,PB97CD2757,
TRP005280,,mandi034,WH-Central,23.0,1354.5,PB39DF8481,DRV774
TRP006031,,M026,WH-North,16.7,918.5,HR65AB6351,DRV872
TRP001191,,MANDI022,WH-South,,611.2,,DRV377
TRP006424,,MANDI002,WH-West,12.9,573.0,DL54BC7107,DRV431
TRP003334,,MANDI012,WH-West,,424.5,HR71AB3139,DRV211
TRP004619,,MANDI021,WH-Central,3.0,145.6,,DRV846
TRP002996,,MANDI001,Export-Terminal,4.3,181.3,HR48CD7039,DRV328
TRP000150,2026-08-15,MANDI050,WH-Central,2.9,141.1,DL93AB2887,DRV958
TRP006387,,mandi004,WH-North,15.2,819.4,PB50BC2409,DRV854
TRP008748,2026-08-24,MANDI014,WH-North,15.5,774.1,DL74BC4365,DRV805
TRP009025,,MANDI048,WH-South,,664.7,UP67AB6561,DRV652
TRP001316,,MANDI007,WH-East,,367.6,PB14CD1247,DRV769
TRP008208,,MANDI-015,WH-South,23.3,1014.5,,DRV231
TRP009896,,MANDI033,WH-South,23.3,1219.3,,DRV339
TRP008460,,mandi_050,Export-Terminal,,687.5,HR81BC8909,
TRP001607,,mandi030,WH-East,,564.598422022044,UP18BC7289,DRV477
TRP003529,,MANDI-053,Export-Terminal,11.6,654.2,PB10CD2511,DRV596
TRP000802,,mandi055,Export-Terminal,,137.7,PB95BC3162,DRV352
TRP005265,,MANDI041,WH-West,20.9,1032.2,HR51DF5676,DRV885
TRP008815,,MANDI046,WH-North,,238.1,RJ58AB5461,
TRP007361,,MANDI037,Export-Terminal,20.7,1227.0,UP58CD6136,
TRP000743,,mandi_003,WH-West,9.7,390.0,HR69DF6527,DRV188
TRP009375,,mandi023,WH-South,,1142.3,,DRV596
TRP006534,,M024,WH-West,18.4,917.7,HR74BC4794,DRV313
TRP004413,,MANDI057,WH-West,16.6,884.3,,DRV556
TRP004768,,MANDI056,WH-West,,607.5,DL10DF6666,DRV616
TRP007953,2026-06-04,mandi_016,WH-South,14.9,751.0,UP97CD2172,DRV910
TRP002311,2026-05-29,MANDI044,WH-North,22.7,1052.9,HR82DF5025,DRV835
TRP006139,,MANDI-020,WH-East,,1379.2,RJ50DF2321,
TRP008582,,MANDI043,WH-South,15.4,792.3,PB39CD3779,DRV888
TRP006852,,mandi_017,WH-Central,,234.399344884816,DL63DF8422,DRV526
TRP007875,2026-07-12,MANDI037,WH-North,,309.1,,DRV473
TRP000800,,MANDI-011,WH-Central,21.3,953.9973337035599,RJ72BC9884,DRV355
TRP007969,,MANDI038,Export-Terminal,10.6,465.3,UP87DF4883,DRV890
TRP005014,2026-03-20,051,WH-North,17.9,912.5,DL80AB7017,DRV320
TRP006995,,mandi_054,WH-South,19.3,953.6,DL27AB3496,DRV601
TRP009153,,MANDI035,WH-West,20.3,1158.7,DL57CD3014,DRV983
TRP001211,,MANDI047,WH-West,9.5,427.4,HR92BC2935,DRV592
TRP007451,,MANDI018,WH-East,7.5,410.5,PB40AB2444,DRV243
TRP009403,,MANDI-031,WH-East,23.5,1219.8,DL83CD6510,DRV159
TRP003838,,MANDI-037,WH-North,22.8,1238.7,DL34DF4645,DRV838
TRP003205,,M035,WH-West,,1086.7,,DRV250
TRP004872,,MANDI041,WH-West,14.2,790.297791222142,UP90CD5362,
TRP001189,,mandi_005,WH-East,10.9,487.0,RJ93DF9913,DRV138
TRP007885,,MANDI-016,WH-Central,5.4,276.4,HR35AB9621,
TRP005004,,M034,Export-Terminal,17.6,1050.9,HR12AB7484,DRV485
TRP000587,,MANDI023,WH-North,21.3,1085.5,PB99DF3287,DRV804
TRP001796,2026-08-01,mandi_017,WH-West,,212.2,PB23BC1410,DRV877
TRP002228,,MANDI030,Export-Terminal,16.5,956.4,RJ54DF9025,DRV323
TRP007742,,MANDI011,WH-East,15.7,819.1,UP64AB8888,DRV872
TRP002725,2026-06-22,mandi046,WH-North,9.6,526.0,PB73BC9321,DRV219
TRP001693,2026-05-17,MANDI001,WH-North,23.8,1311.8,DL61AB7736,DRV938
TRP009993,,049,WH-East,18.1,902.9,PB82BC4730,DRV775
TRP008929,,039,WH-Central,11.9,700.0,,DRV297
TRP008795,,MANDI056,WH-North,15.1,611.0,UP98CD2323,DRV156
TRP000024,,M026,WH-South,16.3,770.1,HR35AB5451,DRV615
TRP008389,,MANDI029,WH-East,2.5,113.1,HR86DF1326,DRV453
TRP004657,,MANDI037,WH-South,10.0,584.0,HR76CD6894,
TRP000790,,mandi_038,WH-North,,407.6,DL77BC8313,DRV524
TRP009101,,MANDI057,WH-Central,20.0,1082.6969740050781,UP16AB5989,DRV849
TRP007573,,M040,WH-West,14.7,678.3,UP42DF4935,DRV794
TRP006320,,M042,WH-East,7.1,328.1,HR69CD4934,
TRP009305,,MANDI003,WH-North,,104.9,UP25BC9550,DRV136
TRP008095,,mandi_007,WH-North,6.7,379.6,UP87AB8979,DRV733
TRP001512,2026-05-30,M053,WH-Central,22.6,1263.4,HR19DF4925,DRV314
TRP003239,,mandi020,WH-South,21.6,1134.2,PB60CD7848,DRV481
TRP002129,,MANDI-014,WH-North,22.3,1273.2,UP10CD1554,DRV388
TRP004852,2026-03-07,mandi_032,WH-North,6.6,390.298909166142,,DRV515
TRP006540,2026-01-01,MANDI-045,WH-North,9.3,392.9,PB41DF8835,DRV961
TRP006253,2026-01-30,mandi_034,WH-East,10.4,520.8,DL25BC8180,
TRP005523,,MANDI054,WH-Central,11.3,502.8,DL89AB3979,DRV367
TRP009031,2026-01-28,MANDI-024,WH-East,11.2,512.3,RJ28BC6993,DRV107
TRP000606,,MANDI029,WH-South,18.5,746.6,DL10DF3170,
TRP008328,,MANDI-009,Export-Terminal,20.0,1076.49699133321,DL85DF7834,DRV986
TRP009929,,mandi_032,WH-West,18.7,1001.1,HR21AB4249,DRV693
TRP000994,,MANDI044,WH-North,22.6,1342.2,HR33AB2347,DRV517
TRP004002,,M008,WH-West,2.2,112.8,UP91DF4890,DRV263
TRP003099,2026-06-10,mandi_009,WH-East,7.1,344.5,UP82BC6409,DRV573
TRP006179,,M024,WH-East,10.3,567.9,PB91AB2132,DRV201
TRP001509,,MANDI043,WH-East,12.0,705.4,,DRV314
TRP005455,2026-03-02,MANDI031,WH-East,20.2,1182.8,HR26AB3429,DRV622
TRP003711,,MANDI027,WH-Central,14.5,801.9,DL41AB4047,DRV214
TRP004901,,MANDI007,WH-West,16.1,884.4,HR95CD9256,DRV882
TRP003080,,MANDI-033,WH-West,13.5,641.6,,DRV172
TRP004538,2026-02-22,MANDI011,Export-Terminal,21.8,1209.4,,DRV169
TRP003853,,MANDI-012,WH-Central,,867.7,RJ38CD6357,
TRP003439,,mandi_003,WH-Central,13.2,633.7,,DRV227
TRP007895,,MANDI040,WH-South,9.6,419.5,,
TRP003155,,mandi005,WH-Central,6.3,323.3,UP22AB1201,DRV871
TRP007441,,mandi_019,Export-Terminal,22.9,1351.9,RJ82CD3953,DRV224
TRP008561,,M012,WH-South,,865.4,UP50DF6859,DRV370
TRP002555,2026-05-22,MANDI045,WH-West,10.8,460.1,DL20BC2009,DRV985
TRP004336,,mandi044,WH-North,5.7,329.5,RJ49DF2856,DRV372
TRP008989,2026-07-16,MANDI-048,WH-Central,11.3,665.49814002067,RJ74BC5786,
TRP001254,,MANDI041,WH-South,18.2,1013.2,,
TRP005235,,mandi_007,Export-Terminal,,899.597485743944,,DRV783
TRP009276,,MANDI032,WH-Central,,898.9,UP47DF7226,DRV386
TRP000361,,MANDI042,WH-West,2.7,125.0,UP39BC6547,DRV185
TRP002535,,MANDI005,WH-North,,709.8,RJ74BC4950,DRV740
TRP004310,,M011,WH-East,23.6,1240.0,UP41CD4144,DRV103
TRP008108,,MANDI002,Export-Terminal,20.1,897.9,HR42AB5732,DRV428
TRP007606,,MANDI051,WH-Central,,868.8,UP75AB1831,DRV902
TRP009389,,MANDI024,WH-Central,13.3,647.6,RJ60DF8275,DRV997
TRP005607,2026-06-03,MANDI022,WH-North,3.2,182.7,PB75BC5226,DRV634
TRP008738,2026-09-06,MANDI-056,WH-West,14.3,639.9,PB41DF2564,
TRP005724,,MANDI025,WH-Central,22.0,1182.8,DL13BC6570,DRV962
TRP004437,,MANDI026,WH-Central,15.1,676.9,DL51DF6509,DRV175
TRP000268,,mandi037,WH-Central,8.3,394.5,,
TRP005065,,mandi_046,WH-Central,15.3,717.0,RJ45AB8006,
TRP001865,2026-03-23,MANDI050,WH-West,23.5,1280.7,HR54DF1657,
TRP009608,2026-02-21,MANDI001,Export-Terminal,8.5,368.7,HR12DF1924,DRV124
TRP007699,,MANDI007,WH-South,,600.1,PB30AB5818,DRV849
TRP003146,,MANDI036,WH-East,17.1,720.1,UP74CD9506,DRV272
TRP003026,,MANDI005,WH-West,7.3,294.9,HR19AB5568,DRV722
TRP000739,,mandi_009,Export-Terminal,8.6,476.5,HR99DF3808,DRV711
TRP009058,,MANDI038,WH-North,19.9,1185.7,PB27CD1976,DRV101
TRP000966,,M054,WH-South,21.1,1031.0,,DRV332
TRP000253,,MANDI021,WH-South,,1091.8,,DRV253
TRP004098,,MANDI003,WH-North,15.0,601.1,HR49BC5042,DRV741
TRP008087,,mandi_019,WH-Central,,147.899586640206,HR81BC8600,DRV510
TRP000051,,MANDI003,Export-Terminal,4.3,251.8,,DRV136
TRP005899,,MANDI049,WH-West,18.0,963.0,PB37BC1109,
TRP002909,,mandi_048,Export-Terminal,,360.1,DL11DF2251,DRV360
TRP009256,,MANDI039,WH-Central,,856.5,DL84DF2700,DRV577
TRP000873,,M040,WH-Central,4.6,252.99929290042,HR37DF7661,DRV645
TRP006427,2026-07-15,mandi044,WH-South,3.5,150.9,UP96DF2527,DRV974
TRP008278,,mandi034,Export-Terminal,7.8,393.3,UP89DF7893,DRV653
TRP008297,,mandi_014,WH-West,14.8,831.7,UP68BC6756,DRV190
TRP003534,,MANDI037,WH-Central,,416.2,,
TRP009792,,MANDI048,WH-South,8.0,472.7,UP98AB6579,DRV117
TRP008188,,MANDI-051,WH-West,16.5,930.6,DL73AB6909,DRV575
TRP009740,,M037,Export-Terminal,,645.198196756328,RJ68AB5388,DRV106
TRP000249,,MANDI021,WH-East,19.1,834.0,RJ44DF1370,
TRP003007,2026-02-28,MANDI017,WH-North,12.2,714.0,,
TRP007002,,MANDI-019,Export-Terminal,15.0,745.0,DL94BC2610,DRV236
TRP005615,,mandi012,WH-South,15.7,849.5,,DRV855
TRP002485,,MANDI005,WH-West,,619.0,,DRV703
TRP006126,2026-03-27,MANDI-044,WH-East,,551.3,PB93CD3180,DRV404
TRP000972,,MANDI015,Export-Terminal,13.9,727.1,UP63CD9059,DRV850
TRP002681,,mandi056,WH-East,3.5,205.1,HR92AB6152,DRV523
TRP003167,,MANDI002,WH-West,12.4,599.8,PB55CD5117,DRV857
TRP006316,,MANDI041,Export-Terminal,11.7,468.3,UP62BC9112,
TRP002408,,MANDI014,WH-North,,222.6,,DRV830
TRP002453,,mandi041,WH-West,14.5,768.5,RJ64BC7599,DRV878
TRP006309,2026-07-20,MANDI002,WH-East,,356.3,PB27AB5548,DRV794
TRP008851,,MANDI-051,WH-South,8.0,367.1,HR38AB4312,DRV948
TRP003913,2026-04-04,MANDI040,WH-North,19.2,1006.7,HR66BC3317,DRV350
TRP000448,,mandi_056,Export-Terminal,9.9,533.1,DL92BC2680,
TRP003458,,mandi044,Export-Terminal,22.8,1167.696736441978,,DRV200
TRP008775,,mandi_030,WH-East,14.7,869.897568751286,PB81CD4573,DRV439
TRP009166,,MANDI020,WH-Central,23.6,994.2,RJ59CD7974,DRV929
TRP008029,,MANDI-035,WH-Central,13.5,631.2982356048819,DL72BC7799,DRV948
TRP005609,2026-04-29,M037,WH-North,23.8,1297.2,DL32DF1927,DRV798
TRP005862,,MANDI-052,WH-East,5.5,293.2,HR90CD9189,DRV191
TRP003574,,051,WH-Central,8.8,358.09899916063404,PB77BC9637,DRV455
TRP004886,,MANDI005,Export-Terminal,4.8,261.3,UP96DF3082,DRV175
TRP000462,,MANDI-037,WH-East,,1088.3,RJ43DF4771,DRV261
TRP008604,,MANDI038,WH-North,17.7,774.7,PB57BC1878,DRV436
TRP003617,,MANDI-029,WH-Central,16.8,694.5,HR43AB5188,DRV182
TRP004490,,MANDI048,Export-Terminal,4.9,196.0,DL27BC9892,
TRP005475,2026-03-23,MANDI028,WH-East,10.3,486.4,PB98DF1442,DRV581
TRP005938,,MANDI-044,WH-East,9.5,499.7,DL25DF2367,DRV453
TRP001176,2026-08-09,mandi034,WH-West,12.1,658.1,,DRV986
TRP000377,,MANDI023,WH-West,10.6,484.8,PB14BC3041,DRV533
TRP000411,,MANDI035,WH-East,11.1,658.4,RJ16CD7271,DRV363
TRP007111,,035,WH-East,15.2,707.2,PB75DF1401,DRV600
TRP003743,,031,WH-West,2.5,148.299585522262,PB88BC8914,DRV139
TRP009264,,mandi_007,WH-Central,2.3,94.4,PB49CD6615,DRV380
TRP001689,,MANDI023,WH-West,8.3,355.9,HR40AB4733,DRV443
TRP009945,,mandi037,Export-Terminal,14.8,677.2,PB33DF2424,DRV626
TRP007637,,052,WH-South,14.4,624.698254050958,RJ90CD3858,DRV960
TRP007239,,MANDI037,WH-East,16.6,842.9,,DRV516
TRP002158,,MANDI033,Export-Terminal,14.7,847.897630238206,UP45CD1358,DRV769
TRP002289,,MANDI053,WH-North,9.6,435.7,UP46BC4252,DRV350
TRP003123,,MANDI036,WH-East,17.1,806.7,UP54CD4789,DRV288
TRP003449,,mandi_036,WH-North,13.0,535.7,PB76AB4112,DRV347
TRP008803,,MANDI019,WH-East,10.3,565.0,PB86CD3282,DRV740
TRP000275,,MANDI001,WH-South,20.8,1033.1,UP39BC4036,DRV243
TRP008306,,MANDI-014,WH-West,14.7,776.0,DL51AB2351,DRV359
TRP002013,,mandi_003,WH-West,16.2,667.1,RJ94BC4187,DRV692
TRP009181,,M042,Export-Terminal,7.3,344.7,HR98BC6408,DRV969
TRP009909,,MANDI007,WH-East,9.2,482.0,,DRV156
TRP005800,,MANDI046,WH-West,15.7,787.9977976503201,PB90DF4027,DRV163
TRP002508,,mandi_012,WH-East,16.3,657.4,DL40DF5978,DRV504
TRP004274,,mandi_001,WH-South,21.5,932.8973926751061,DL70BC4675,DRV490
TRP008518,,mandi_022,WH-Central,23.5,1171.5,HR55BC3794,
TRP006068,,MANDI001,WH-West,21.0,942.0,HR75BC7763,DRV427
TRP005863,,MANDI026,WH-West,,1021.99714365308,PB38CD7669,DRV398
TRP001579,,MANDI015,WH-East,21.3,975.3,PB21AB6242,
TRP005525,,MANDI020,WH-East,13.0,684.6,,DRV742
TRP005378,,mandi_057,WH-Central,3.4,139.5,HR81CD6239,DRV326
TRP002488,,019,WH-Central,12.4,631.3,,DRV383
TRP000468,,MANDI021,WH-West,22.6,906.9,DL41AB9900,DRV170
TRP004247,,MANDI019,WH-North,16.0,817.2,PB66CD7513,DRV414
TRP003946,,MANDI030,WH-West,3.9,231.3,,DRV498
TRP005804,,mandi036,WH-North,5.2,293.6,HR50CD3957,
TRP003603,,012,WH-North,,507.7,RJ78AB8566,DRV555
TRP001834,,MANDI032,WH-East,9.5,429.5987993281441,HR71DF9652,DRV615
TRP003929,,M035,WH-West,,931.3,,DRV890
TRP000514,,mandi003,Export-Terminal,11.2,488.2,HR22BC7525,DRV775
TRP009904,,M001,WH-East,20.3,1150.2,DL75AB3611,DRV138
TRP007792,,mandi_004,WH-South,3.1,177.0,UP42CD5419,DRV197
TRP005398,,MANDI025,WH-South,3.9,189.5,HR66CD4817,
TRP009535,,057,Export-Terminal,14.7,716.8,HR38AB2630,DRV500
TRP000922,,M041,WH-South,3.7,211.2,PB71DF9688,DRV109
TRP007872,,M057,Export-Terminal,9.1,480.598656790284,DL94CD7214,DRV575
TRP006837,,MANDI053,WH-East,2.4,124.3,PB55AB9063,
TRP005839,,MANDI-055,WH-East,11.5,543.6,UP46BC1035,DRV624
TRP009683,,MANDI050,Export-Terminal,10.0,577.9,PB13DF4438,DRV923
TRP000475,,MANDI025,WH-West,15.6,805.3,DL20BC6804,DRV805
TRP004302,,M026,WH-North,3.1,138.0,,DRV218
TRP002037,,mandi055,Export-Terminal,,698.3,DL72BC4336,DRV513
TRP005200,2026-03-09,M027,WH-West,9.1,544.9984768013001,,DRV880
TRP004246,,MANDI023,WH-North,13.2,587.2,UP83CD5334,DRV517
TRP004533,2026-09-06,MANDI013,WH-East,20.5,972.6,DL63AB3122,DRV453
TRP009530,,MANDI027,WH-East,5.5,233.7,DL74AB4879,DRV876
TRP000093,,MANDI-017,WH-South,7.8,341.5,DL11CD5128,DRV289
TRP008273,,mandi003,WH-Central,,994.9972191142999,PB14CD9592,DRV873
TRP000481,,MANDI-030,Export-Terminal,9.5,467.7,RJ72BC9940,DRV342
TRP002302,,mandi_029,WH-East,19.8,892.1,PB91DF1386,DRV770
TRP004672,,MANDI004,WH-North,13.2,643.9,RJ39CD6850,DRV798
TRP009383,,MANDI-048,WH-West,2.9,155.4,UP59DF6072,
TRP006562,,mandi024,WH-Central,,226.99936556678,RJ84CD1609,DRV915
TRP004421,,M011,Export-Terminal,17.2,733.5,DL31AB8468,DRV870
TRP005051,2026-01-02,MANDI023,WH-North,18.9,986.6,DL46CD4805,DRV547
TRP006521,,MANDI041,WH-South,11.3,502.3,PB16AB1613,
TRP003718,2026-07-14,MANDI051,WH-South,22.5,1322.0,UP71AB7186,DRV762
TRP003129,2026-01-15,MANDI-042,WH-West,,588.4,DL22AB3545,DRV404
TRP004090,,MANDI036,WH-East,2.8,148.4,UP58BC2600,DRV793
TRP007457,2026-01-20,002,WH-North,21.6,1189.0966766319739,HR92BC2804,DRV972
TRP004814,,MANDI034,WH-South,13.5,749.8,DL12BC5372,DRV795
TRP004986,2026-08-27,mandi021,Export-Terminal,20.7,1045.7970771354119,RJ40AB7293,DRV303
TRP007293,,036,WH-South,2.4,118.1,PB74CD8797,DRV835
TRP008110,2026-03-26,MANDI055,Export-Terminal,17.8,1018.197154273548,PB11AB2036,DRV481
TRP004194,,MANDI034,WH-Central,6.5,299.0,PB65CD3353,DRV473
TRP004695,,mandi_054,WH-East,2.4,121.6,DL49AB7297,DRV845
TRP002321,2026-02-20,MANDI043,WH-North,17.9,805.097749858214,RJ42BC3504,
TRP003313,,003,WH-North,22.2,1207.2966257655219,,DRV403
TRP004487,,MANDI027,WH-West,9.8,402.0,,
TRP000715,,MANDI028,WH-South,16.3,712.1,RJ28CD3319,DRV329
TRP003280,2026-03-04,mandi_023,WH-South,3.8,217.7,HR84DF1530,DRV276
TRP008360,,MANDI043,WH-South,17.0,1007.1,UP18DF7840,
TRP004166,,046,WH-South,4.8,210.8,PB71CD8921,
TRP009081,,M012,WH-East,4.7,244.4,UP41AB2834,
TRP007656,,mandi_039,WH-North,20.3,833.6976699252181,,
TRP005698,,MANDI009,WH-East,15.4,641.7,UP92AB4102,DRV481
TRP002272,,MANDI008,WH-East,10.5,617.3,HR28BC9807,DRV198
TRP005198,,MANDI040,WH-Central,11.2,491.2,HR13AB3420,DRV312
TRP008687,2026-06-20,MANDI-007,WH-West,7.4,298.4,UP17BC1667,DRV700
TRP001021,,mandi_036,WH-Central,11.9,673.5,DL37DF5648,DRV841
TRP000706,,MANDI055,WH-Central,21.3,1146.2,PB36CD8134,DRV570
TRP007317,,mandi_041,WH-Central,4.2,235.1,RJ71DF8544,DRV255
TRP006086,2026-01-02,MANDI-022,WH-West,21.4,1177.9,PB24DF8426,DRV235
TRP008799,2026-07-08,MANDI022,WH-North,13.5,590.6,,DRV242
TRP007192,,MANDI050,WH-East,19.5,1037.4,PB93CD9320,DRV306
TRP004845,2026-05-23,MANDI009,WH-North,4.6,215.6,,
TRP008421,,MANDI016,WH-South,18.6,933.0,PB99AB2438,DRV884
TRP000909,2026-03-21,MANDI-011,WH-Central,,278.0,,DRV621
TRP005732,,MANDI039,WH-South,,938.3,HR36CD5236,
TRP003039,2026-03-16,M032,WH-Central,5.4,232.99934879761997,UP74AB5828,DRV766
TRP001517,,M053,WH-Central,14.3,814.797722748072,PB80BC2087,DRV162
TRP006917,2026-01-04,MANDI021,Export-Terminal,15.4,877.9,PB72BC3295,
TRP008286,,mandi028,WH-Central,12.9,576.99838736578,RJ15CD4249,DRV530
TRP004396,2026-06-01,MANDI041,WH-South,14.7,825.6,RJ19CD6938,DRV525
TRP003056,,MANDI-044,WH-South,10.6,518.6,DL34CD4626,DRV809
TRP003542,,041,WH-South,9.1,449.5,HR94DF5513,DRV436
TRP000595,,MANDI-005,Export-Terminal,15.4,704.6,,DRV296
TRP007108,,MANDI056,WH-Central,,646.598192843524,PB74AB6839,DRV683
TRP000441,,MANDI048,Export-Terminal,,855.7,PB59BC7254,DRV677
TRP006066,,MANDI-030,WH-South,20.4,1064.3,,DRV584
TRP002772,2026-07-28,MANDI013,WH-North,13.5,729.3,PB79BC6012,DRV598
TRP005083,,MANDI054,WH-Central,21.9,1032.8971131891062,PB95AB1405,DRV790
TRP005299,,M044,WH-West,6.5,339.899050027086,UP87CD3509,DRV908
TRP005146,,mandi_013,WH-North,19.4,959.0,HR10DF7209,
TRP000011,,MANDI-049,WH-South,15.3,915.7,HR98AB4542,DRV962
TRP009732,,MANDI037,Export-Terminal,17.3,843.4,DL30AB6906,DRV389
TRP006254,,MANDI051,WH-East,10.2,558.4,UP88AB2148,DRV455
TRP001852,2026-05-29,mandi009,WH-West,19.3,1119.7,RJ70DF8306,DRV653
TRP006856,,MANDI036,WH-Central,8.0,465.79869815421205,RJ92BC2922,DRV646
TRP000094,,MANDI013,WH-East,8.1,331.4,UP98AB7313,DRV923
TRP003028,,MANDI043,WH-North,22.6,986.3,,DRV174
TRP005206,2026-07-26,mandi_023,WH-South,4.5,199.799441586972,HR51CD1703,DRV701
TRP007507,,MANDI050,WH-South,9.1,416.7,HR39AB7728,DRV876
TRP004834,,mandi031,WH-Central,4.7,274.3,HR89AB5726,DRV920
TRP007584,,mandi_015,WH-Central,14.2,748.2,RJ49CD2568,DRV501
TRP009207,,MANDI029,WH-South,17.0,716.597997203324,PB20DF1192,DRV398
TRP002949,,MANDI028,WH-Central,2.9,148.3,DL29DF1180,DRV960
TRP000293,,MANDI057,WH-East,,779.49782140663,PB63BC5106,DRV385
TRP000789,,MANDI037,WH-West,6.3,351.4,DL72BC4571,DRV972
TRP006160,,MANDI-056,WH-South,17.6,818.5,UP70BC4915,DRV678
TRP003679,,MANDI025,WH-Central,12.3,537.1,,DRV860
TRP008104,,mandi_023,WH-West,4.1,189.9,PB58CD8616,DRV173
TRP006128,,MANDI008,WH-West,,426.69880743323796,RJ93AB2056,DRV392
TRP005101,,MANDI013,WH-East,22.1,935.0,,DRV954
TRP004914,,mandi_013,WH-North,13.7,676.6,DL62BC1581,
TRP006688,,MANDI055,WH-North,22.9,1107.7,PB79BC1835,DRV909
TRP004801,2026-03-18,M026,WH-East,18.4,1024.1,DL72BC8109,DRV817
TRP001319,,MANDI017,WH-Central,16.1,754.2,UP73DF5025,DRV807
TRP004163,,MANDI018,WH-East,18.3,1069.9,UP11DF7512,DRV877
TRP009186,,mandi021,WH-East,,195.4,DL16BC4733,DRV134
TRP004950,,mandi056,WH-East,9.3,493.3,UP90AB5721,DRV432
TRP005191,,MANDI012,Export-Terminal,3.1,155.899564281326,PB52AB1978,DRV914
TRP002392,,M026,WH-North,13.7,589.6,,DRV982
TRP008944,,MANDI019,WH-Central,19.0,805.0,RJ45BC6984,DRV903
TRP004961,2026-05-27,mandi042,WH-West,20.0,915.5,PB53AB8862,DRV667
TRP009864,,mandi016,WH-East,9.4,384.6,HR39DF4307,DRV353
TRP008690,,MANDI-043,WH-East,21.4,1213.4,DL95CD1843,
TRP006467,,mandi_043,WH-East,7.0,337.4,PB90DF5608,
TRP008563,,035,WH-North,4.5,209.8,RJ71DF4996,DRV454
TRP009023,,MANDI038,WH-South,9.8,477.5,PB86DF9649,DRV453
TRP002565,,MANDI-039,WH-South,11.9,669.7,,DRV635
TRP003442,,MANDI003,WH-Central,20.0,1072.8,HR60AB4691,DRV155
TRP008407,,MANDI030,WH-Central,18.9,974.3,,DRV522
TRP009701,2026-04-14,MANDI011,Export-Terminal,,378.8,DL46AB3822,DRV888
TRP009376,,MANDI034,WH-North,7.4,397.2,UP98CD9430,DRV773
TRP003708,2026-04-30,MANDI010,WH-West,3.9,179.49949832263002,UP43DF5183,DRV350
TRP005520,,mandi041,Export-Terminal,9.8,429.4,,
TRP004276,,mandi_052,WH-Central,,710.2,,DRV600
TRP007260,,MANDI028,WH-South,5.9,255.29928647224204,DL89AB2908,DRV472
TRP009355,,M020,WH-North,17.9,1011.6,UP74BC5018,DRV713
TRP006518,2026-02-14,MANDI-028,WH-North,5.5,308.2,RJ51BC9841,DRV793
TRP001808,,MANDI026,WH-West,19.2,780.4,DL73DF7612,DRV497
TRP006827,,MANDI045,WH-West,11.9,704.2,UP17DF7788,DRV768
TRP006228,,MANDI038,WH-East,3.5,180.1,RJ55BC6435,DRV149
TRP000838,,MANDI054,WH-East,,422.6,DL48CD4602,DRV796
TRP006154,,mandi_026,WH-South,23.7,1387.2,RJ66BC1109,DRV231
TRP002253,,mandi_028,WH-Central,6.1,280.09921715971404,PB97DF5641,DRV815
TRP000228,2026-01-29,mandi_045,Export-Terminal,19.0,1068.9,HR10AB5198,DRV150
TRP008088,,mandi020,Export-Terminal,20.2,1037.9,UP55CD9261,DRV194
TRP009390,,MANDI-021,WH-North,13.0,642.4,DL57DF5190,DRV746
TRP008598,,MANDI026,WH-West,9.1,378.3,DL83CD9064,DRV140
TRP005115,,M055,WH-West,17.6,920.4,,DRV426
TRP006104,,M003,WH-South,,928.9,UP84DF3545,DRV205
TRP005317,,MANDI-032,Export-Terminal,7.7,460.0,PB82AB4437,DRV963
TRP004072,,MANDI-023,WH-Central,16.0,715.4,DL17AB8338,DRV943
TRP004763,2026-08-22,024,WH-North,11.2,649.5981844589439,PB63BC1822,DRV294
TRP005364,,MANDI044,Export-Terminal,13.8,648.1,RJ16BC7077,DRV925
TRP005480,,MANDI-026,Export-Terminal,,800.3,RJ11AB9921,DRV611
TRP000158,,MANDI050,WH-South,12.8,667.2,PB30DF6042,DRV583
TRP005864,,MANDI057,WH-West,17.0,746.3,UP26BC3677,DRV985
TRP007081,,MANDI005,WH-North,11.1,571.598402458024,PB66BC8405,
TRP009148,,mandi_010,WH-East,4.0,225.9,,DRV352
TRP009342,2026-01-18,MANDI-041,WH-Central,2.8,143.7,DL61AB7201,DRV227
TRP001442,2026-06-06,mandi001,WH-South,,618.1982722175479,DL23CD9787,DRV236
TRP004610,,MANDI005,WH-West,13.4,623.9,UP98AB7955,
TRP008852,2026-08-21,MANDI043,WH-Central,22.2,1148.7,,DRV905
TRP000701,2026-03-02,MANDI027,WH-West,7.7,443.5,HR17DF4203,DRV557
TRP004293,,mandi_005,WH-West,8.8,357.0,UP56CD6685,DRV349
TRP001741,,mandi005,Export-Terminal,2.8,149.8,,DRV962
TRP008283,,MANDI-001,WH-West,4.5,241.599324761824,UP78DF5237,DRV151
TRP004225,,mandi_053,WH-North,21.2,999.49720653743,RJ52BC4670,DRV107
TRP008677,,mandi025,WH-North,16.3,669.8,RJ96CD2506,DRV818
TRP006351,2026-02-22,MANDI011,WH-North,,234.3,,
TRP004550,,MANDI034,WH-North,4.0,184.2,RJ57DF3398,DRV648
TRP004234,,MANDI038,WH-North,9.4,494.6,DL30DF8598,DRV324
TRP004255,,M032,Export-Terminal,15.0,733.2,PB59DF1313,DRV823
TRP007827,2026-06-24,MANDI054,WH-East,13.3,763.3,HR27AB8877,DRV903
TRP004053,,mandi_005,WH-North,3.1,161.1,RJ89AB7100,DRV589
TRP009236,,mandi_027,Export-Terminal,17.9,1044.8,DL73DF8662,DRV484
TRP003533,,mandi_004,WH-South,,245.0,UP93CD5040,DRV918
TRP003438,,MANDI-022,WH-South,7.9,466.298696756782,RJ79BC5074,
TRP006934,,027,WH-East,9.1,366.3,RJ22BC6498,
TRP004231,2026-03-28,mandi007,WH-West,16.9,832.2,DL52DF7193,DRV480
TRP008859,2026-03-12,mandi_010,WH-South,23.2,1057.797043597092,PB12AB6054,DRV425
TRP008305,,MANDI-042,WH-North,5.0,275.6,RJ45AB5591,DRV302
TRP009586,,MANDI042,WH-East,23.2,994.0,RJ17DF7976,DRV191
TRP006148,,MANDI014,Export-Terminal,16.8,1002.8,DL55BC8778,DRV431
TRP004191,,MANDI042,WH-West,20.3,837.1,,DRV934
TRP001403,2026-05-24,M053,WH-Central,2.3,119.4,HR38AB8168,
TRP001544,2026-06-10,MANDI-050,WH-East,23.0,1024.1971375043881,DL22DF9982,DRV653
TRP009604,2026-02-21,MANDI-022,WH-South,4.7,234.9,UP86AB7602,DRV522
TRP003791,,mandi034,WH-South,17.0,824.9,,DRV823
TRP002738,2026-04-17,mandi_044,WH-North,23.1,1290.8,,
TRP001781,2026-09-08,MANDI011,Export-Terminal,5.7,236.2,RJ79AB3797,DRV865
TRP007790,,mandi_018,WH-East,,503.2,DL40DF1612,DRV688
TRP008048,2026-08-21,M007,WH-North,3.4,170.1,UP91BC8710,DRV536
TRP003482,,MANDI012,WH-North,22.9,1098.8,DL92DF2702,DRV550
TRP007071,2026-04-28,MANDI031,WH-East,10.6,476.1,PB22CD1068,
TRP003112,,MANDI021,WH-West,2.9,141.9,UP88BC1802,DRV407
TRP008120,2026-05-15,mandi_041,WH-North,22.8,1179.6,DL32CD7292,DRV498
TRP000604,,MANDI004,WH-South,12.9,561.5,RJ58DF8595,DRV975
TRP002336,,mandi_052,Export-Terminal,23.8,1158.2,,DRV245
TRP004278,2026-07-27,MANDI045,WH-South,5.5,262.19926718770796,DL73DF5262,DRV392
TRP007162,,MANDI025,Export-Terminal,18.1,949.2,PB42AB9571,DRV689
TRP000394,,MANDI049,WH-West,20.8,845.4,,DRV376
TRP006498,,MANDI052,WH-West,18.5,1038.3,HR80CD2931,DRV395
TRP009327,,MANDI014,WH-East,22.4,1095.2,UP90BC8364,DRV174
TRP003536,,MANDI033,WH-North,20.7,1084.4,DL89AB4887,DRV156
TRP008480,,mandi_001,WH-East,20.3,1109.196899941288,DL19AB4058,DRV196
TRP000096,,MANDI053,WH-South,10.2,420.7,UP40AB8577,DRV290
TRP007454,2026-08-31,032,WH-West,22.3,1180.4,RJ52BC4637,
TRP006033,,mandi_048,Export-Terminal,5.6,259.9,HR44AB5425,
TRP003874,,M057,WH-North,7.3,387.6,,DRV354
TRP004681,2026-05-18,mandi_028,WH-West,18.0,1062.9,UP19BC9550,
TRP006866,,MANDI027,WH-East,12.3,602.0,UP37BC4535,DRV356
TRP007537,2026-06-25,MANDI-010,WH-East,6.0,336.7,UP85CD6444,DRV758
TRP002040,,M045,WH-Central,8.1,474.3,HR34CD3323,DRV676
TRP005305,,MANDI-029,WH-West,18.6,937.0973809366941,PB93AB9433,
TRP004448,,MANDI040,WH-Central,12.9,622.5,PB91DF8135,DRV272
TRP009124,,MANDI-015,WH-Central,21.1,971.7,,DRV580
TRP003414,,mandi041,WH-South,15.9,809.2,UP48AB2289,
TRP004706,,M048,WH-North,13.6,575.2,UP18CD5678,DRV649
TRP006473,,MANDI018,WH-Central,2.7,130.599634991284,DL61BC8686,DRV794
TRP002679,,MANDI055,WH-Central,3.4,181.5,PB70BC9755,DRV405
TRP008274,,MANDI033,WH-South,15.0,707.3,PB44DF2556,
TRP003886,,MANDI-029,WH-South,9.0,438.9,DL84AB7584,DRV219
TRP001714,,M039,WH-West,3.9,232.7,UP54BC1893,DRV363
TRP008869,2026-04-10,MANDI029,WH-West,,263.5,,DRV540
TRP008544,,MANDI005,WH-East,18.9,1088.8,DL86BC8781,DRV613
TRP008204,,MANDI-047,Export-Terminal,5.0,231.0,,DRV846
TRP004562,2026-09-10,M053,WH-East,11.2,622.5,HR37DF7867,DRV171
TRP008447,,MANDI006,WH-East,,449.2,HR94AB1828,DRV345
TRP006026,,MANDI002,WH-North,11.6,571.5,PB96CD6056,DRV996
TRP001356,,mandi_026,Export-Terminal,,329.6,,DRV366
TRP004922,,M014,Export-Terminal,11.1,656.7,RJ92BC9093,DRV363
TRP004882,,M037,WH-North,6.6,353.3,,DRV641
TRP002240,,MANDI019,WH-East,23.5,976.8972697012659,DL64CD6497,DRV136
TRP001579,,MANDI015,WH-East,21.3,975.3,PB21AB6242,
TRP006089,,MANDI040,WH-Central,17.0,817.1,RJ46CD8362,
TRP006015,2026-08-07,mandi_028,WH-East,16.2,764.597863050044,RJ97CD2631,DRV480
TRP005196,,MANDI-026,WH-South,12.6,666.2,HR75BC3557,DRV796
TRP002086,,M006,WH-Central,12.3,721.797982670052,RJ73DF7214,
TRP003602,,MANDI012,WH-West,10.1,472.89867831070603,UP34CD4804,DRV948
TRP008280,2026-05-20,mandi_006,WH-East,11.4,633.8,,
TRP006189,,MANDI052,WH-West,21.7,1210.9,DL52DF3170,DRV107
TRP009255,,MANDI055,WH-East,2.7,111.7,HR96AB3762,DRV179
TRP005701,,MANDI-054,WH-East,,552.4,HR33CD8663,DRV883
TRP000020,2026-07-04,MANDI036,WH-Central,,222.9,HR76DF7435,DRV124
TRP007333,,003,WH-West,,1093.1,,DRV879
TRP006002,,025,WH-West,22.9,1223.1,UP82DF9133,
TRP003423,,MANDI035,Export-Terminal,19.6,1167.8,PB22DF8072,DRV930
TRP007632,,mandi_011,Export-Terminal,,791.99778647088,HR91DF1624,DRV502
TRP001600,,M049,WH-East,2.6,121.2,HR22BC1706,DRV284
TRP004066,,mandi_032,WH-East,20.5,933.2,,DRV651
TRP004979,,mandi_037,Export-Terminal,4.5,181.7,DL25BC4700,DRV582
TRP006383,,MANDI033,Export-Terminal,13.8,811.6,HR61CD5944,DRV844
TRP007721,,mandi046,Export-Terminal,17.7,882.1,,DRV759
TRP008518,,mandi_022,WH-Central,23.5,1171.5,HR55BC3794,
TRP008432,,MANDI-022,WH-Central,15.4,912.6,UP12CD7920,DRV319
TRP002849,,MANDI-038,WH-South,5.8,285.099203185414,DL49BC5203,DRV489
TRP005747,,mandi_019,WH-South,,133.1,RJ23DF5154,DRV434
TRP001262,,MANDI038,WH-South,22.4,909.8,UP41BC3854,DRV884
TRP009516,,MANDI005,WH-East,21.1,1127.4,DL24AB5154,DRV972
TRP000810,,MANDI-009,WH-East,7.9,338.99905254246,HR88CD6620,
TRP005460,,MANDI-027,WH-Central,17.4,897.5,PB84AB8118,
TRP003061,,MANDI-036,WH-South,,1185.0,HR72BC4676,DRV575
TRP007963,,mandi055,WH-East,19.4,804.4,RJ21BC2828,DRV113
TRP005929,,MANDI019,WH-East,20.3,816.4,RJ88CD8838,DRV640
TRP004790,,MANDI004,WH-West,21.4,1138.8,,DRV276
TRP003781,,mandi_047,WH-North,20.0,906.1,UP82AB9496,DRV395
TRP003544,,mandi_031,WH-East,5.6,237.2,UP68AB5821,DRV768
TRP008056,,MANDI024,Export-Terminal,,789.2,UP11AB2079,DRV178
TRP009251,2026-08-01,MANDI051,WH-West,2.3,115.6,HR10AB4424,DRV733
TRP001143,,MANDI052,Export-Terminal,15.6,935.6,,DRV833
TRP007146,,mandi_054,WH-East,,542.1,HR32DF5704,DRV454
TRP004330,,mandi014,WH-South,9.3,514.8,RJ92BC2157,DRV223
TRP004919,2026-02-13,MANDI040,WH-South,,354.3,RJ79BC7828,DRV572
TRP002957,,M016,WH-West,4.8,205.2,UP21DF3675,DRV850
TRP008405,2026-04-08,MANDI041,WH-North,3.6,191.7,HR90CD7953,DRV729
TRP005439,,mandi_031,WH-West,17.6,1015.3971620991559,,
TRP000109,,019,WH-South,11.0,554.5,PB95CD1826,DRV700
TRP002448,2026-09-01,mandi004,WH-South,10.0,520.9,PB94DF2616,DRV428
TRP003746,2026-02-19,mandi021,WH-East,18.0,822.797700389192,,DRV403
TRP003127,,MANDI057,WH-South,5.1,303.6,DL51CD7765,DRV684
TRP002614,,MANDI002,WH-East,17.5,834.5,HR51CD7791,DRV858
TRP002795,,MANDI008,WH-East,8.4,453.2,RJ83BC9171,DRV423
TRP002424,,MANDI-008,Export-Terminal,12.8,551.7,RJ39BC8822,DRV866
TRP007611,,mandi_044,WH-South,4.9,266.199256008268,DL28DF9974,
TRP008998,,MANDI008,Export-Terminal,16.7,690.9,PB44BC4034,DRV117
TRP007007,,MANDI014,Export-Terminal,19.4,890.9,PB56CD5991,DRV100
TRP007368,,MANDI011,WH-Central,17.4,769.5,PB28AB9941,DRV573
TRP000621,,034,WH-South,,327.2,RJ47AB5980,
TRP007473,,MANDI053,WH-Central,9.3,457.3,PB58DF3248,DRV765
TRP006153,2026-07-22,MANDI-038,WH-South,3.2,135.0,PB88CD9201,
TRP004095,,mandi_036,WH-North,8.9,392.1,PB35BC8697,DRV118
TRP002665,,MANDI-017,WH-East,7.8,381.9,DL57CD7763,DRV214
TRP003835,,mandi_033,Export-Terminal,16.5,769.6,PB49DF4578,DRV224
TRP003626,,mandi046,WH-North,12.7,527.9,RJ64CD9834,DRV322
TRP001047,2026-01-06,MANDI-048,WH-North,13.2,678.4,RJ17BC8140,DRV327
TRP006281,,MANDI020,WH-West,,883.6,UP20AB8620,DRV876
TRP008711,,MANDI042,WH-West,19.9,866.9,PB97DF9509,
TRP002875,,M048,WH-Central,3.9,208.4,RJ55BC2354,DRV456
TRP001569,,mandi_045,WH-North,,1326.49629261821,,DRV760
TRP000463,,MANDI-007,WH-South,6.6,273.1,DL24AB2988,DRV536
TRP000744,,mandi024,WH-Central,17.8,905.1,HR45CD3630,DRV835
TRP000223,2026-05-18,MANDI056,WH-Central,,608.3,UP63AB8666,
TRP009412,,MANDI057,WH-South,8.5,444.098758802674,UP20BC5487,DRV981
TRP001881,,mandi021,WH-Central,15.4,908.9,PB29AB3793,
TRP000626,,MANDI020,Export-Terminal,5.5,248.2,,DRV452
TRP002076,,MANDI029,WH-North,18.0,937.6,PB15AB6707,
TRP002099,2026-07-23,MANDI037,Export-Terminal,12.8,746.5,DL62DF1725,DRV665
TRP007946,2026-02-01,mandi_016,Export-Terminal,10.0,442.0,HR94DF9804,DRV233
TRP003330,2026-02-05,mandi_035,WH-North,21.4,1018.6971528761179,,DRV289
TRP008529,,MANDI015,WH-West,15.3,841.0,HR31DF6743,DRV923
TRP005596,,MANDI034,WH-West,4.7,221.9,PB72BC7364,DRV178
TRP008217,,mandi_002,WH-Central,13.2,543.8,HR31BC7291,DRV931
TRP004694,,MANDI011,Export-Terminal,12.0,699.8980438774861,HR76AB1118,DRV442
TRP001316,,MANDI007,WH-East,,367.6,PB14CD1247,DRV769
TRP008875,,MANDI051,WH-East,12.3,633.9,UP48AB1808,DRV696
TRP007467,,M034,WH-West,22.1,1231.1,HR17AB9397,DRV571
TRP002587,,mandi_020,Export-Terminal,15.8,827.6,RJ83DF4685,DRV312
TRP004031,,MANDI-034,WH-South,13.0,727.9,UP19BC8686,DRV193
TRP000354,,MANDI053,WH-Central,12.2,676.198110115668,UP30BC5706,DRV128
TRP003690,,010,WH-West,3.4,202.79943320239198,,DRV565
TRP000457,,MANDI010,WH-Central,4.0,230.79935494631204,RJ64BC4117,DRV773
TRP005187,2026-06-02,mandi021,WH-East,9.1,401.0,DL16DF7610,DRV868
TRP003762,,MANDI050,WH-West,19.0,795.9,PB92DF1629,DRV730
TRP000240,,MANDI047,Export-Terminal,16.0,879.4,DL26AB1059,DRV361
TRP003106,,MANDI012,WH-Central,6.6,347.0,,DRV622
TRP009328,,MANDI-017,WH-South,20.1,1179.0,PB87BC6213,DRV740
TRP002821,,MANDI020,WH-North,6.9,341.9,DL74AB5683,DRV608
TRP003799,,MANDI036,WH-South,3.8,157.799558971092,,DRV299
TRP008022,,MANDI010,WH-East,6.3,344.199038009188,RJ86AB2763,DRV261
TRP003102,2026-05-26,M012,WH-West,6.0,316.0,,DRV375
TRP006074,,MANDI-014,WH-South,,237.5,RJ88BC2235,
TRP006538,,mandi_049,WH-West,9.9,552.1,,DRV316
TRP001955,,MANDI053,Export-Terminal,,534.9,RJ48AB4979,DRV179
TRP001019,,018,Export-Terminal,5.7,256.2,HR54DF6811,DRV239
TRP008107,,MANDI-036,WH-East,9.3,529.698519562658,RJ86AB1554,DRV467
TRP006741,,mandi_024,WH-Central,20.5,1121.0,DL56DF2386,DRV753
TRP001594,,MANDI-010,Export-Terminal,14.6,796.3,PB44CD5185,DRV896
TRP004157,,mandi_047,Export-Terminal,18.7,964.4,HR79CD7909,DRV150
TRP004606,2026-03-24,MANDI013,WH-North,8.0,468.2,,DRV112
TRP009130,,MANDI050,WH-North,22.7,975.897272496126,PB75DF4622,DRV649
TRP008830,,MANDI039,Export-Terminal,2.1,92.7,,DRV483
TRP001671,,mandi016,WH-North,15.4,820.8,RJ83CD4564,DRV569
TRP001104,,MANDI032,WH-North,,638.6,PB95AB1541,DRV957
TRP008548,,027,WH-East,6.0,262.1,,
TRP007799,2026-05-09,MANDI051,WH-Central,5.4,304.1,DL25CD6598,DRV355
TRP005425,,MANDI015,WH-South,14.4,622.9,DL58CD9150,DRV205
TRP004229,,MANDI010,Export-Terminal,,504.3,DL57DF8202,
TRP006649,2026-06-18,MANDI-040,WH-West,13.5,657.8,,DRV405
TRP007188,,MANDI-052,WH-North,9.0,403.2,RJ81CD3837,DRV604
TRP002326,,MANDI-039,WH-East,,247.7,HR19BC7831,DRV168
TRP008887,,mandi_019,WH-North,21.6,997.49721212715,PB98AB3093,DRV898
TRP003078,,mandi_040,WH-West,2.2,120.39966349885601,UP73AB8325,DRV989
TRP006307,,M010,WH-East,17.7,876.3,RJ19DF8819,DRV816
TRP009609,,MANDI028,WH-East,,858.0,DL13CD8116,
TRP004709,,MANDI015,Export-Terminal,,596.2,PB22AB9545,DRV914
TRP007739,,004,WH-South,14.5,829.9,,DRV712
TRP006136,,mandi_011,WH-Central,18.3,905.0,PB67AB3784,DRV653
TRP007217,,MANDI038,WH-East,9.2,521.5,RJ73DF9604,DRV276
TRP001384,,MANDI040,WH-South,22.0,924.5,PB60BC2675,DRV717
TRP009795,,MANDI031,Export-Terminal,22.9,1331.196279482368,DL22BC9742,DRV846
TRP005618,,M005,WH-West,20.2,1115.2,RJ38CD5355,DRV812
TRP001878,,MANDI004,WH-South,,735.49794438047,RJ84CD7907,DRV707
TRP000218,2026-05-23,MANDI-052,WH-West,6.3,341.9,RJ11AB4940,
TRP005156,,MANDI-003,WH-West,8.2,340.9,HR35BC8068,DRV859
TRP009336,,MANDI-035,Export-Terminal,9.8,520.6,UP36AB5789,DRV567
TRP008391,,MANDI038,WH-West,12.9,556.0984457783541,PB46DF8150,DRV198
TRP005666,,MANDI045,WH-North,7.9,327.8,DL47CD8807,DRV436
TRP004101,,MANDI025,WH-East,13.4,772.9,DL12AB1590,
TRP001035,2026-08-23,MANDI-031,WH-Central,,517.0,HR89CD7353,DRV949
TRP000217,2026-04-10,mandi036,WH-Central,18.3,912.4,UP57BC3787,DRV686
TRP005744,,MANDI-052,WH-Central,15.7,709.3,PB73DF4807,DRV286
TRP002749,,MANDI046,WH-Central,,1285.696406648498,,DRV528
TRP007290,,MANDI040,Export-Terminal,5.6,291.2,HR50CD4250,DRV660
TRP007105,,M053,WH-North,3.5,189.7,,DRV216
TRP000907,,MANDI052,WH-North,16.6,925.2,HR60BC3139,DRV998
TRP006331,2026-05-28,MANDI052,WH-Central,22.7,1110.8,,DRV499
TRP006803,,MANDI011,WH-North,10.4,441.3,HR62AB3095,DRV760
TRP006193,,MANDI-011,WH-Central,3.6,148.599584683804,RJ35CD7327,DRV104
TRP003724,,MANDI044,WH-East,,533.8,RJ34DF2517,DRV399
TRP003054,,mandi010,Export-Terminal,5.8,295.3,DL87CD6389,DRV904
TRP006312,,mandi019,WH-Central,6.6,358.698997483718,,DRV937
TRP008299,,M017,WH-West,,1156.6,PB17DF4223,DRV831
TRP005013,,056,WH-South,,839.1,,DRV463
TRP004044,,MANDI003,Export-Terminal,,801.2,UP30BC6196,DRV124
TRP004624,,MANDI042,Export-Terminal,2.3,129.6,RJ99DF3550,DRV151
TRP004048,,mandi_045,WH-East,4.9,270.3,,
TRP006648,2026-03-17,mandi_025,WH-South,22.9,991.1,HR91AB6981,
TRP002125,2026-09-03,MANDI013,WH-West,,336.4,UP88BC5026,
TRP002616,,MANDI-013,WH-South,3.9,180.5,PB22CD7226,DRV915
TRP003207,2026-04-13,mandi_001,WH-West,9.8,487.8,,
TRP003460,,MANDI-022,Export-Terminal,19.0,1128.7,HR56CD9831,DRV826
TRP000853,,MANDI-041,WH-East,8.8,516.2,DL71AB9811,DRV843
TRP005841,,MANDI038,WH-East,23.4,1126.9,PB93AB6704,
TRP003657,,039,WH-South,,542.4,PB20BC4586,
TRP002216,,MANDI052,WH-West,6.8,290.2,UP37CD3382,DRV106
TRP008207,,MANDI043,Export-Terminal,,548.2,HR45AB3975,DRV327
TRP008289,,MANDI022,WH-Central,6.9,393.0,DL46CD3174,DRV688
TRP004752,,mandi_003,WH-West,11.8,616.6,RJ65DF4878,DRV949
TRP005387,,MANDI044,WH-South,,1195.6,UP81CD2012,DRV822
TRP005641,,MANDI-001,WH-West,11.9,508.4,,DRV302
TRP005550,,mandi_036,WH-South,4.2,200.5,UP92CD2995,
TRP008951,,MANDI-051,WH-North,23.6,1033.49711151219,PB56AB6781,DRV222
TRP001711,,mandi_046,WH-Central,2.7,129.0,HR85CD4173,DRV584
TRP004784,,MANDI-055,Export-Terminal,21.0,854.5,HR99AB1854,DRV429
TRP005925,,M017,Export-Terminal,10.3,602.0,UP13BC3691,DRV370
TRP000748,,MANDI003,WH-South,3.6,194.2,UP87AB2524,DRV128
TRP009732,,MANDI037,Export-Terminal,17.3,843.4,DL30AB6906,DRV389
TRP001570,2026-01-27,MANDI-024,WH-West,9.3,439.8,RJ21BC7916,DRV140
TRP000348,2026-06-21,M034,WH-North,,668.598131356604,DL59DF7453,DRV937
TRP003985,,mandi025,Export-Terminal,4.6,219.8,,DRV381
TRP009486,,MANDI014,WH-East,19.6,913.097448013334,RJ39DF6979,DRV852
TRP006486,,MANDI028,WH-North,6.9,318.0,,
TRP008492,,MANDI-007,Export-Terminal,16.4,793.7,RJ41AB5844,DRV576
TRP005787,,mandi_018,WH-West,,165.299538009642,PB47AB8363,DRV703
TRP008547,,mandi_009,WH-North,,555.1,DL31CD1407,DRV841
TRP003285,,MANDI031,WH-West,5.5,316.0,RJ88CD5166,DRV911
TRP008921,,mandi_041,WH-North,9.5,510.4,RJ11DF4142,
TRP003264,2026-01-21,M010,WH-West,,515.9,,DRV726
TRP009066,,MANDI051,WH-West,18.2,1058.9,PB48DF1205,DRV239
TRP004542,,MANDI057,Export-Terminal,18.9,1076.0,HR52AB1582,DRV668
TRP004731,2026-02-17,018,Export-Terminal,20.7,1044.9,HR39BC7782,DRV529
TRP005850,2026-08-24,MANDI-013,WH-West,19.2,1005.2,PB82AB3201,DRV829
TRP006180,,MANDI029,Export-Terminal,,846.2,HR16DF5719,DRV694
TRP005275,,mandi_001,WH-Central,10.5,538.7,DL62AB1356,
TRP007154,,027,WH-West,6.1,345.1,HR54DF7071,
TRP009594,,mandi_005,WH-North,,1209.8,HR51CD3131,DRV222
TRP002393,2026-07-13,MANDI040,WH-South,7.5,382.99892956862,RJ59DF3057,DRV293
TRP000764,,MANDI-019,WH-West,14.8,738.7,PB56BC6568,DRV388
TRP004703,,M057,WH-West,4.3,201.3,DL57BC9882,DRV694
TRP007074,,mandi_051,WH-East,12.1,611.2,,DRV330
TRP002115,,MANDI054,WH-North,9.1,502.8,UP51AB3702,
TRP008146,,M045,WH-East,10.8,480.1,PB50AB9662,DRV425
TRP009988,,MANDI053,WH-Central,8.0,406.2,UP48DF3680,DRV101
TRP008378,,M026,WH-North,6.6,383.0,HR98BC9543,
TRP001487,2026-06-08,mandi_043,Export-Terminal,16.1,766.0,UP13CD7097,DRV401
TRP001223,,MANDI-015,WH-Central,22.0,1121.2,RJ30DF5796,DRV745
TRP009958,,mandi_001,WH-West,4.0,173.8,,DRV282
TRP008698,,MANDI-042,WH-Central,,298.9,HR51DF2527,DRV981
TRP002827,,mandi_023,Export-Terminal,14.2,714.698002513558,UP61BC8725,DRV282
TRP004713,,MANDI027,Export-Terminal,6.2,265.99925656723997,HR21DF4533,DRV673
TRP006118,,MANDI022,Export-Terminal,3.8,209.0,UP22BC2013,DRV769
TRP005211,,MANDI043,WH-South,14.9,890.0,RJ93DF8661,
TRP007959,,MANDI017,Export-Terminal,14.6,797.2,RJ56DF3182,DRV885
TRP009631,,044,WH-North,19.8,1044.8,,DRV168
TRP006931,,mandi_021,WH-North,23.0,1047.6,HR55BC6073,DRV489
TRP004285,2026-06-16,MANDI016,WH-Central,5.4,286.9,HR71CD1252,DRV328
TRP004008,2026-01-05,mandi001,WH-West,18.2,966.9,RJ72BC3985,DRV976
TRP000709,,MANDI009,WH-West,22.7,922.8,,DRV549
TRP002589,,MANDI-057,WH-East,9.5,454.7,HR97DF5607,DRV435
TRP001576,,MANDI032,WH-West,3.7,182.0,DL48AB8973,DRV275
TRP000510,,M049,Export-Terminal,4.0,200.9,DL47DF8922,DRV478
TRP003509,2026-08-21,mandi_032,WH-North,4.4,252.9,PB40CD7972,DRV836
TRP000500,2026-05-16,M008,WH-North,6.0,339.0,PB35DF6795,
TRP006916,,MANDI050,Export-Terminal,14.3,629.6,PB93BC3672,
TRP004618,,MANDI042,WH-West,20.9,942.5,PB98AB8414,DRV997
TRP004239,2026-07-02,MANDI-019,WH-East,9.4,486.898639182666,UP98BC7454,DRV586
TRP007249,,M035,WH-East,20.2,1119.0,UP55AB2677,DRV364
TRP001148,2026-02-17,MANDI-024,WH-South,,245.199314700328,UP78DF6023,DRV831
TRP003283,,MANDI054,WH-Central,5.6,240.7,PB88BC2567,DRV297
TRP007444,,MANDI011,WH-East,13.9,723.9,HR97BC7309,DRV834
TRP001260,,mandi_022,WH-South,3.3,184.5,RJ20DF2497,DRV756
TRP006743,,MANDI024,WH-South,4.7,190.0,HR97CD8447,
TRP004333,,MANDI-041,WH-East,16.9,884.9,RJ70DF3083,DRV871
TRP005769,2026-05-08,MANDI012,Export-Terminal,19.7,1045.9,UP86BC3431,DRV895
TRP002211,,MANDI019,WH-South,3.1,128.1,HR38BC8328,DRV112
TRP000712,,mandi_037,WH-South,,550.3,PB56CD7525,DRV518
TRP007363,,MANDI026,WH-East,21.2,930.097400500714,DL14BC7733,DRV940
TRP009495,2026-06-19,MANDI039,WH-South,5.1,283.9,RJ31AB4388,DRV169
TRP003335,,MANDI038,WH-West,15.2,629.1,PB34DF1087,DRV523
TRP003289,,mandi_020,WH-North,9.4,557.8,DL29CD5411,
TRP005059,,MANDI-006,WH-East,5.6,251.3,DL52CD5464,DRV572
TRP001373,,M034,Export-Terminal,3.8,189.3,HR26CD8067,DRV502
TRP001794,,MANDI-054,WH-North,3.2,146.5,PB73AB1606,DRV254
TRP005693,2026-08-12,MANDI-020,WH-West,13.7,743.2,RJ10BC7783,DRV366
TRP000713,2026-07-02,MANDI044,WH-East,20.4,1094.3969413052162,HR42AB6719,DRV842
TRP003434,,M057,WH-West,17.0,884.1,HR49DF1230,DRV998
TRP001246,2026-05-16,MANDI023,WH-North,,521.2,UP19DF1101,DRV411
TRP008554,,MANDI043,WH-West,19.2,1054.9,,
TRP009420,,MANDI045,Export-Terminal,16.5,904.2,DL67BC3886,DRV588
TRP005611,,mandi_056,Export-Terminal,18.5,897.2,RJ46AB8959,DRV316
TRP002376,,MANDI-007,WH-East,13.6,626.098250138154,PB97DF7058,DRV491
TRP005485,,MANDI044,Export-Terminal,,102.4,,DRV574
TRP007253,,MANDI017,WH-Central,14.4,719.9979877008,DL63CD9121,DRV625
TRP000716,,MANDI047,WH-West,16.7,908.0,,DRV723
TRP002030,,036,Export-Terminal,8.0,403.5,RJ26AB2678,DRV753
TRP007587,2026-03-23,MANDI057,Export-Terminal,6.2,254.6,PB15CD1949,DRV110
TRP001483,,MANDI011,WH-East,,783.5,DL30CD4312,DRV741
TRP003299,2026-06-13,MANDI-041,Export-Terminal,,1062.1,,
TRP004439,,MANDI035,WH-Central,13.5,633.5,UP44DF3242,DRV559
TRP001795,,MANDI-004,WH-East,19.3,909.6,HR61CD2130,DRV607
TRP004185,,M052,WH-Central,,829.2,UP38AB8850,
TRP007847,,M051,Export-Terminal,,444.7,HR72AB5322,DRV626
TRP009159,,M052,WH-South,9.8,489.8,RJ57BC7576,DRV532
TRP009776,,MANDI019,Export-Terminal,8.7,380.6,RJ45CD1570,DRV718
TRP003583,,mandi_047,WH-Central,5.2,266.8,,DRV753
TRP002169,,MANDI052,WH-South,2.9,173.5,DL57AB5036,DRV833
TRP001742,,MANDI-027,Export-Terminal,,134.2,DL87BC3464,DRV925
TRP001659,2026-08-20,mandi_009,WH-Central,,212.299406651222,DL88DF9968,
TRP000213,2026-06-24,MANDI-009,WH-South,9.2,480.1,PB59BC3775,DRV769
TRP005322,,mandi_049,WH-Central,10.2,547.4,PB43DF5039,DRV386
TRP006851,,MANDI055,Export-Terminal,,796.0,PB94CD3799,DRV315
TRP009615,,mandi_032,WH-West,11.8,641.3,UP27AB8946,DRV928
TRP001011,,MANDI-036,WH-Central,2.3,115.99967579624,HR53CD7004,DRV441
TRP000324,2026-01-31,mandi045,Export-Terminal,5.6,270.9,RJ70AB1431,DRV215
TRP009007,,MANDI031,WH-West,8.4,432.1,HR70BC8891,
TRP001098,,048,WH-North,17.0,798.3,HR15DF3633,DRV668
TRP009180,,MANDI024,WH-West,,559.1,RJ39AB1836,DRV962
TRP001563,,M013,WH-East,17.3,1007.4,RJ17CD4192,DRV860
TRP004449,,MANDI028,Export-Terminal,4.2,206.9,HR19AB7442,DRV346
TRP000335,,MANDI-003,WH-East,6.8,340.5,RJ53DF3903,DRV651
TRP004481,,mandi_017,Export-Terminal,13.7,619.3,,DRV497
TRP002603,,MANDI-002,WH-West,17.3,765.8,PB82AB9412,DRV284
TRP003854,,MANDI018,WH-Central,,306.0,UP64CD1032,DRV752
TRP002955,,MANDI013,WH-East,3.3,161.1,HR90AB1002,DRV201
TRP002993,,MANDI-050,WH-Central,14.1,795.197777527328,RJ52CD1624,DRV965
TRP001614,,mandi041,WH-East,10.9,632.2,RJ76DF8463,DRV611
TRP000793,,mandi_015,WH-West,15.7,634.4,HR80AB1933,DRV889
TRP000234,,MANDI034,WH-Central,8.0,340.59904807068403,UP37BC7104,DRV185
TRP007434,,MANDI038,WH-South,20.6,893.9,UP49AB2318,DRV729
TRP003007,2026-02-28,MANDI017,WH-North,12.2,714.0,,
TRP006200,,MANDI056,WH-West,17.6,765.5978602551841,PB78DF3756,DRV349
TRP006525,,MANDI041,WH-West,23.1,1076.2,DL39BC3140,
TRP007772,,MANDI002,WH-East,20.0,995.9,PB60CD7195,DRV579
TRP008030,,mandi020,WH-West,,925.2,UP16DF5624,DRV523
TRP004844,,M025,WH-North,,806.6,UP51AB9380,DRV896
TRP006452,,MANDI019,WH-East,20.0,1125.5,PB29AB1066,DRV465
TRP005290,,M015,Export-Terminal,8.1,441.1,,DRV991
TRP002109,,mandi_056,WH-Central,9.8,439.6,UP79AB5978,DRV170
TRP005230,2026-03-26,011,WH-Central,16.7,765.4,PB75CD2103,DRV348
TRP003885,,MANDI-049,WH-East,,150.8,DL94BC2224,DRV953
TRP007094,2026-08-18,MANDI-033,Export-Terminal,19.8,1072.5,DL97AB3931,DRV436
TRP006719,,045,WH-Central,14.9,740.9,PB47CD4848,DRV549
TRP003282,,017,WH-East,11.4,517.1,HR45AB6304,DRV134
TRP000775,,MANDI036,WH-West,2.2,93.8,HR24CD9404,DRV836
TRP001495,,051,WH-West,,543.9,,DRV619
TRP006628,2026-02-13,mandi_031,WH-North,12.1,540.298489937142,RJ11DF3494,DRV375
TRP000872,,MANDI004,Export-Terminal,5.5,277.4,PB30CD7847,DRV767
TRP005266,,MANDI017,WH-East,15.9,688.6,RJ39AB8259,DRV539
TRP001264,,MANDI015,WH-Central,9.9,403.7,HR64CD9973,DRV844
TRP001619,,mandi_044,WH-South,2.4,132.799628842592,,
TRP005279,,MANDI025,Export-Terminal,,1163.8967470624461,RJ99CD1353,DRV781
TRP004620,2026-08-10,MANDI-011,WH-South,6.5,326.0,RJ97CD4487,DRV610
TRP006386,,MANDI016,WH-South,,947.1,RJ18DF7653,DRV726
TRP001759,,mandi025,WH-West,9.7,567.6,DL16DF9497,DRV618
TRP005119,,mandi_052,WH-West,9.7,406.4,PB40DF7033,DRV833
TRP007677,,MANDI030,WH-South,10.9,614.5,,DRV217
TRP001221,,mandi_019,WH-North,,882.1,RJ63CD3611,DRV467
TRP004050,,mandi041,WH-Central,22.8,1126.5,,DRV209
TRP001766,,MANDI-014,WH-Central,12.9,761.6,RJ59AB9337,DRV649
TRP003839,,MANDI054,WH-Central,16.8,888.1,DL14CD5503,DRV504
TRP000409,,MANDI-055,Export-Terminal,14.0,659.9,HR33BC4987,DRV291
TRP002630,,MANDI042,WH-East,5.1,230.99935438734,,DRV200
TRP007348,,MANDI012,WH-Central,6.1,327.2,,DRV715
TRP001514,2026-08-30,MANDI-043,WH-South,8.9,392.598902737964,PB18BC5124,DRV423
TRP002593,,MANDI016,WH-West,16.4,711.5,HR92CD9355,DRV114
TRP006040,,mandi001,WH-West,2.8,139.6,DL38CD7324,DRV921
TRP005071,,mandi_057,WH-South,14.3,579.9983789812,HR67BC2127,DRV813
TRP005497,,mandi007,WH-North,3.4,200.99943823314,RJ54CD8999,DRV928
TRP006038,,mandi_022,Export-Terminal,2.3,104.3,HR73BC3659,
TRP009725,,MANDI-010,WH-East,17.6,805.7977479018119,PB50CD3522,DRV330
TRP007244,,MANDI006,WH-East,6.3,278.4,DL72BC5460,
TRP007540,,MANDI-006,WH-West,17.5,746.8,,DRV477
TRP009767,,mandi055,WH-Central,23.4,980.0972607577139,,DRV341
TRP002484,,MANDI-020,Export-Terminal,13.6,749.6,,DRV574
TRP006805,,050,WH-South,18.4,1059.1,UP74BC2059,
TRP007595,,M022,Export-Terminal,,320.8,PB82BC5221,
TRP006264,,MANDI023,WH-East,,937.897378700806,DL58BC2184,DRV567
TRP003520,,038,Export-Terminal,7.0,322.9,HR50DF1407,DRV558
TRP003398,,mandi_034,WH-South,9.1,376.3,DL20AB6007,
TRP009497,,MANDI002,Export-Terminal,13.9,756.897884570466,RJ66CD3097,DRV716
TRP004257,,mandi_014,Export-Terminal,19.9,859.097598935774,DL20DF9465,
TRP008954,,MANDI034,WH-North,12.0,692.0,HR19BC3534,DRV456
TRP006119,,MANDI-005,WH-North,,154.8,,
TRP008314,,MANDI-038,WH-South,,954.3,HR49BC3942,DRV860
TRP007054,,MANDI035,WH-Central,,614.2,DL27CD2144,DRV258
TRP007709,,MANDI049,WH-West,10.0,434.4,UP67AB6793,
TRP005118,2026-05-07,MANDI055,WH-North,6.3,326.699086919238,,DRV726
TRP009630,,MANDI041,WH-North,12.7,686.3,RJ11AB6986,DRV831
TRP004263,,MANDI-048,Export-Terminal,13.3,544.098479316674,RJ98CD1723,DRV979
TRP009511,,MANDI-035,Export-Terminal,14.0,802.1,UP41DF4755,DRV194
TRP002515,,MANDI-034,WH-Central,19.6,1010.9,PB62DF6768,
TRP001499,,mandi006,WH-North,23.4,1236.7,HR87DF7584,DRV479
TRP001924,,MANDI046,WH-South,18.9,1029.8,DL78DF6455,DRV491
TRP001480,,MANDI009,Export-Terminal,,957.49732392155,,DRV457
TRP006216,,MANDI014,WH-South,20.5,943.4,RJ76DF7522,DRV352
TRP009017,,mandi_057,WH-Central,4.5,189.0,HR94BC4114,DRV817
TRP009533,,mandi_005,WH-East,,1035.697105363498,DL72CD1298,DRV917
TRP000618,,mandi_054,WH-North,2.8,118.1,DL72AB6267,DRV402
TRP001672,,MANDI-022,WH-West,20.5,1184.0,UP84DF9003,DRV389
TRP009419,,MANDI003,WH-South,22.7,971.8,HR16AB2091,
TRP009125,2026-06-26,MANDI005,WH-South,,164.3,DL51DF7517,DRV125
TRP000466,,mandi014,WH-South,,905.5,UP90DF9533,DRV141
TRP004029,2026-05-05,MANDI015,WH-West,5.0,280.0,HR79CD2078,DRV248
TRP004192,2026-07-09,M026,WH-South,17.7,987.9,UP67AB8227,DRV961
TRP009356,2026-03-18,MANDI-011,Export-Terminal,19.8,1159.396759639316,HR88BC3606,
TRP009476,,mandi021,WH-North,7.0,389.49891140203,PB11AB3408,DRV803
TRP005270,,mandi_042,WH-North,,377.5,DL26CD7062,DRV640
TRP007541,2026-09-02,MANDI012,WH-South,,578.99838177606,PB53AB6049,DRV532
TRP007803,,mandi006,WH-East,8.3,486.4,RJ43DF4296,DRV587
TRP006897,2026-03-29,MANDI039,WH-Central,15.7,755.4,PB92BC3344,DRV678
TRP000746,,mandi_015,WH-East,16.1,881.0,DL98CD7048,DRV134
TRP005851,,MANDI008,WH-West,,861.297592787082,,DRV555
TRP008442,,mandi_002,WH-West,,985.6,HR30BC2683,DRV112
TRP006865,,mandi_038,WH-South,4.8,204.0,,DRV590
TRP008285,,MANDI048,Export-Terminal,4.3,208.9,RJ33BC6256,DRV716
TRP000711,,MANDI037,WH-South,,466.0,HR67AB7005,
TRP000380,,mandi_015,WH-East,,731.5,PB35CD5887,DRV627
TRP006930,,M021,WH-West,16.1,810.1,UP22DF5707,DRV435
TRP007273,2026-02-18,MANDI-056,Export-Terminal,22.3,1287.6,DL61CD9242,DRV538
TRP009216,,M005,Export-Terminal,20.5,1080.896979035826,PB49DF2765,DRV107
TRP007786,,MANDI036,WH-South,5.2,289.2,HR56AB8342,DRV345
TRP007758,,mandi_001,WH-East,3.6,162.6,HR17AB4953,DRV764
TRP007923,2026-03-05,mandi046,WH-West,12.7,668.4,PB90CD8860,DRV356
TRP004348,,MANDI054,WH-East,17.0,989.2972350450019,UP45BC1683,DRV298
TRP008094,,MANDI-014,WH-North,19.8,936.5,RJ49AB8148,DRV746
TRP002120,2026-07-05,MANDI036,WH-South,18.3,968.6,,
TRP008595,,MANDI029,Export-Terminal,16.9,705.0,PB56AB9038,DRV764
TRP007274,,MANDI040,WH-West,16.9,788.8,PB73DF6300,DRV821
TRP008368,,MANDI037,WH-West,7.0,322.99909726021997,RJ78DF1809,DRV210
TRP007769,2026-06-05,mandi033,WH-Central,7.5,305.9,PB43BC4973,DRV698
TRP007513,,MANDI004,WH-South,11.6,498.8,PB90DF1744,
TRP005545,,MANDI030,WH-East,11.9,502.5,HR92AB9172,DRV123
TRP001314,,MANDI025,WH-North,9.5,404.2,PB45DF6708,
TRP006188,2026-03-04,mandi_026,WH-East,,92.099742593394,HR23DF6752,DRV945
TRP006081,2026-04-23,mandi008,WH-North,6.3,286.5,PB62CD5157,DRV602
TRP006152,2026-03-15,MANDI030,WH-North,21.6,1018.9,DL34BC4813,DRV898
TRP002389,,MANDI008,Export-Terminal,10.4,605.1,,DRV191
TRP003288,,M046,WH-West,15.9,888.1,,
TRP005936,,MANDI038,Export-Terminal,11.7,689.0,HR29AB7041,DRV385
TRP002139,,M013,WH-South,,287.9,RJ70AB6904,DRV703
TRP001286,,MANDI023,Export-Terminal,3.4,197.9,DL61BC7004,DRV694
TRP004774,2026-02-15,036,WH-East,19.9,814.49772358653,RJ23AB3423,DRV785
TRP005993,,MANDI007,WH-South,18.7,824.6,UP23AB2464,DRV909
TRP001350,2026-09-03,MANDI010,WH-Central,,624.6,HR75BC3138,DRV164
TRP003446,2026-01-11,MANDI036,WH-West,11.3,500.6,,DRV745
TRP005703,,mandi_039,Export-Terminal,10.7,537.0,RJ85DF1690,DRV308
TRP006927,2026-02-06,MANDI028,Export-Terminal,12.6,569.3,,
TRP005886,,mandi_050,WH-West,7.2,311.4,RJ26BC9920,
TRP000428,,mandi_008,WH-East,10.0,411.49884991511,DL29DF3176,DRV180
TRP000654,2026-08-24,MANDI023,WH-North,7.3,426.9,UP62BC7516,DRV365
TRP008427,,mandi_004,Export-Terminal,21.6,1275.4,PB97DF7355,DRV665
TRP002151,,M022,WH-North,7.7,309.59913471134405,UP78BC5974,DRV555
TRP008296,,mandi_013,WH-West,20.2,884.9,PB95AB3510,DRV973
TRP007671,,MANDI051,WH-Central,9.9,445.4,HR48DF9576,DRV440
TRP008267,,006,WH-West,,198.5,UP11DF9291,DRV660
TRP003858,,MANDI026,WH-North,,648.8,DL76DF5744,DRV478
TRP005175,,MANDI027,WH-South,5.6,276.4,,DRV871
TRP008635,,MANDI-040,WH-North,2.3,115.5,HR62BC1719,DRV881
TRP007943,2026-06-24,MANDI019,Export-Terminal,,1043.4,RJ66CD5141,
TRP007471,,MANDI041,WH-South,,879.4,,DRV758
TRP003388,,MANDI013,WH-South,17.7,745.3,HR32CD6594,DRV521
TRP004925,,MANDI026,WH-Central,4.0,230.8,HR32BC7899,DRV866
TRP000612,2026-05-16,MANDI-041,WH-West,14.5,743.9,RJ85CD8313,DRV690
TRP004748,,MANDI029,WH-East,13.0,610.5,UP17CD9370,DRV353
TRP005528,,MANDI004,WH-West,18.4,1031.0,HR76BC6756,DRV199
TRP007021,,MANDI022,Export-Terminal,18.0,813.2,DL35DF5394,DRV599
TRP007062,,MANDI-005,WH-East,6.4,327.3,DL38BC2971,DRV201
TRP004576,,MANDI045,WH-North,3.4,158.6,UP74BC2029,DRV145
TRP006576,,mandi030,WH-North,20.6,1005.5,DL73BC2035,DRV579
TRP001119,,MANDI-031,WH-North,,140.5,UP76DF3899,DRV498
TRP000555,2026-02-28,MANDI031,WH-West,17.3,783.8,PB72AB6003,DRV731
TRP007775,,MANDI023,WH-Central,11.9,588.398355504376,HR51DF1885,
TRP000512,,M025,WH-East,10.3,542.6,DL85DF1401,DRV294
TRP007170,,M055,Export-Terminal,20.4,1152.2,HR69CD5714,DRV675
TRP007546,,MANDI-002,WH-East,15.9,644.8,,DRV859
TRP000968,,MANDI052,Export-Terminal,2.3,131.2,HR22AB3593,DRV507
TRP008562,,M036,WH-South,10.7,545.9,,DRV318
TRP002514,2026-06-12,mandi_032,WH-West,11.7,649.5,DL33AB5714,
TRP006750,,MANDI042,WH-East,23.5,1163.5,UP57AB8580,DRV561
TRP002237,,mandi_002,Export-Terminal,,856.9,PB32AB3822,DRV215
TRP007387,2026-08-04,MANDI044,WH-East,5.6,313.4,RJ64BC3305,DRV762
TRP009461,2026-05-08,MANDI026,Export-Terminal,,470.1,DL33BC2256,
TRP008291,,MANDI004,WH-East,22.8,1193.1,PB65BC1624,DRV190
TRP006481,,M044,WH-West,,529.4,,DRV786
TRP005654,,MANDI-002,WH-Central,3.5,149.4,RJ53BC6241,DRV988
TRP009014,,MANDI-036,WH-East,3.9,202.9,RJ47CD1077,DRV622
TRP008808,,mandi053,WH-East,,1230.8,DL79BC5589,DRV420
TRP007563,,M057,WH-South,15.5,772.8,,DRV469
TRP002458,,MANDI057,Export-Terminal,15.5,919.0,,DRV630
TRP006484,,MANDI046,WH-East,,725.5,HR50BC4410,DRV354
TRP005825,,MANDI037,WH-South,20.3,960.5,DL58DF7320,DRV649
TRP005222,2026-05-08,047,WH-South,8.4,450.7,HR74DF8711,DRV804
TRP007169,,008,WH-East,11.1,455.298727500242,DL74BC3688,
TRP007970,,MANDI055,WH-East,23.0,1012.6,UP38BC4980,DRV255
TRP001110,,M004,WH-Central,22.5,1037.4,PB83AB3784,DRV470
TRP006246,,mandi010,Export-Terminal,14.6,819.4,HR32AB8091,DRV715
TRP005528,,MANDI004,WH-West,18.4,1031.0,HR76BC6756,DRV199
TRP001039,,mandi_051,WH-North,3.3,174.3,UP57BC6637,
TRP000021,,M050,WH-South,19.9,1044.3,RJ54DF3193,DRV246
TRP004138,,MANDI049,WH-North,,865.5,,DRV856
TRP002499,,M033,Export-Terminal,4.8,285.6,UP63BC5210,
TRP004956,2026-04-06,MANDI018,Export-Terminal,17.1,748.9,HR14BC4388,DRV204
TRP002964,2026-04-08,MANDI004,WH-South,14.8,634.2,DL51AB7822,DRV765
TRP000935,,MANDI-003,Export-Terminal,13.2,712.0,UP23AB8261,DRV677
TRP009465,,004,WH-West,2.4,103.6,RJ43AB5020,DRV567
TRP004129,,MANDI051,WH-South,,1079.3,,
TRP000395,,mandi043,Export-Terminal,2.3,102.299714085822,RJ19DF5563,DRV668
TRP002466,,MANDI027,WH-West,10.8,599.4,UP69DF1814,DRV859
TRP001738,,MANDI044,WH-Central,,1101.1,HR95BC5790,
TRP000562,,026,WH-West,16.6,748.7,DL77CD7017,DRV382
TRP001163,,MANDI029,WH-West,18.8,1034.4,RJ50BC1499,DRV342
TRP009574,,MANDI010,WH-East,,676.7,PB64BC7969,DRV158
TRP009046,,MANDI023,WH-South,,926.9,RJ86DF8368,
TRP003210,2026-09-01,M005,WH-South,23.4,1215.2,DL50CD8371,DRV584
TRP001528,,049,WH-North,11.4,506.5,PB99CD9691,DRV689
TRP006654,,mandi029,WH-North,5.6,240.3,PB80BC2503,DRV850
TRP009862,2026-08-09,MANDI046,WH-West,17.5,911.6,UP39CD2038,DRV606
TRP000059,,mandi053,WH-East,2.6,109.1,UP79BC8578,DRV941
TRP002192,,mandi_057,WH-South,11.8,579.8,DL48AB4945,
TRP008313,,MANDI044,WH-North,7.5,303.2,HR90BC2935,DRV313
TRP002738,2026-04-17,mandi_044,WH-North,23.1,1290.8,,
TRP006572,2026-05-25,MANDI056,WH-West,23.3,1343.1,DL10BC8687,DRV884
TRP002465,2026-04-17,MANDI032,WH-South,2.9,119.3,PB80CD2152,DRV265
TRP003992,,MANDI032,WH-North,9.1,376.9,UP97AB1740,DRV522
TRP004485,2026-07-29,MANDI-013,WH-South,17.9,1054.3,DL64AB2644,DRV195
TRP005663,,MANDI046,WH-Central,18.7,1100.796923418112,RJ65CD2599,DRV222
TRP004717,,MANDI-023,WH-East,2.0,100.6,HR64BC2212,DRV343
TRP000415,,MANDI038,WH-North,11.8,586.3,PB73CD4615,DRV433
TRP009878,2026-07-23,mandi_002,WH-Central,15.9,855.7,PB48AB9972,DRV770
TRP008044,,mandi_052,WH-Central,17.3,1029.5,PB27CD7272,DRV547
TRP002983,,MANDI018,WH-West,,727.2,UP86DF3736,DRV276
TRP007338,,MANDI-010,WH-South,10.9,571.99840134008,RJ94BC4726,
TRP005610,,MANDI-029,WH-South,15.6,930.4,RJ59BC9138,
TRP009895,,038,WH-Central,11.8,677.098107600294,DL88BC5170,DRV301
TRP005737,,MANDI051,WH-North,11.7,501.5,RJ82AB7832,DRV307
TRP006907,,MANDI009,WH-North,7.6,427.9,RJ78AB9148,DRV707
TRP004984,,MANDI-005,WH-South,3.0,121.7,,DRV308
TRP001898,,MANDI008,WH-South,4.2,219.9993851308,UP93CD6381,DRV176
TRP006974,,MANDI-038,WH-Central,4.2,196.4,DL52BC5906,DRV219
TRP007342,,mandi_010,WH-East,21.9,1175.4,HR30AB5686,DRV816
TRP009395,,MANDI-046,WH-Central,7.1,389.9,RJ66AB4048,DRV774
TRP007603,,MANDI007,WH-North,7.6,317.5,HR16DF9651,DRV798
TRP008329,,MANDI009,WH-East,,612.9,,DRV435
TRP001818,,MANDI-003,WH-Central,7.7,348.6,RJ58AB1256,DRV369
TRP001938,2026-09-08,MANDI045,WH-Central,23.9,1043.0,HR82BC6999,DRV479
TRP004973,,MANDI053,Export-Terminal,,209.1,RJ77DF4120,DRV293
TRP002073,,mandi_021,WH-North,13.6,742.6,RJ86AB2432,
TRP001727,,M045,WH-North,18.4,974.2,PB91BC1247,DRV378
TRP001048,2026-01-02,mandi_019,WH-North,10.3,518.298551424062,UP55CD6311,DRV286
TRP009563,,mandi_044,WH-Central,7.9,432.8,PB14CD8797,
TRP003947,2026-01-03,MANDI041,WH-East,2.2,93.3,DL48DF3701,DRV230
TRP008695,,MANDI029,WH-North,10.1,438.098775571834,DL44AB2270,DRV522
TRP000767,,mandi_019,WH-East,,190.5,,
TRP001145,,mandi_006,WH-West,,360.0,RJ32BC3908,DRV483
TRP008027,2026-01-22,MANDI-050,WH-Central,12.6,553.2,,DRV220
TRP002426,,mandi_048,WH-North,11.1,454.1,DL84AB5852,DRV570
TRP004608,2026-07-18,MANDI043,WH-Central,20.3,1124.9,RJ68DF6360,DRV874
TRP005795,,MANDI020,WH-South,23.6,1390.6,,DRV947
TRP008366,,MANDI053,WH-West,21.9,1208.8,PB70CD4372,DRV366
TRP003048,2026-06-11,M024,WH-East,,199.2,,DRV887
TRP008824,,MANDI-015,WH-West,,101.2,PB44DF9979,DRV163
TRP008397,,MANDI046,WH-Central,,1198.5,HR13AB5890,DRV194
TRP002674,,037,WH-South,13.9,556.6,PB54BC7573,DRV604
TRP000829,,mandi_043,WH-North,20.7,1173.4,,DRV849
TRP007079,,M029,WH-North,10.8,495.4,,DRV426
TRP001673,2026-05-18,mandi_043,WH-West,3.2,167.0,PB21DF9280,DRV645
TRP003035,,MANDI039,WH-Central,17.2,1001.4,HR41BC1824,DRV254
TRP006265,,MANDI029,WH-West,,235.1,DL35BC3927,DRV716
TRP007873,,MANDI-044,WH-North,,976.7972699807519,,DRV578
TRP002358,,MANDI037,WH-South,6.5,389.4,HR89AB9617,DRV568
TRP008293,,mandi_037,WH-Central,,889.9,UP37BC2677,DRV883
TRP007524,,MANDI048,WH-Central,13.0,629.1,PB85CD4848,DRV791
TRP002046,,M038,WH-East,,825.3,,DRV812
TRP006791,,MANDI030,WH-South,22.1,1249.6,UP72CD5623,DRV610
TRP009628,,MANDI031,WH-South,17.7,1021.9,DL72AB6782,DRV473
TRP002814,,mandi_013,WH-East,19.5,981.1,DL75BC4198,
TRP001296,,MANDI-011,Export-Terminal,4.5,210.3,HR92BC4097,DRV349
TRP009228,,M034,WH-North,14.4,765.9,UP91AB8186,DRV758
TRP000592,,MANDI002,WH-East,10.0,562.6,RJ64BC1355,
TRP000222,,MANDI057,WH-West,4.0,238.899332307946,,DRV211
TRP005961,,MANDI004,WH-North,19.9,1190.096673837114,HR90AB4081,DRV583
TRP006131,,MANDI042,WH-East,6.5,311.3,HR64BC3096,DRV578
TRP004818,,mandi_003,Export-Terminal,14.5,803.6,UP96CD8171,DRV831
TRP000859,,MANDI-037,WH-South,22.5,1045.2970785328419,HR69CD2690,DRV489
TRP007638,,MANDI014,WH-Central,22.2,984.9,DL89CD9770,DRV300
TRP005437,2026-07-13,MANDI-020,Export-Terminal,20.8,1007.0,RJ77CD2726,DRV766
TRP005088,2026-02-22,MANDI057,WH-West,,1267.9,PB39BC8534,DRV377
TRP000842,2026-04-06,MANDI037,WH-West,8.1,431.8,DL22DF3513,DRV516
TRP009509,,MANDI-027,WH-South,11.6,551.7,,
TRP002767,,MANDI017,Export-Terminal,23.3,1065.5,HR88AB4307,DRV219
TRP007913,,MANDI056,WH-South,5.4,269.5,,DRV421
TRP000995,,MANDI022,WH-South,5.0,237.4,RJ46DF8779,
TRP005677,,MANDI-045,WH-South,22.6,1150.1,,DRV909
TRP001555,,mandi017,WH-East,7.4,411.9,HR91DF7769,DRV637
TRP005578,,MANDI002,Export-Terminal,10.1,598.6,UP24BC7719,DRV300
TRP002621,,MANDI030,WH-North,,201.1,UP23AB8722,
TRP009176,,MANDI039,WH-North,6.3,302.3,RJ41AB8637,DRV736
TRP002516,,mandi_030,WH-Central,4.7,194.8,,DRV268
TRP002545,,MANDI043,WH-West,,306.9,UP26AB1359,
TRP008135,2026-09-04,mandi_039,WH-South,6.1,354.2,,DRV441
TRP004851,2026-04-08,MANDI049,WH-North,22.1,886.0,PB81CD2197,
TRP008096,2026-06-26,mandi039,WH-Central,22.8,1234.196550583788,,DRV949
TRP006621,,mandi_009,Export-Terminal,5.1,297.6,,DRV618
TRP007489,,mandi036,WH-South,,1126.9968501927801,,DRV540
TRP008841,,MANDI003,WH-Central,21.2,1176.1,UP66DF4106,
TRP000401,,MANDI026,WH-South,16.7,807.6,,
TRP003140,,mandi013,WH-West,,847.6,,DRV556
TRP006977,2026-01-15,M005,WH-Central,23.8,1124.4,PB54CD7651,DRV682
TRP003725,,MANDI007,WH-East,,842.9,UP99CD5539,DRV252
TRP002338,,M049,Export-Terminal,19.2,851.5,,DRV584
TRP006966,2026-08-12,mandi_024,WH-West,8.1,456.2,RJ47BC6663,DRV724
TRP003816,,MANDI044,Export-Terminal,13.9,707.0,UP37CD1154,
TRP000060,,MANDI043,WH-East,,986.99724147318,PB51AB9125,DRV643
TRP005821,,mandi_048,Export-Terminal,3.3,170.0,RJ33AB4868,DRV526
TRP008679,,MANDI-039,WH-Central,5.0,274.0,PB70CD6321,DRV406
TRP003405,,MANDI-032,WH-East,12.6,705.1,RJ52AB5994,DRV376
TRP004128,,MANDI011,WH-North,12.9,719.0,UP47DF7860,DRV489
TRP001329,,MANDI051,WH-North,21.8,1135.8,UP31CD4579,DRV859
TRP002612,,MANDI-006,Export-Terminal,20.5,938.7,DL43DF9037,DRV986
TRP002390,,MANDI-041,WH-South,3.3,179.699497763658,,DRV193
TRP003621,,MANDI-026,WH-West,9.4,535.9,UP43BC6801,DRV301
TRP005557,,M035,WH-East,12.1,634.7,UP18CD8420,
TRP001551,,MANDI-010,WH-South,5.6,295.3,HR66DF3745,
TRP001010,,MANDI050,WH-West,23.7,1234.1,DL80DF1772,DRV465
TRP001613,,mandi_051,WH-South,20.0,813.2977269403619,HR24DF9806,DRV693
TRP003016,,MANDI-047,Export-Terminal,6.1,284.6,DL46AB1020,
TRP006381,,M016,WH-North,17.8,992.3,PB26BC6019,DRV138
TRP000649,,MANDI041,WH-North,23.4,1075.7,RJ72BC5040,
TRP000880,,012,WH-West,13.4,763.5,HR90DF4165,DRV155
TRP003618,,041,WH-East,6.3,324.8,PB19BC8264,
TRP008382,,MANDI029,WH-West,17.6,867.3,DL32AB4013,DRV181
TRP005467,,mandi007,WH-South,19.8,1114.1,HR54BC8341,DRV149
TRP000551,,mandi_001,WH-South,21.5,951.5,RJ34AB4269,DRV587
TRP009030,,MANDI011,WH-West,7.0,355.0,UP47DF1970,DRV846
TRP003882,,MANDI045,WH-East,3.2,166.9,,DRV409
TRP004081,,M021,WH-East,21.5,999.3,RJ34BC7889,DRV654
TRP006433,,M033,WH-South,3.9,216.0,UP25BC8512,DRV555
TRP000212,,mandi_045,WH-North,12.2,654.0,HR81DF5679,DRV334
TRP002863,2026-05-11,MANDI032,WH-North,16.4,761.9,RJ77AB8089,
TRP004519,,M035,WH-South,17.8,890.7,,DRV879
TRP009978,,MANDI-045,Export-Terminal,3.5,173.2,PB40CD9808,DRV512
TRP001439,,MANDI018,WH-East,15.9,890.7,,
TRP007230,,MANDI054,WH-Central,19.8,997.797211288692,UP84DF5617,
TRP000697,,mandi043,WH-South,13.4,612.298288707222,HR80AB2680,DRV345
TRP007052,,MANDI043,WH-Central,21.7,878.5,PB63DF8462,
TRP005401,,mandi016,WH-South,3.5,141.0,UP23CD7285,
TRP001315,2026-05-13,mandi_004,Export-Terminal,20.2,912.3,RJ79CD7871,DRV263
TRP008168,,MANDI038,WH-East,2.4,128.89963974254601,UP44CD8237,DRV680
TRP005423,,MANDI051,WH-South,19.9,833.9,RJ43BC3880,DRV196
TRP000013,,MANDI004,Export-Terminal,8.8,354.7,DL99DF7094,DRV762
TRP005141,,M027,Export-Terminal,8.3,474.2,UP64BC8037,DRV282
TRP007283,,mandi019,WH-North,14.0,674.4,UP73CD9726,DRV602
TRP001347,,mandi_034,WH-North,14.5,666.3,,DRV157
TRP009000,,mandi_056,WH-North,,471.3,UP72AB3304,DRV332
TRP000454,2026-01-17,MANDI-049,WH-West,15.0,672.3,HR77DF9065,DRV434
TRP005538,,mandi031,WH-West,,144.6,RJ41BC5641,DRV683
TRP005894,,MANDI043,WH-East,13.0,523.8,HR95BC6740,DRV359
TRP002459,,mandi_049,WH-West,13.3,726.5,PB68DF9709,DRV247
TRP009080,,MANDI001,WH-East,20.3,1155.6,HR82DF8954,DRV660
TRP007064,2026-05-26,MANDI009,Export-Terminal,16.9,970.9,RJ95CD4009,DRV698
TRP000038,,MANDI056,WH-North,19.5,1022.5,DL50BC9760,
TRP001044,,mandi019,WH-South,4.5,220.2,DL73DF6913,DRV301
TRP004904,,045,WH-North,,325.6,HR44CD4654,
TRP000941,2026-05-17,mandi_049,WH-West,20.0,980.9,PB12DF9176,DRV627
TRP009258,2026-08-26,mandi_032,WH-South,9.9,486.2,DL91AB8665,DRV290
TRP003990,,MANDI038,WH-Central,17.7,820.6,HR65DF5919,DRV802
TRP003974,,mandi_046,WH-West,21.8,1270.7,RJ51DF3258,DRV885
TRP000539,,MANDI031,WH-West,22.4,974.7972755704719,RJ63AB7866,DRV377
TRP006334,2026-01-11,mandi048,Export-Terminal,21.9,1089.3,UP85BC8850,DRV690
TRP008721,2026-02-03,MANDI004,WH-West,8.1,457.1,PB42DF3417,DRV213
TRP001401,2026-07-04,mandi021,WH-North,20.5,980.8,PB43BC9930,DRV358
TRP009085,2026-03-04,MANDI-003,WH-Central,21.0,851.8,,DRV723
TRP005861,,021,Export-Terminal,18.0,1075.9,RJ94DF9004,DRV803
TRP009011,,mandi_040,Export-Terminal,12.2,553.3,HR94BC2050,DRV110
TRP006045,,MANDI001,WH-South,9.9,520.3,DL24DF9759,
TRP009662,,MANDI-004,WH-West,2.6,112.8,HR90AB5204,DRV127
TRP004227,,MANDI-050,WH-East,13.9,642.6,PB87BC5420,DRV618
TRP006696,,mandi_022,WH-Central,7.8,430.2,DL43BC9567,DRV701
TRP004402,,mandi_017,WH-North,21.9,1007.7,,DRV914
TRP004103,,MANDI006,Export-Terminal,16.6,773.9,HR25CD2769,DRV528
TRP002520,,MANDI057,WH-South,18.4,823.697697873818,RJ25DF4006,DRV666
TRP009969,,006,WH-East,,802.2,DL89DF7794,DRV524
TRP003622,,MANDI-027,Export-Terminal,22.5,1327.99628842592,DL13CD3252,DRV529
TRP008523,,MANDI-045,Export-Terminal,6.4,326.8,UP99AB7236,DRV850
TRP009417,,MANDI031,WH-North,4.4,236.49933901561,PB58AB6031,DRV453
TRP005122,,MANDI003,WH-Central,3.1,145.6,,DRV979
TRP001740,,M031,WH-North,8.7,471.8,PB70BC3166,DRV619
TRP003071,2026-02-01,MANDI021,WH-Central,10.7,633.5,,DRV477
TRP009368,2026-09-06,MANDI017,WH-South,13.3,561.5984304066241,UP59DF2448,DRV475
TRP008661,,027,WH-East,20.4,964.1,DL16DF7050,DRV142
TRP000766,,M024,WH-East,4.4,242.8,DL68CD8432,DRV199
TRP006238,,M012,WH-Central,,1063.8,PB11CD1285,DRV109
TRP007696,,mandi045,WH-North,4.1,236.5,HR62BC5815,
TRP003111,,MANDI025,WH-Central,5.6,303.0,RJ56CD4424,DRV953
TRP001564,,mandi035,WH-Central,19.2,977.5,DL18AB4966,
TRP003245,,MANDI035,WH-Central,22.2,1024.6,HR30CD4579,DRV546
TRP002413,,MANDI038,WH-Central,6.1,292.0,PB37CD8767,DRV272
TRP009227,,MANDI038,WH-Central,13.0,603.3,DL50DF3737,DRV478
TRP004282,,MANDI035,WH-North,11.5,502.4,,DRV674
TRP004541,,M046,WH-North,13.7,748.1,DL35CD8429,DRV272
TRP008475,,M020,WH-South,22.3,1009.797177750372,PB40CD9672,DRV635
TRP009308,,MANDI014,WH-East,9.4,423.6,RJ59AB4572,DRV985
TRP009645,,MANDI053,WH-South,11.6,536.7,,DRV754
TRP006293,,MANDI-018,WH-West,22.7,1220.1,HR53AB6808,DRV114
TRP002454,,MANDI004,WH-East,12.9,615.8,PB11AB3986,DRV817
TRP007714,,MANDI003,WH-East,5.0,225.5,UP12DF1729,
TRP009486,,MANDI014,WH-East,19.6,913.097448013334,RJ39DF6979,DRV852
TRP002524,,MANDI007,WH-East,13.6,565.4,HR89CD9866,DRV484
TRP009029,,MANDI-024,Export-Terminal,19.2,1015.7,PB71CD2744,DRV718
TRP002679,,MANDI055,WH-Central,3.4,181.5,PB70BC9755,DRV405
TRP009585,2026-03-24,MANDI032,Export-Terminal,14.8,636.1,HR26CD8961,DRV668
TRP002214,,mandi_043,WH-North,5.7,315.2,DL52AB8444,DRV916
TRP000834,2026-05-06,013,Export-Terminal,16.6,908.9,,DRV717
TRP007092,,MANDI005,WH-West,14.7,705.2,DL26BC1092,DRV328
TRP008769,,MANDI011,WH-Central,16.1,715.7979994392119,,
TRP006024,,MANDI029,Export-Terminal,16.5,893.3,HR59BC1940,DRV448
TRP007095,,048,WH-West,3.7,185.0,UP55BC6992,DRV125
TRP005502,2026-02-25,MANDI008,WH-South,,881.4,HR51AB7615,DRV469
TRP009192,2026-04-18,MANDI018,Export-Terminal,6.0,247.199309110608,DL65AB6855,DRV903
TRP008917,,MANDI003,WH-North,14.2,797.2,DL46CD3638,
TRP008758,,MANDI001,WH-South,15.5,866.6,RJ76CD5101,DRV137
TRP006850,,009,WH-South,20.6,1121.5,RJ67BC4835,DRV462
TRP002914,,MANDI012,WH-East,2.2,104.6,DL68AB2330,DRV826
TRP004468,,MANDI023,WH-Central,6.2,254.2,PB69AB8005,DRV307
TRP009407,2026-05-06,MANDI027,WH-East,11.6,543.7,UP86BC6347,DRV637
TRP008346,,033,WH-North,17.5,1027.4,UP99CD1669,DRV835
TRP007819,,mandi052,WH-Central,,284.9992034649,,DRV847
TRP006456,,MANDI-004,WH-East,4.0,237.3,DL69DF1412,DRV420
TRP001198,,M032,WH-South,9.7,578.1,DL56BC1810,DRV407
TRP008617,,044,WH-West,3.7,172.1,PB93BC4075,DRV968
TRP003486,,MANDI010,WH-East,22.9,1243.3,,DRV915
TRP006919,,MANDI027,WH-East,9.7,539.2,HR69AB8571,DRV964
TRP001430,,MANDI028,Export-Terminal,22.3,1311.796333702652,UP94CD3336,DRV562
TRP006647,,mandi028,WH-Central,,131.59963219642398,UP16CD4485,DRV268
TRP006973,,MANDI-029,WH-West,,440.7,RJ55DF5989,DRV946
TRP001154,,M006,WH-West,4.1,187.99947456632,UP24BC3804,DRV689
TRP008380,,MANDI012,WH-Central,20.4,1015.7,HR68CD4540,DRV744
TRP005029,,MANDI021,WH-North,4.7,213.0,HR36DF4284,DRV196
TRP006859,2026-08-21,mandi_021,Export-Terminal,21.9,1123.9,HR18AB3494,DRV551
TRP008575,2026-05-11,MANDI-040,WH-East,10.9,607.6983015635781,DL47BC8081,DRV649
TRP004011,,MANDI004,WH-South,4.5,256.1,UP38BC6670,DRV947
TRP000965,,MANDI-016,WH-South,21.5,951.5,DL50CD8232,DRV612
TRP005077,,MANDI038,Export-Terminal,9.8,508.3,,DRV778
TRP006102,,MANDI-038,WH-North,17.7,867.7,HR91DF5193,DRV237
TRP003046,,mandi_057,WH-East,14.5,671.9,UP48DF8322,DRV520
TRP002378,,MANDI042,Export-Terminal,,147.6,HR51AB2709,DRV240
TRP001484,,MANDI-021,WH-South,14.6,739.3,,DRV592
TRP007402,,MANDI054,WH-Central,13.0,643.6,HR75BC6484,DRV826
TRP007177,,MANDI050,WH-South,,419.4,DL28DF3274,DRV735
TRP005968,,MANDI-008,WH-East,14.5,716.1,PB72DF5284,DRV950
TRP001427,,MANDI-041,WH-North,3.2,170.7,PB89AB2774,DRV652
TRP004004,,MANDI015,Export-Terminal,2.5,144.7,UP36CD7056,DRV560
TRP002179,,MANDI051,WH-South,9.1,439.8,DL29CD1924,DRV364
TRP006127,,M043,Export-Terminal,2.7,154.9,HR41AB8355,DRV910
TRP008694,,M055,WH-South,7.8,377.3,PB41CD4964,DRV838
TRP001058,,mandi_032,WH-Central,11.2,485.5,HR60AB6859,DRV621
TRP004581,,MANDI-048,WH-South,22.8,1141.5,DL82CD5117,DRV327
TRP005921,,MANDI036,WH-West,,285.4,HR85DF4525,DRV388
TRP003306,2026-06-29,MANDI014,WH-North,2.3,112.6,HR66AB5883,DRV676
TRP008700,2026-08-31,MANDI033,Export-Terminal,21.4,954.2,RJ44DF2169,DRV398
TRP003273,2026-03-18,mandi_011,Export-Terminal,5.8,236.2,PB95AB5726,DRV972
TRP008877,,mandi_016,WH-South,,694.7,DL77BC2468,
TRP001545,,MANDI007,WH-East,11.5,513.9,RJ56CD4678,DRV649
TRP003483,,MANDI033,WH-East,8.9,387.7,UP38DF3944,DRV137
TRP006860,,MANDI046,WH-Central,17.0,779.6,HR41AB7380,
TRP008854,,M048,WH-North,9.1,434.49878563333,UP83CD6782,DRV942
TRP004454,,mandi_032,WH-East,13.2,538.9,DL98CD5309,DRV612
TRP000725,2026-08-12,MANDI047,WH-North,22.4,1216.4,UP85AB2635,DRV163
TRP004699,,mandi_012,WH-Central,18.4,798.4,RJ33DF9849,
TRP005994,2026-01-05,MANDI038,WH-Central,6.5,263.3,HR22AB9328,DRV394
TRP001128,,029,WH-South,23.3,1177.0,DL93AB2213,DRV434
TRP004148,2026-04-17,MANDI-011,WH-South,23.6,1016.7,,
TRP005637,,mandi_017,WH-South,,173.4,,DRV207
TRP005258,,MANDI019,WH-South,11.8,489.398632195516,PB40DF2805,DRV247
TRP003551,,MANDI035,Export-Terminal,,1163.7,RJ77BC3173,DRV559
TRP006168,,017,WH-South,,566.7,,
TRP004884,,024,WH-West,9.6,533.7,HR83AB8535,DRV853
TRP009452,,mandi033,WH-Central,5.7,299.199163777888,DL17BC8801,DRV205
TRP001562,,MANDI008,WH-North,16.4,946.6,PB61CD9547,
TRP003610,,MANDI007,WH-Central,20.1,1152.6,PB64CD7546,DRV142
TRP005067,,MANDI-011,Export-Terminal,5.2,307.1,,DRV844
TRP002639,,MANDI-047,WH-North,8.0,468.9,HR91BC1796,DRV636
TRP005271,,MANDI025,WH-South,22.2,1276.9,PB65AB6614,DRV812
TRP005995,,MANDI027,WH-East,15.0,852.6,PB61AB4246,DRV811
TRP003945,,MANDI043,WH-South,9.3,557.9,,DRV901
TRP007031,,M034,WH-North,2.5,117.89967048600602,HR34AB7641,DRV512
TRP002920,,MANDI-012,WH-Central,16.9,710.8,RJ64AB9966,
TRP009399,,MANDI017,WH-West,8.0,474.398674118416,RJ71AB7504,DRV915
TRP006815,,MANDI053,WH-Central,13.1,542.4,RJ50DF1646,DRV994
TRP008225,2026-09-05,MANDI006,Export-Terminal,6.2,331.4,UP30DF3900,DRV464
TRP006761,,MANDI-054,Export-Terminal,13.5,803.6,PB11DF9385,DRV247
TRP006046,,mandi_044,WH-West,8.3,403.2,HR54CD4705,DRV180
TRP008618,,MANDI002,WH-Central,6.7,331.3,,DRV674
TRP007385,2026-06-10,MANDI003,WH-East,16.6,987.1972409142081,PB74AB6042,DRV703
TRP009040,,mandi025,WH-East,9.0,514.4,,DRV184
TRP001393,,MANDI011,WH-North,12.6,742.3,HR57AB6282,DRV482
TRP000753,,MANDI032,WH-West,21.5,1183.0,HR18BC1783,DRV128
TRP007612,,014,Export-Terminal,9.1,379.8,PB63CD7141,
TRP006106,,009,WH-North,,373.0,RJ95DF6989,DRV117
TRP004878,,MANDI-007,WH-Central,17.7,763.1,PB62BC8616,DRV730
TRP008716,2026-06-25,mandi_044,WH-West,,431.0,,DRV587
TRP000018,,mandi_022,WH-North,20.8,1144.2,,DRV658
TRP001771,,M026,WH-East,2.6,155.699564840298,PB78BC2348,DRV838
TRP001889,,MANDI017,Export-Terminal,,189.2,UP45AB1387,DRV797
TRP001643,2026-08-03,mandi_039,Export-Terminal,,491.6,UP63AB6028,DRV222
TRP002317,,mandi050,WH-East,13.7,731.6,PB45CD1750,DRV809
TRP000133,,M050,Export-Terminal,12.3,535.5,PB16AB6063,DRV243
TRP005314,,MANDI055,WH-North,,326.8,RJ67CD4759,DRV182
TRP002928,,MANDI018,WH-South,7.2,307.5,RJ73AB7277,
TRP004627,,mandi_057,WH-West,6.5,289.8,,DRV825
TRP008345,,mandi_021,WH-Central,7.5,331.0,UP16CD6401,DRV126
TRP001096,,MANDI-045,WH-East,14.2,687.0,PB87CD9717,
TRP003694,,mandi008,Export-Terminal,5.8,304.7,RJ83DF9556,DRV300
TRP009951,,MANDI042,WH-West,,535.2,DL86DF1266,
TRP000528,,MANDI-040,Export-Terminal,8.1,388.5,UP80AB1348,DRV497
TRP007832,,MANDI039,WH-West,22.4,1064.9,PB20DF4502,DRV924
TRP002003,,mandi010,Export-Terminal,12.5,702.898035492906,HR15BC6661,
TRP004140,,MANDI047,WH-South,3.9,221.3,UP12DF1736,DRV258
TRP000169,,mandi_001,WH-Central,13.4,724.9,UP16DF6756,DRV605
TRP006438,,mandi025,WH-Central,14.6,635.2,DL29CD9757,DRV413
TRP001920,,mandi001,Export-Terminal,21.9,1171.5,UP91BC3951,DRV974
TRP000702,,mandi_032,WH-North,,1098.8969287283462,UP55CD8213,DRV804
TRP006957,,MANDI013,Export-Terminal,4.6,257.7,PB27BC8465,DRV514
TRP007416,,054,WH-East,,1285.3,RJ54BC1891,DRV466
TRP003296,,M052,WH-Central,,1222.3,UP84CD9531,
TRP004133,,MANDI-034,WH-North,19.2,925.5,DL32AB7765,DRV268
TRP009124,,MANDI-015,WH-Central,21.1,971.7,,DRV580
TRP009692,,MANDI018,WH-South,2.9,163.7,PB13BC1384,DRV974
TRP000773,,mandi_040,WH-South,,592.8,PB87AB5828,DRV448
TRP001299,,MANDI057,Export-Terminal,7.8,343.699039406618,,DRV540
TRP007181,,MANDI-012,WH-West,14.6,856.8,UP94CD8003,DRV848
TRP001353,,mandi_009,WH-West,4.1,240.3,UP21BC4455,DRV654
TRP004727,,MANDI052,WH-Central,11.7,514.3,DL36BC5617,
TRP008040,,MANDI048,WH-East,19.1,1038.2,UP85CD6644,DRV375
TRP001288,,MANDI052,WH-North,,196.0,,DRV296
TRP006367,,MANDI-001,WH-South,4.8,216.4,HR83DF2906,DRV267
TRP006956,,MANDI037,WH-East,4.9,243.1,DL66AB2618,DRV248
TRP003376,,MANDI034,WH-West,,915.3,RJ21DF4785,DRV921
TRP004416,,MANDI046,WH-North,6.4,341.1,RJ28CD5387,DRV725
TRP002014,,mandi_037,WH-Central,19.1,959.1,UP22AB7003,DRV642
TRP009281,,mandi_005,Export-Terminal,,678.3,UP70AB6744,
TRP008732,,mandi_036,WH-West,8.9,446.3,DL68AB5212,DRV308
TRP006326,2026-07-16,MANDI008,WH-North,,468.9,UP68AB8116,DRV899
TRP004760,,MANDI-032,WH-East,2.5,100.2,PB64CD6385,
TRP007729,2026-01-15,MANDI040,WH-Central,20.3,942.9,PB53AB4650,DRV815
TRP002148,,MANDI008,WH-South,12.1,650.5,HR46AB1821,DRV149
TRP005913,,MANDI-045,WH-West,7.6,451.1,RJ44DF3189,DRV518
TRP007304,,MANDI048,WH-Central,22.3,1080.8,UP38BC8331,DRV479
TRP007743,,mandi_040,WH-South,13.1,765.7,,DRV533
TRP000450,,050,WH-South,14.4,794.4,UP95BC3350,DRV458
TRP004186,,019,WH-Central,11.6,670.2,PB97BC2942,DRV458
TRP001563,,M013,WH-East,17.3,1007.4,RJ17CD4192,DRV860
TRP009117,,mandi_027,WH-Central,,149.5,RJ56BC9716,DRV848
TRP000811,2026-01-09,mandi_024,WH-South,8.9,362.3,UP91CD9043,DRV336
TRP003128,,MANDI-001,WH-East,16.8,953.9,HR27CD3087,DRV102
TRP004082,,MANDI047,WH-West,19.7,864.0,DL41BC3365,
TRP003937,,MANDI056,WH-West,13.2,693.9,,DRV316
TRP004685,2026-02-13,M054,Export-Terminal,15.1,617.6,PB18BC1866,DRV503
TRP008400,,MANDI008,Export-Terminal,,568.0,RJ48AB3556,DRV102
TRP006423,,MANDI043,Export-Terminal,17.3,742.5,PB42CD6562,DRV217
TRP009587,,MANDI025,WH-West,18.0,795.1,,
TRP007324,,M003,WH-Central,4.5,231.8,UP43DF7630,DRV183
TRP001478,,M028,WH-North,,491.0,DL63BC9102,DRV948
TRP001791,,MANDI022,Export-Terminal,20.1,1088.0,HR48DF6079,
TRP002334,,MANDI028,WH-West,,353.8,RJ60AB1922,DRV144
TRP002009,,mandi017,WH-Central,16.2,826.397690327696,HR96DF1380,DRV856
TRP000683,,MANDI001,WH-East,13.5,789.1977942964879,UP41DF3672,DRV204
TRP009317,,MANDI035,Export-Terminal,15.1,859.1,DL93DF4122,DRV708
TRP007911,,MANDI003,WH-South,20.1,1197.0,PB34CD1693,DRV557
TRP002523,,mandi029,WH-East,13.9,824.9976942405,HR63DF1579,DRV720
TRP000058,2026-04-28,MANDI007,WH-South,7.8,390.7,,DRV863
TRP006462,,MANDI021,WH-East,9.3,490.398629400656,HR19DF6174,DRV433
TRP004512,,MANDI-015,WH-South,8.5,431.2,RJ97DF9124,
TRP003782,,MANDI043,WH-South,6.1,272.0,DL78AB4941,
TRP007564,,MANDI018,Export-Terminal,15.2,650.798181105112,DL24CD9223,DRV741
TRP008837,,mandi_049,WH-West,,800.8,RJ83CD9315,DRV781
TRP000047,,MANDI-029,WH-North,8.9,411.9,DL68AB6783,
TRP000031,,MANDI-023,Export-Terminal,22.7,1263.8964675764462,RJ57CD7952,DRV124
TRP004588,,MANDI020,WH-Central,8.0,342.0,,
TRP007774,,mandi_006,WH-Central,12.0,545.4,DL47DF6109,DRV589
TRP001469,,MANDI051,WH-West,10.0,477.8,DL88AB4476,DRV559
TRP001666,,MANDI-044,WH-Central,17.6,1010.9,HR54DF1566,DRV873
TRP001417,,MANDI010,WH-East,2.2,116.299674957782,DL34BC8934,DRV941
TRP002803,,M039,Export-Terminal,13.0,614.6,PB80AB9703,DRV798
TRP002359,2026-03-27,MANDI034,WH-South,,936.8,DL47DF4581,DRV776
TRP003740,,MANDI051,WH-Central,16.6,871.8,RJ95BC6057,DRV314
TRP002923,2026-08-27,mandi_022,WH-West,16.3,759.4,HR38BC8725,DRV707
TRP007882,2026-01-02,M030,Export-Terminal,11.3,557.6,PB82BC9271,
TRP007250,,MANDI030,WH-West,17.2,800.5,,
TRP000430,,mandi_044,WH-East,11.8,653.398173838476,HR97AB4024,DRV353
TRP006522,2026-02-09,MANDI-033,Export-Terminal,12.9,606.9983035199799,DL36BC6421,DRV440
TRP002496,,MANDI046,WH-East,7.9,428.0,UP25BC1779,DRV422
TRP000386,,mandi_028,WH-North,13.0,699.4980449954301,HR56CD4301,DRV468
TRP001946,2026-07-03,MANDI022,WH-South,21.6,1126.8968504722661,HR45AB8892,DRV245
TRP008772,,MANDI018,WH-East,,844.0,HR12CD1856,DRV911
TRP009778,2026-07-14,MANDI-002,WH-East,13.9,742.4,PB36DF8446,DRV394
TRP000474,,MANDI005,WH-Central,2.8,156.8,UP28AB5247,
TRP004032,,mandi_039,WH-West,11.1,492.6,RJ35BC8044,DRV890
TRP009171,,MANDI047,Export-Terminal,21.8,1118.3,DL76AB6288,DRV806
TRP007448,2026-01-05,MANDI046,WH-East,6.7,345.4,HR70AB2073,DRV574
TRP007319,,MANDI-016,WH-North,6.9,398.3,DL21AB8973,DRV698
TRP007620,,mandi_038,WH-East,15.7,911.2,,DRV104
TRP001056,,MANDI037,WH-East,19.3,1122.5,HR27AB4032,DRV151
TRP002282,2026-08-21,mandi_026,Export-Terminal,7.5,425.6,RJ49DF3472,DRV378
TRP003849,2026-07-31,MANDI027,WH-Central,17.4,955.5,DL12CD8905,DRV469
TRP005019,,M047,WH-East,14.0,658.7,RJ14BC1190,DRV273
TRP009664,,MANDI-015,WH-West,,417.8,DL78BC5436,DRV443
TRP006347,2026-03-16,mandi034,WH-East,4.4,209.5,PB25CD2687,DRV159
TRP005849,,MANDI008,WH-West,2.9,134.6,,DRV779
TRP000812,2026-04-25,MANDI-003,WH-West,4.2,227.29936472832202,PB54AB7402,DRV685
TRP008090,,mandi033,WH-Central,5.7,330.4,UP65AB7034,DRV613
TRP007543,,MANDI016,WH-East,17.7,958.5,RJ94AB9447,DRV742
TRP002816,,mandi049,WH-South,11.9,537.1,HR91DF8380,DRV551
TRP008825,,mandi_032,WH-North,15.9,822.1977020661079,,DRV110
TRP006792,2026-04-02,MANDI-042,WH-Central,18.4,1045.4,PB78AB7073,
TRP000112,,mandi_048,WH-North,22.7,1204.6,RJ10BC7198,
TRP009268,2026-04-01,MANDI012,WH-West,23.4,1050.6,RJ83CD5914,DRV913
TRP006302,2026-02-24,MANDI037,WH-East,19.4,1005.0,UP34DF6919,DRV368
TRP001746,,mandi_027,Export-Terminal,22.9,1195.2,,DRV584
TRP003182,,MANDI028,WH-Central,5.3,249.3,RJ18AB8204,DRV206
TRP001453,,MANDI051,WH-South,18.3,1008.297181942662,DL64BC7885,DRV825
TRP002150,,MANDI004,WH-West,4.2,216.2,RJ65CD8848,DRV165
TRP000320,2026-06-13,MANDI036,WH-North,10.8,480.0986581877141,RJ76DF3988,DRV140
TRP003370,,MANDI008,WH-East,4.2,225.0,UP12BC4920,DRV266
TRP005652,,M010,WH-West,12.9,724.197975962388,HR73AB6032,DRV374
TRP001923,,mandi_054,Export-Terminal,11.8,523.8,,DRV107
TRP001576,,MANDI032,WH-West,3.7,182.0,DL48AB8973,DRV275
TRP009241,2026-07-24,M047,WH-Central,,835.3,UP43CD6271,DRV942
TRP005385,,mandi017,WH-Central,,455.8,DL50CD9504,DRV173
TRP008714,,mandi_037,Export-Terminal,15.6,746.2,DL35BC4901,
TRP007826,,MANDI005,WH-East,12.6,704.4,PB46DF3741,DRV429
TRP002130,,MANDI-042,WH-East,10.1,510.19857406242795,,
TRP008611,,MANDI011,WH-East,8.4,400.2,RJ36DF6454,DRV365
TRP005911,,mandi_026,WH-North,3.6,202.1,UP45DF5081,DRV918
TRP006826,,MANDI040,Export-Terminal,7.7,353.799011178532,,DRV444
TRP003419,,MANDI056,WH-West,18.8,1040.7,RJ69DF5160,DRV377
TRP008129,,MANDI006,WH-West,16.3,681.6,RJ24AB4684,DRV446
TRP009959,,MANDI-036,Export-Terminal,,821.397704301996,DL59BC8097,DRV788
TRP004190,,MANDI-004,Export-Terminal,19.6,925.4,PB55AB5093,DRV753
TRP009447,,mandi022,WH-West,13.0,738.3,UP20CD1792,
TRP001053,,mandi_043,WH-East,8.8,486.198641139068,PB74BC2204,
TRP004526,,mandi_021,WH-North,5.7,308.9,DL60CD1340,DRV423
TRP004334,,MANDI044,WH-East,23.2,1328.3,HR94CD6055,DRV505
TRP000100,,030,WH-East,10.3,566.3,RJ40AB1128,DRV298
TRP006985,,MANDI034,WH-East,11.6,634.6,,DRV887
TRP001457,,MANDI012,WH-East,,113.7,PB23BC1165,DRV714
TRP000362,,MANDI016,WH-Central,13.8,759.0,UP76BC3753,DRV638
TRP000813,,mandi_018,WH-Central,22.8,1304.1,UP23BC1334,DRV781
TRP001093,,MANDI033,Export-Terminal,23.8,1107.1,UP71BC1528,DRV759
TRP009887,,M036,Export-Terminal,17.0,1009.5,UP66AB3937,DRV126
TRP006390,,MANDI007,WH-South,6.3,294.5,RJ76BC5703,DRV784
TRP004296,,MANDI042,Export-Terminal,2.5,121.89965930656601,,DRV132
TRP008014,,MANDI-014,WH-East,18.4,898.0,HR21AB3184,DRV521
TRP009637,,MANDI024,WH-South,9.4,412.1,RJ47AB8851,DRV396
TRP007048,2026-01-21,MANDI038,WH-West,,623.9,RJ86AB3710,DRV801
TRP005509,,MANDI041,WH-West,23.5,1155.9,UP38DF5639,DRV652
TRP001415,,MANDI-046,WH-West,17.6,983.9,HR90CD2217,DRV571
TRP000541,,MANDI021,WH-North,19.8,1054.8,DL36AB2221,DRV165
TRP006346,,M054,WH-West,19.4,980.8,,DRV571
TRP004340,,MANDI027,WH-West,,724.0,PB48AB5641,DRV665
TRP001147,,MANDI004,WH-East,11.2,477.7,,DRV958
TRP008867,2026-01-03,M020,WH-Central,14.7,633.4,HR39AB3667,DRV399
TRP000755,,MANDI-035,WH-Central,14.0,668.1,PB30DF7166,DRV939
TRP007768,,MANDI049,WH-Central,20.9,1054.1,RJ20BC4354,DRV810
TRP003308,,mandi_019,Export-Terminal,11.6,599.9,DL33AB1596,DRV720
TRP009238,,M055,WH-South,13.5,730.8,DL36CD7062,DRV371
TRP009899,,mandi_021,WH-East,16.8,892.4,RJ92DF7835,DRV248
TRP009402,,MANDI013,WH-North,8.4,390.1,RJ93AB1579,DRV669
TRP006183,,MANDI045,WH-East,20.3,1026.9,,DRV181
TRP004346,,MANDI050,WH-North,12.3,567.7,HR12DF9223,DRV526
TRP003315,,MANDI031,WH-South,14.9,598.6,,DRV150
TRP007733,,mandi_033,WH-West,20.2,864.5,HR79DF8185,DRV542
TRP004462,,mandi019,Export-Terminal,8.1,477.098666572294,UP91CD9113,DRV933
TRP006904,,MANDI-015,Export-Terminal,20.9,1051.197062043168,UP47AB1937,DRV634
TRP008820,2026-01-11,MANDI-003,WH-South,,257.4,DL95CD6583,DRV520
TRP007486,,MANDI044,WH-South,18.7,1098.8,HR37BC4150,DRV463
TRP006028,,mandi_040,WH-Central,,825.8,UP67DF4313,DRV777
TRP004794,,MANDI019,WH-Central,4.8,198.8,PB27CD9966,DRV642
TRP009793,,MANDI024,WH-North,10.0,452.0,DL77BC6991,DRV402
TRP000602,2026-01-31,MANDI023,WH-Central,4.4,219.3,PB23CD3651,DRV580
TRP002824,,MANDI021,WH-East,14.0,670.6,UP99DF6420,DRV948
TRP009278,,mandi_039,WH-Central,18.0,998.2,UP72DF9848,DRV500
TRP003543,2026-08-27,MANDI047,WH-South,23.0,1032.9,RJ18BC9691,DRV724
TRP005066,,MANDI052,WH-North,14.1,815.4,,DRV880
TRP009005,2026-08-25,MANDI020,WH-West,6.7,336.59905925012407,RJ16DF1460,DRV333
TRP007952,,MANDI016,WH-Central,,665.298140579642,DL66AB2918,DRV823
TRP005154,2026-02-06,mandi_007,WH-Central,5.2,262.799265510792,DL36DF3766,DRV713
TRP001045,,MANDI017,WH-North,18.5,1047.9,PB12CD8418,DRV208
TRP007979,,MANDI004,Export-Terminal,18.4,886.7,RJ36BC3059,DRV930
TRP001558,2026-08-16,mandi_040,WH-West,7.8,387.5,DL24DF4049,DRV327
TRP007269,,mandi_020,WH-South,15.8,692.8,UP55AB6123,DRV287
TRP001488,,MANDI-019,WH-North,15.2,885.5,DL43CD9360,
TRP007429,2026-02-09,MANDI008,WH-North,2.1,88.8,,DRV764
TRP000181,2026-01-21,MANDI-044,WH-North,8.1,340.7,UP54AB8674,DRV858
TRP005932,2026-02-20,mandi_044,WH-Central,18.0,916.1,UP70BC1577,DRV974
TRP002116,,MANDI017,WH-South,3.2,172.7,DL52BC1124,
TRP001700,2026-07-30,MANDI001,WH-South,21.8,1043.7,HR12CD4532,DRV949
TRP001380,,MANDI007,Export-Terminal,12.5,649.3,DL15CD4679,DRV633
TRP009686,2026-05-17,mandi_052,WH-Central,17.5,897.6,HR66CD4030,DRV659
TRP003678,,MANDI023,WH-Central,,430.3,DL24CD6372,DRV164
TRP007866,,mandi_014,WH-South,,742.1979256549082,,DRV412
TRP009877,,MANDI048,WH-West,6.0,313.4,PB81AB9850,
TRP000619,2026-08-27,mandi039,WH-North,,797.8,,DRV335
TRP009280,,MANDI003,WH-South,,165.5,,DRV463
TRP001374,,MANDI002,WH-West,15.6,785.8,DL42CD2564,DRV999
TRP001601,,MANDI054,WH-West,,130.0,DL45CD8837,DRV358
TRP006500,,MANDI001,WH-South,2.4,120.49966321937,,DRV259
TRP001616,,MANDI044,Export-Terminal,6.1,327.9,UP84DF1835,DRV749
TRP006453,,MANDI-009,WH-South,4.2,194.8,DL90BC9935,DRV127
TRP000439,,MANDI008,WH-North,19.9,1137.3,,DRV829
TRP005713,,MANDI025,Export-Terminal,,140.4,DL66BC5235,DRV767
TRP002084,,MANDI-006,WH-Central,6.4,274.8,UP50AB2792,DRV154
TRP007355,2026-06-09,MANDI-005,WH-South,16.9,741.5,DL44BC5577,DRV259
TRP003648,,021,WH-West,,443.2,PB84AB1478,DRV664
TRP005598,,MANDI-013,WH-Central,20.5,912.597449410764,HR44CD1627,
TRP005010,,MANDI001,WH-Central,7.8,359.7,PB39DF6417,DRV108
TRP009690,,MANDI046,WH-Central,12.8,710.1980150904282,PB26DF4830,DRV363
TRP008566,2026-03-31,MANDI020,WH-North,7.0,406.3,PB22AB7140,DRV985
TRP008969,,MANDI023,WH-West,8.0,410.3,DL47CD1702,DRV645
TRP002546,,mandi_024,WH-West,3.9,201.7,DL66DF8730,DRV922
TRP005560,,MANDI-038,WH-South,7.9,440.2,DL45DF2246,DRV751
TRP008668,2026-06-08,MANDI038,WH-North,,867.6,HR83BC9865,DRV388
TRP009873,2026-07-26,mandi005,WH-East,6.3,344.0,RJ42CD9111,DRV327
TRP001919,,mandi008,WH-Central,18.9,851.2976207356819,PB70BC5420,DRV596
TRP008664,,MANDI-041,WH-Central,11.3,497.0,,DRV944
TRP006224,,MANDI022,WH-North,5.1,293.199180547048,HR26BC6349,DRV443
TRP009957,2026-06-26,M020,WH-Central,5.4,248.8,,
TRP004152,,MANDI-052,WH-Central,19.0,860.9,HR93DF9495,DRV189
TRP006913,,MANDI015,WH-North,8.1,349.4,PB94BC8222,DRV701
TRP002055,2026-03-20,MANDI-048,Export-Terminal,8.3,454.198730574588,RJ25DF1794,DRV992
TRP002733,,MANDI-006,WH-East,20.6,886.6,,DRV928
TRP009580,,MANDI009,WH-East,12.2,574.0,UP60BC4036,DRV949
TRP002363,,mandi_011,WH-Central,3.3,195.4,UP50BC8343,
TRP002226,,mandi054,WH-South,13.3,548.7,HR24BC6075,DRV515
TRP004642,,MANDI013,WH-West,12.7,661.9,UP83BC8183,DRV897
TRP001127,,MANDI053,WH-West,8.3,401.4,HR99DF1143,DRV205
TRP006954,,MANDI013,WH-East,16.6,827.6,HR50CD4608,
TRP005024,,mandi_007,Export-Terminal,15.8,636.4982210716099,DL91BC4191,DRV357
TRP009546,,MANDI031,WH-East,6.0,360.0,UP60DF3631,DRV592
TRP007922,,MANDI037,WH-North,,1179.8967023446862,UP77BC7125,DRV491
TRP002445,,mandi_024,WH-Central,9.2,469.3,PB85CD6891,DRV606
TRP002817,,MANDI024,WH-North,20.8,1149.4,RJ83DF9312,DRV805
TRP001323,,mandi057,Export-Terminal,23.5,1087.3,PB74AB6929,DRV421
TRP001604,,mandi_026,Export-Terminal,13.0,772.1,DL73CD4735,DRV436
TRP006019,,MANDI020,WH-East,23.4,1116.1,RJ36CD7668,DRV364
TRP008075,,MANDI012,WH-East,18.7,885.8,UP74CD9638,DRV944
TRP007019,,MANDI-017,WH-West,22.2,1310.596337056484,HR98BC9964,DRV508
TRP005941,,MANDI001,WH-West,22.4,1273.3,UP54BC7134,DRV633
TRP005228,,MANDI044,WH-Central,7.2,357.5,DL93DF9276,DRV126
TRP005459,,MANDI051,WH-Central,4.4,255.0,DL65AB3496,DRV391
TRP008010,,mandi_017,Export-Terminal,20.8,1189.0,PB82DF3442,
TRP009717,,MANDI026,WH-West,4.1,174.8,DL24AB1849,DRV573
TRP009501,2026-07-28,MANDI029,WH-Central,11.3,601.7,HR72CD6261,DRV434
TRP001508,,mandi031,WH-North,6.4,270.0,,DRV597
TRP008847,,MANDI054,Export-Terminal,3.6,165.5,HR96BC4441,DRV312
TRP001560,,MANDI036,WH-West,17.1,686.5980810491241,DL14CD1164,DRV650
TRP005112,2026-08-15,MANDI018,WH-North,21.1,981.9,DL34CD3776,
TRP003380,,MANDI013,WH-South,2.2,129.8,UP41BC7285,DRV582
TRP007206,2026-01-27,mandi_002,WH-East,21.8,1211.3,PB29CD3822,DRV662
TRP008495,,mandi035,WH-South,16.3,865.3,UP29CD6627,DRV665
TRP001837,,mandi032,WH-North,21.5,1174.9,UP59CD7451,DRV154
TRP006532,,MANDI004,WH-West,6.4,256.49928311841,,DRV258
TRP003013,,MANDI034,WH-South,17.5,828.0,DL97BC1874,DRV116
TRP000982,2026-07-13,mandi_045,WH-Central,15.4,829.0,UP26CD5517,DRV861
TRP000040,,mandi006,WH-South,,877.8,UP24BC3811,DRV670
TRP001355,,MANDI025,Export-Terminal,22.0,1261.6,HR83AB9061,DRV329
TRP000046,,MANDI057,Export-Terminal,14.2,830.2,,DRV484
TRP002543,,M032,WH-North,13.8,779.49782140663,RJ76DF8565,DRV297
TRP006324,,MANDI030,Export-Terminal,10.6,554.8,UP21AB9106,DRV253
TRP000749,,046,Export-Terminal,12.1,549.2,HR28CD3565,
TRP007992,,mandi_049,Export-Terminal,,832.2,PB99BC1450,DRV112
TRP002877,2026-06-16,MANDI021,WH-West,,626.1,PB43CD9796,DRV457
TRP009716,,034,WH-West,,625.9,PB75DF5596,DRV146
TRP003397,,MANDI024,WH-West,,837.3,,DRV711
TRP007038,,M040,WH-South,21.9,1133.196832864648,HR84CD2124,DRV220
TRP003185,,M037,WH-South,14.0,653.4,RJ78AB4428,DRV555
TRP000536,,MANDI002,WH-East,19.1,900.2,RJ33AB6789,DRV553
TRP007860,,MANDI015,Export-Terminal,2.9,121.9,PB48BC7874,
TRP009995,,mandi031,Export-Terminal,20.3,944.1,UP12AB2720,DRV739
TRP006056,,mandi_041,WH-Central,6.6,296.9,PB91DF3165,DRV460
TRP002252,,MANDI042,Export-Terminal,4.1,177.9,RJ43CD1382,DRV436
TRP006487,,mandi_031,WH-Central,4.8,220.0,,
TRP003038,,MANDI032,WH-West,21.6,1284.6,UP22AB1632,DRV559
TRP005397,2026-08-30,MANDI042,WH-East,14.0,605.8,DL36AB8278,DRV734
TRP009257,2026-09-09,MANDI-041,WH-Central,20.0,1122.9,HR27AB8159,
TRP003729,,mandi_041,WH-West,13.6,751.3,DL91DF9431,DRV429
TRP008485,2026-03-25,MANDI011,WH-Central,21.5,913.5,PB10BC5182,DRV285
TRP009931,,mandi_026,WH-East,,914.7,DL34BC4466,DRV164
TRP008399,,MANDI032,WH-East,15.5,867.5,,
TRP005096,,MANDI005,WH-North,7.8,446.29875265398204,UP91CD9702,DRV635
TRP004328,2026-03-27,M014,Export-Terminal,15.7,899.597485743944,HR10BC3071,DRV191
TRP001964,2026-08-19,MANDI042,WH-East,5.8,301.6,HR88CD1203,DRV442
TRP005413,,MANDI052,Export-Terminal,16.4,903.1,HR60CD2735,DRV870
TRP000665,,MANDI019,WH-South,8.7,473.9,UP29BC1489,DRV351
TRP003133,,mandi_018,Export-Terminal,12.9,698.1,HR57DF7929,DRV894
TRP008739,,MANDI053,WH-Central,17.2,750.7,HR97BC7660,DRV139
TRP009494,2026-03-11,MANDI-041,WH-Central,22.1,1070.9,HR75DF2785,DRV742
TRP003895,,MANDI039,WH-East,6.3,324.5,HR15DF9191,DRV302
TRP009986,,MANDI057,WH-South,2.2,123.2,UP50AB8946,DRV598
TRP009200,2026-01-05,mandi009,WH-West,3.5,148.7,UP84CD4016,
TRP000676,,MANDI-007,WH-East,7.6,371.4,UP32AB9418,
TRP004773,,MANDI017,WH-West,8.4,470.2,DL18DF4768,DRV947
TRP007538,,022,WH-North,,872.8,HR72AB3328,DRV317
TRP008015,,mandi_038,Export-Terminal,15.3,893.6,HR49AB6774,DRV877
TRP007511,,MANDI-053,WH-East,20.1,813.7,PB32CD9669,DRV383
TRP001963,,MANDI036,WH-South,19.7,860.2,HR61DF7654,DRV712
TRP001841,,047,WH-East,20.4,1023.3,,
TRP005750,,MANDI021,WH-East,2.3,104.6,UP44AB6280,
TRP003932,,mandi_038,WH-South,8.4,438.3,,DRV846
TRP009729,,MANDI-019,WH-Central,3.1,169.6,DL83CD7182,DRV583
TRP008992,2026-07-27,MANDI045,WH-South,18.6,1071.7,PB56CD9000,DRV757
TRP003027,,MANDI050,WH-Central,11.0,652.1,UP18CD6994,DRV711
TRP005315,2026-03-31,M003,Export-Terminal,4.2,183.3,HR37CD8596,DRV756
TRP006479,,mandi_053,WH-East,4.9,213.8,PB11CD7708,DRV656
TRP003126,,MANDI005,WH-Central,,777.99782559892,RJ58CD3624,DRV117
TRP005681,,MANDI031,WH-East,19.1,1057.0,HR34CD7709,
TRP006993,,MANDI028,WH-West,2.2,91.0,HR55AB2643,DRV177
TRP006325,,mandi_056,WH-East,10.8,454.8,DL12DF5605,DRV960
TRP007679,2026-03-24,M007,WH-South,,389.2,,DRV650
TRP000412,,037,WH-South,6.4,269.2,UP86AB6966,
TRP000614,,M049,WH-West,17.5,708.598019562204,,DRV891
TRP003320,,mandi_019,WH-West,,757.2,UP65CD7940,DRV311
TRP007488,,mandi_045,WH-North,19.1,917.5,RJ56AB5017,DRV175
TRP001431,,031,WH-Central,,913.5,,DRV756
TRP002871,,MANDI055,WH-North,6.0,324.9,,DRV702
TRP009450,,mandi034,Export-Terminal,,1123.0,RJ34DF4491,DRV725
TRP004962,2026-01-02,MANDI-029,WH-South,11.0,507.6,PB70BC1445,DRV321
TRP002752,,045,WH-East,22.9,948.2,RJ38DF4903,DRV814
TRP009364,,M049,WH-North,19.2,886.0,,
TRP001418,,MANDI046,WH-South,3.2,191.6,DL75BC1365,DRV618
TRP004505,2026-07-06,mandi_010,WH-South,3.4,178.7,RJ84CD6610,DRV202
TRP000605,2026-07-15,MANDI017,WH-East,,581.6983742299379,HR84BC9881,DRV382
TRP001273,,MANDI013,WH-North,9.0,385.2,DL66DF1042,DRV636
TRP004388,,MANDI034,WH-West,8.2,349.8,UP48AB4462,DRV512
TRP006948,,mandi_012,WH-West,22.7,1095.6,DL63CD7900,DRV758
TRP007664,,mandi_009,WH-East,22.9,1300.9,HR81AB9405,DRV156
TRP009650,,MANDI017,WH-North,,629.3,PB61AB5551,DRV312
TRP000248,,MANDI018,WH-Central,,254.7,UP66AB4353,
TRP004722,,M022,WH-West,10.4,516.7,,DRV997
TRP001983,,mandi053,WH-Central,7.1,415.29883929464205,PB44BC6065,DRV551
TRP008150,,MANDI025,WH-East,5.7,326.4,UP52BC5766,DRV550
TRP005827,,MANDI056,WH-East,18.4,765.4978605346699,RJ31DF1947,DRV361
TRP000200,,MANDI012,Export-Terminal,18.4,737.3,PB50CD5838,DRV867
TRP004399,,mandi015,Export-Terminal,15.8,634.6,PB18CD3167,DRV822
TRP000486,,MANDI-021,WH-West,19.9,1025.5,DL66AB3387,DRV453
TRP006631,2026-01-27,MANDI046,WH-West,19.1,794.8,PB61DF1670,DRV635
TRP003964,,MANDI020,WH-East,3.6,189.199471212488,UP90AB8051,DRV591
TRP000456,,MANDI015,Export-Terminal,18.2,902.4,,DRV808
TRP000714,2026-02-25,MANDI014,WH-North,16.5,937.4,PB33BC4475,DRV636
TRP009183,,MANDI008,Export-Terminal,11.4,525.6,HR20DF7703,DRV632
TRP007110,,MANDI022,WH-West,12.6,672.9,,DRV721
TRP001722,,MANDI051,WH-Central,2.6,118.4,UP66AB6119,
TRP005636,,mandi_023,WH-North,21.0,1111.8,DL63CD7548,DRV442
TRP006665,,MANDI025,WH-East,3.1,132.6,RJ47CD9108,DRV234
TRP008510,2026-02-10,mandi024,WH-South,,522.3,HR14DF8275,DRV755
TRP005675,,M004,WH-Central,6.3,259.1,UP84AB1265,
TRP009905,,MANDI053,WH-North,12.5,533.6,PB63CD3154,
TRP005383,,MANDI016,WH-North,8.8,374.8,DL83AB4900,DRV513
TRP000863,2026-05-01,mandi055,Export-Terminal,,668.7,DL70BC5314,DRV939
TRP002095,,MANDI008,WH-North,15.3,703.8,PB39CD4964,DRV296
TRP000948,,M052,Export-Terminal,7.4,409.3,RJ70CD8446,DRV967
TRP009670,,mandi022,WH-East,17.7,1047.5,HR67BC4140,DRV128
TRP001445,,M040,WH-North,12.1,702.898035492906,UP31BC9950,DRV329
TRP001281,,M032,WH-South,,1066.5,DL60AB9710,DRV484
TRP009774,2026-09-08,MANDI011,WH-South,9.7,502.198596421308,HR78CD5913,DRV454
TRP003834,,MANDI015,WH-West,2.2,95.7,PB97AB3850,DRV107
TRP005616,,mandi056,WH-North,4.1,245.1,,DRV443
TRP003033,2026-05-05,mandi_017,WH-North,15.0,718.2,PB90BC1276,DRV637
TRP009559,2026-03-13,mandi_028,WH-East,8.2,443.6,,DRV819
TRP007012,,mandi_053,WH-East,3.6,196.4,,DRV954
TRP002303,,MANDI-045,WH-Central,17.9,840.3,,DRV933
TRP002005,,MANDI036,WH-South,7.7,373.3,DL28BC7074,DRV603
TRP008662,,MANDI025,WH-East,,242.5,DL21DF2996,
TRP009054,2026-02-03,MANDI041,Export-Terminal,,209.4,DL21DF3301,DRV709
TRP001006,2026-09-10,mandi048,WH-West,19.1,852.9,HR47BC1346,DRV793
TRP007869,,MANDI-015,WH-South,5.7,307.799139742092,DL49DF1304,DRV635
TRP008782,,mandi_012,WH-West,3.2,144.399596422216,,DRV684
TRP008481,,MANDI042,WH-South,7.4,340.299048909142,UP68AB9998,DRV937
TRP008939,,mandi_050,WH-Central,10.0,427.0,PB60BC5541,DRV664
TRP002133,,MANDI045,WH-Central,6.3,257.4,RJ78BC5283,
TRP007779,,MANDI039,WH-South,,384.3,RJ66DF5915,DRV233
TRP007712,,055,Export-Terminal,5.8,238.7,DL30BC6373,DRV858
TRP002058,,MANDI-035,WH-North,20.3,1094.9,PB56CD8695,DRV319
TRP009781,,mandi_046,WH-South,16.5,926.9,,DRV783
TRP000230,,MANDI053,WH-North,22.7,1335.9,HR63CD7179,
TRP007460,,MANDI022,WH-North,7.7,436.2,UP92AB9902,DRV363
TRP009970,,mandi_042,WH-South,4.3,200.3,,DRV380
TRP008081,,MANDI027,WH-South,23.6,1413.5,DL84BC6541,DRV278
TRP004272,,MANDI030,Export-Terminal,,237.39933650023602,RJ74AB7252,DRV738
TRP004056,,MANDI-032,WH-East,,1359.2,UP64CD4636,DRV535
TRP008715,2026-01-19,mandi024,WH-South,12.6,699.1,HR39AB9697,DRV935
TRP000210,,M031,WH-Central,,1122.2,RJ64BC6091,
TRP007394,2026-03-24,MANDI038,Export-Terminal,5.1,293.4,DL33AB3181,DRV908
TRP002751,,MANDI003,WH-Central,4.9,287.6,UP50CD3806,DRV274
TRP002961,,MANDI050,WH-Central,,376.0,DL56BC5921,DRV789
TRP007432,,mandi_041,Export-Terminal,19.7,794.8,RJ76AB7138,DRV411
TRP007747,,MANDI032,WH-North,9.4,534.0985072652741,HR50DF3293,DRV706
TRP003352,,mandi_018,Export-Terminal,23.6,1130.8,RJ34BC7639,DRV599
TRP005082,,mandi_018,WH-West,6.0,302.8,PB10AB7994,
TRP005203,,mandi022,WH-Central,3.7,165.0,DL13AB9916,DRV161
TRP004819,,MANDI-002,Export-Terminal,19.0,965.8,DL38CD5976,DRV210
TRP001729,,mandi015,Export-Terminal,16.1,673.2,,DRV639
TRP006359,,MANDI001,WH-West,16.0,938.7,RJ14CD9561,DRV453
TRP000338,,MANDI013,WH-Central,12.0,595.5,DL22DF5664,DRV413
TRP008064,,M050,Export-Terminal,10.5,614.4,DL94AB2549,DRV438
TRP002651,,MANDI008,WH-East,15.5,645.2,DL11AB2500,DRV903
TRP003321,,mandi054,WH-West,19.4,1011.3,HR44BC5753,DRV309
TRP007888,2026-05-13,M044,Export-Terminal,12.8,747.7,RJ78AB7905,DRV191
TRP004354,,MANDI030,WH-East,22.8,1139.2,,DRV400
TRP001227,,M036,WH-East,9.5,511.7,PB33BC7739,DRV116
TRP003913,2026-04-04,MANDI040,WH-North,19.2,1006.7,HR66BC3317,DRV350
TRP004707,,MANDI019,WH-East,,97.8,RJ71CD6325,DRV839
TRP002145,,mandi_027,WH-Central,10.0,472.698678869678,RJ90DF1431,DRV868
TRP009126,,M042,WH-West,3.2,158.8,DL73DF9239,DRV264
TRP008976,,MANDI-019,WH-East,10.6,611.9,UP75AB4935,
TRP002112,,MANDI026,WH-North,10.5,483.5,RJ59AB5267,DRV216
TRP008028,,MANDI015,WH-South,17.2,1016.8,UP21CD5325,DRV720
TRP009731,,MANDI-046,WH-East,3.7,180.5,PB80DF5357,DRV128
TRP007619,,MANDI051,WH-South,16.1,809.9,,DRV421
TRP001018,,mandi012,WH-West,,370.5,UP38AB6814,DRV990
TRP003401,,MANDI-047,WH-South,9.8,517.5,UP24DF1950,DRV981
TRP003444,,MANDI051,Export-Terminal,19.5,914.7,,
TRP005479,,MANDI-031,WH-North,14.9,815.0,RJ59BC7806,DRV108
TRP001929,,MANDI012,WH-West,18.8,1097.6969320821781,RJ57AB5302,DRV335
TRP000351,,mandi_042,WH-West,21.7,1067.1,RJ76DF4442,DRV192
TRP003266,,046,WH-West,12.0,636.5,UP32DF2585,
TRP002202,,M021,WH-Central,9.8,563.2,RJ71DF6752,DRV690
TRP004566,,MANDI042,WH-Central,15.4,778.7,,DRV511
TRP001935,,MANDI033,WH-North,12.0,531.3,RJ49BC5846,DRV363
TRP005334,,MANDI014,WH-South,16.0,836.2,PB31DF7790,DRV355
TRP007521,,MANDI028,WH-Central,15.3,646.9,UP10CD6395,
TRP005267,,MANDI011,WH-Central,2.7,141.6,DL27CD4962,
TRP005567,2026-09-05,mandi011,Export-Terminal,20.0,1179.49670346263,PB35DF6041,DRV797
TRP004383,,MANDI-012,WH-West,20.5,1062.0,HR63BC2416,
TRP000565,,MANDI027,WH-South,2.1,96.99972889858,,DRV117
TRP001583,,MANDI044,WH-South,12.1,527.7,RJ99DF6547,DRV625
TRP004170,,MANDI-005,WH-Central,6.0,305.1,DL37DF2196,DRV283
TRP002176,,mandi031,WH-Central,8.0,444.2,UP41DF2434,
TRP005327,,MANDI-017,WH-North,20.0,1122.2,RJ91AB4490,DRV623
TRP002541,,mandi_035,WH-West,3.4,153.4,,DRV755
TRP009564,,MANDI042,WH-West,20.6,1045.4,DL12CD2985,DRV967
TRP002708,,MANDI034,Export-Terminal,,827.0,,DRV936
TRP004943,,MANDI-007,WH-Central,9.3,509.5,UP81CD7137,DRV939
TRP002229,2026-03-13,MANDI-030,WH-East,,192.8,,DRV403
TRP001116,,MANDI036,WH-South,11.9,586.1,DL25AB7916,DRV283
TRP008261,,MANDI026,Export-Terminal,18.5,939.1,RJ61DF3352,DRV848
TRP003051,,MANDI009,WH-East,12.4,720.1,,DRV238
TRP005226,,mandi022,Export-Terminal,4.2,222.09937926159398,UP74AB5186,DRV612
TRP005518,,MANDI-043,WH-West,10.7,564.5,HR18DF3468,DRV876
TRP006787,,MANDI-024,WH-West,8.5,350.299020960542,RJ61CD8503,DRV930
TRP005829,,mandi051,WH-South,20.2,1141.796808828852,HR86CD7234,DRV584
TRP008133,,MANDI-008,WH-West,,367.8,RJ32DF2905,DRV797
TRP000822,,MANDI027,WH-North,17.6,898.7,PB85BC2385,DRV872
TRP009703,,mandi011,WH-Central,22.9,1330.9,RJ94AB9471,DRV806
TRP002273,,mandi_047,WH-East,13.5,740.9,UP34DF4532,DRV924
TRP006052,,MANDI008,WH-Central,10.6,432.09879234099407,UP70DF8680,
TRP000082,,MANDI-017,WH-North,16.6,884.8,UP98AB7877,DRV204
TRP001324,,MANDI046,WH-South,2.2,128.599640581004,PB51BC7189,DRV938
TRP005768,,mandi_051,WH-West,,1296.4,UP96AB9734,
TRP008489,,MANDI022,WH-Central,4.4,251.7,,DRV333
TRP001615,,MANDI047,WH-East,21.1,1041.6,UP48DF7709,
TRP002698,,MANDI031,WH-South,15.0,777.2,UP96DF6658,DRV371
TRP000832,,MANDI-015,Export-Terminal,8.1,345.5,HR12AB4822,DRV478
TRP004345,,M054,WH-North,18.6,913.6974463364181,,DRV424
TRP006004,,029,WH-North,3.9,182.4,UP11BC3604,DRV385
TRP002421,,MANDI041,WH-East,17.1,750.7,UP73CD2861,DRV642
TRP004871,,MANDI026,WH-West,15.1,655.1,UP63CD3213,DRV362
TRP004939,2026-01-06,MANDI023,Export-Terminal,9.4,521.8,DL51AB9021,DRV354
TRP002834,2026-02-23,MANDI032,WH-North,16.1,958.7,PB46AB4389,DRV148
TRP006763,,mandi_032,WH-South,15.7,662.9,,
TRP001650,,mandi_021,WH-West,11.5,650.798181105112,PB22CD5420,
TRP008614,,M047,WH-Central,18.4,964.8,PB18CD3903,DRV228
TRP005857,,MANDI-051,WH-North,4.0,184.5,,DRV737
TRP003188,,MANDI-055,WH-Central,17.7,747.4979108421501,DL44AB2447,DRV495
TRP007567,,M055,WH-North,21.5,882.8,DL89CD5627,DRV210
TRP007329,,MANDI030,WH-North,11.3,465.79869815421205,DL52BC9556,DRV911
TRP007776,,mandi_028,WH-West,9.1,436.7,HR23CD1856,DRV635
TRP007508,2026-04-04,mandi_035,Export-Terminal,8.8,402.7,HR59DF5250,DRV615
TRP004793,,mandi_050,WH-West,15.9,781.7,UP50CD6298,DRV416
TRP002690,,mandi_004,Export-Terminal,7.8,318.4,PB29BC8552,DRV385
TRP004253,,mandi_046,WH-North,19.8,1166.9967383983799,PB26AB9698,DRV473
TRP003371,,MANDI-056,WH-East,9.9,461.9,,DRV308
TRP000750,,mandi025,WH-South,19.2,1023.9,HR19BC9862,DRV523
TRP005763,,MANDI043,WH-North,14.6,592.0,,DRV336
TRP002374,2026-06-02,MANDI036,WH-West,22.5,1098.8,DL86CD7300,
TRP002443,,MANDI054,WH-West,20.3,1092.4,HR66BC8132,DRV361
TRP009597,,mandi_006,WH-West,19.1,905.597468974784,RJ70DF5232,DRV278
TRP003095,,043,WH-West,14.6,589.4,PB98AB1395,
TRP002759,2026-07-14,MANDI032,WH-Central,9.8,464.49870178752997,RJ45BC8980,DRV102
TRP009477,,MANDI023,Export-Terminal,18.4,982.4,,DRV118
TRP003778,,MANDI054,WH-North,,1123.3,UP94DF6031,DRV757
TRP008704,,mandi006,WH-North,7.9,437.2,,
TRP005493,2026-03-27,M013,WH-North,12.0,499.7,,DRV130
TRP009428,,MANDI002,Export-Terminal,21.6,1117.7,RJ90BC6934,DRV125
TRP004113,,MANDI033,WH-North,13.7,688.1,UP38DF2156,DRV761
TRP005345,,MANDI034,WH-Central,8.6,366.1,DL60CD8279,DRV675
TRP005139,2026-02-21,MANDI014,WH-South,10.8,477.2,UP22BC5019,DRV234
TRP009696,,MANDI024,WH-North,19.3,790.6,PB21CD6553,DRV266
TRP009765,,mandi055,WH-Central,,540.5,DL33BC9979,DRV942
TRP004522,,M049,WH-West,20.7,1143.5,,DRV701
TRP009544,,MANDI033,WH-Central,20.6,1056.6,DL41AB8352,
TRP004861,,MANDI028,WH-Central,15.4,887.9,HR55CD6271,DRV208
TRP001140,,MANDI012,Export-Terminal,10.0,403.4,UP15CD9508,DRV807
TRP008241,,MANDI056,WH-West,22.6,1236.296544714582,PB20AB5496,DRV472
TRP002232,2026-03-07,MANDI030,Export-Terminal,17.6,777.7,DL78CD1194,DRV582
TRP002165,,056,WH-South,21.3,1024.3,HR13CD9257,DRV665
TRP005834,,mandi034,WH-Central,15.9,883.6,DL29BC7146,DRV797
TRP006983,,mandi_050,WH-East,6.3,254.8,RJ46DF8020,DRV499
TRP002778,,MANDI029,WH-West,,858.3,RJ58CD1721,DRV469
TRP006342,,mandi027,WH-South,12.2,578.3,RJ28DF4221,
TRP002936,,mandi012,WH-East,4.1,182.29949049702202,PB73AB8768,
TRP001571,,MANDI-053,WH-Central,8.4,465.098700110614,DL20CD4897,
TRP000173,,MANDI056,WH-South,22.0,1111.3,UP22BC3393,DRV665
TRP008192,,MANDI017,WH-East,10.1,411.5,UP77BC2293,
TRP002088,,mandi_041,WH-East,14.0,582.0,UP61AB3908,DRV412
TRP003910,,MANDI057,WH-East,6.2,311.4,RJ22CD8712,DRV698
TRP004982,,mandi_029,WH-West,6.1,342.9,UP96DF6013,DRV822
TRP009197,,mandi055,WH-North,13.3,725.7,HR48BC3335,DRV579
TRP006914,,MANDI-020,WH-North,21.4,1220.2,RJ14CD9319,DRV153
TRP005377,,MANDI056,WH-West,8.5,364.6,UP62CD9102,DRV972
TRP009016,2026-08-13,mandi_027,Export-Terminal,,1086.9,PB56BC7366,
TRP003170,2026-01-18,M039,WH-South,,1338.1,,DRV832
TRP001833,,mandi_045,WH-East,18.1,891.3,HR90DF7737,DRV234
TRP005585,,M045,WH-Central,20.3,1112.8,RJ65DF6277,DRV153
TRP005107,,MANDI012,WH-South,,624.4,UP53CD7130,
TRP009496,2026-01-10,mandi_021,WH-West,,264.1,PB66AB2068,DRV915
TRP003881,,MANDI052,Export-Terminal,18.8,753.0978951909341,,DRV159
TRP009301,,MANDI038,WH-East,4.4,179.699497763658,PB37CD1270,
TRP008927,,052,WH-South,14.2,574.2,PB12BC3179,DRV928
TRP007622,,mandi_057,WH-South,4.1,245.3,DL70AB9151,DRV227
TRP000835,,mandi_037,WH-North,,1129.6,HR22CD5296,DRV933
TRP002487,,MANDI031,Export-Terminal,16.9,1007.0,DL78BC8627,DRV196
TRP007436,,MANDI024,WH-South,17.1,994.9,PB57CD7707,DRV589
TRP008149,,M006,WH-North,8.0,413.1,,
TRP004951,,MANDI055,Export-Terminal,11.9,631.6,PB72DF6858,DRV542
TRP004329,,MANDI043,WH-West,15.2,767.2,UP46DF9291,
TRP006395,,MANDI015,WH-North,17.5,792.7,PB30DF7211,DRV794
TRP004895,,M029,WH-Central,22.4,1124.8,DL92DF4833,DRV224
TRP004068,,MANDI030,WH-Central,13.0,743.5,HR68BC3700,
TRP000066,,MANDI042,WH-East,3.0,140.0,,DRV609
TRP009548,,MANDI020,WH-South,10.2,440.0,UP12AB7862,DRV511
TRP006132,,mandi008,Export-Terminal,,209.2,UP11BC3669,DRV282
TRP002025,,MANDI018,WH-South,4.3,175.9,UP41AB9713,DRV590
TRP009382,,MANDI031,WH-East,6.4,320.6,PB77BC8150,
TRP000355,,MANDI035,Export-Terminal,,752.2,RJ93CD8708,
TRP004374,,MANDI-021,Export-Terminal,,191.799463945852,PB71DF2386,DRV539
TRP006946,2026-04-23,mandi_016,WH-West,20.1,1002.7971973143921,HR36DF2615,DRV114
TRP003316,,MANDI031,Export-Terminal,,446.49875209501005,,
TRP001809,,M011,Export-Terminal,6.4,340.6,,DRV398
TRP007349,,MANDI021,Export-Terminal,12.4,518.2,RJ27AB3770,DRV988
TRP003920,,mandi041,WH-East,10.3,551.4,RJ65BC1174,DRV566
TRP007221,,MANDI054,WH-South,14.5,672.2,UP15BC6385,DRV585
TRP008447,,MANDI006,WH-East,,449.2,HR94AB1828,DRV345
TRP004484,,MANDI025,WH-North,20.7,1167.2967375599221,PB79CD3192,DRV572
TRP003468,,M023,Export-Terminal,3.2,141.4,DL83AB6434,DRV427
TRP000473,,005,Export-Terminal,,243.099320569534,UP45BC3310,DRV115
TRP008655,2026-08-06,023,WH-South,19.6,952.3,RJ37DF9434,DRV227
TRP002975,,MANDI014,Export-Terminal,,1108.2,RJ81BC4479,DRV535
TRP007939,,mandi011,WH-West,21.5,966.3,HR29CD7121,DRV395
TRP006483,2026-01-13,mandi045,WH-Central,21.4,1156.4,UP69AB8737,
TRP006434,,MANDI053,WH-South,2.6,129.2,RJ57AB5596,DRV949
TRP005152,,mandi003,WH-South,,997.9972107297199,PB33CD8110,DRV836
TRP000869,,MANDI039,WH-Central,18.5,893.7,DL98AB4827,DRV590
TRP009949,,M020,WH-North,15.0,820.7,,DRV907
TRP007930,2026-08-13,MANDI022,WH-West,2.1,121.3,UP55CD9551,DRV144
TRP001507,,MANDI010,WH-East,,1018.2,UP69DF7438,
TRP005640,2026-08-28,MANDI040,WH-West,5.7,335.7,HR26AB3551,
TRP005992,2026-07-15,008,Export-Terminal,10.5,444.8,,DRV604
TRP006544,,MANDI039,WH-West,,864.9,PB53BC4309,DRV188
TRP006518,2026-02-14,MANDI-028,WH-North,5.5,308.2,RJ51BC9841,DRV793
TRP002771,,MANDI057,WH-East,,696.3,DL36DF6458,DRV472
TRP009704,,MANDI051,WH-North,23.5,1159.9,UP21AB5959,DRV239
TRP008876,,MANDI047,WH-East,17.7,846.7,UP10DF5224,
TRP006122,,mandi054,WH-Central,10.7,457.0,DL10AB1989,DRV917
TRP005248,,049,Export-Terminal,16.3,781.6,RJ38BC5158,DRV187
TRP001076,,MANDI034,WH-North,5.2,259.2,,DRV411
TRP006976,2026-07-20,MANDI015,WH-South,19.6,982.4,HR16AB6595,DRV138
TRP009099,,M044,WH-Central,15.1,891.7,HR41DF8832,DRV232
TRP007362,,MANDI023,WH-East,9.8,513.3,RJ59AB5003,
TRP007208,,MANDI-009,WH-Central,,1207.99662380912,PB37BC1392,DRV341
TRP009839,,mandi018,WH-Central,5.5,319.2,UP47CD1704,
TRP005197,,mandi_034,WH-Central,,792.6,PB61DF2416,DRV178
TRP005813,,MANDI029,WH-East,15.5,621.2,DL68DF7169,DRV554
TRP007647,,mandi046,Export-Terminal,21.1,1263.0,DL83DF8306,DRV781
TRP006437,,MANDI001,WH-West,20.3,849.7976249279719,,DRV435
TRP007796,,M024,WH-West,12.0,667.398134710436,PB19CD7925,DRV912
TRP000074,,MANDI049,WH-North,6.0,331.99907210648,PB97DF5865,DRV937
TRP004833,,MANDI008,WH-East,5.1,283.1,PB80AB4930,DRV232
TRP007901,,M039,WH-East,14.0,665.0,PB73AB7791,
TRP004769,,MANDI043,WH-Central,13.5,773.2,DL19BC1208,DRV890
TRP007303,,MANDI004,WH-East,21.4,1252.9,DL62DF2879,
TRP006217,,MANDI011,WH-South,14.0,720.3,PB52CD2254,DRV753
TRP001102,,mandi027,WH-Central,11.8,561.3,DL27DF8795,DRV680
TRP006591,2026-03-29,MANDI019,WH-East,12.6,586.6,HR30AB5167,DRV165
TRP009918,2026-06-19,M045,WH-Central,12.9,750.7,HR60BC6235,
TRP000314,,M044,Export-Terminal,7.7,362.2,,DRV914
TRP009118,,mandi_038,WH-North,,1283.0,DL83CD5630,DRV774
TRP005170,,M037,WH-North,11.4,487.4,,DRV815
TRP000119,,M055,WH-North,8.5,429.7,HR38BC2258,DRV678
TRP002023,,MANDI-035,WH-East,10.9,597.4,PB77BC9380,DRV920
TRP007147,,mandi_014,WH-North,13.3,662.7,RJ58AB4339,DRV834
TRP003025,,M041,WH-North,14.0,770.0,PB59DF7648,DRV169
TRP002035,,mandi_039,WH-South,10.8,449.9,UP79CD6732,DRV612
TRP003429,2026-08-07,MANDI012,WH-East,7.7,353.8,RJ93DF5401,DRV168
TRP008154,,MANDI-051,WH-North,17.3,872.6,RJ44DF9478,
TRP009013,,M038,WH-Central,15.2,741.3,,DRV187
TRP009480,2026-03-13,mandi_025,WH-North,5.8,245.4,HR83CD5768,DRV835
TRP001220,2026-06-10,MANDI-001,WH-East,23.5,1090.2,PB25CD6665,DRV901
TRP007586,,MANDI025,WH-South,23.9,1354.396214641616,UP38AB7973,DRV478
TRP004534,,MANDI056,WH-East,20.0,891.3,HR74CD1921,DRV292
TRP008823,,mandi051,WH-South,8.4,421.2,HR14BC5715,DRV463
TRP006261,,MANDI005,Export-Terminal,7.4,425.7,UP89BC3011,DRV870
TRP002511,,MANDI025,WH-East,10.5,559.1,PB52CD4487,
TRP003856,,MANDI-042,WH-South,10.6,490.7,RJ93BC1096,DRV956
TRP009545,,MANDI053,WH-South,23.9,1260.5,HR99BC8805,DRV292
TRP007530,,mandi025,WH-North,3.8,181.8,RJ60DF2731,DRV593
TRP004899,,mandi_048,WH-South,,981.4,PB88DF6113,DRV958
TRP005590,,MANDI037,WH-West,5.0,259.0,PB23AB1483,DRV127
TRP007137,,MANDI039,WH-North,3.1,172.2,DL15AB2348,DRV289
TRP004853,2026-03-16,MANDI027,WH-Central,22.7,956.1,DL38DF2150,DRV179
TRP000178,,M045,WH-East,11.4,544.7,HR19BC6569,DRV475
TRP001644,2026-01-15,MANDI001,Export-Terminal,11.9,487.3,HR90DF2522,
TRP009977,,032,WH-North,6.8,337.5,DL78BC4684,DRV353
TRP003351,,016,Export-Terminal,6.4,303.3,PB57DF7346,DRV490
TRP003465,,MANDI054,WH-West,,527.9,RJ99BC8882,DRV612
TRP001375,2026-05-23,mandi_007,WH-West,18.7,786.4,,DRV995
TRP001721,,MANDI038,WH-North,,442.0,UP79AB8461,DRV553
TRP004585,,mandi_034,WH-Central,19.8,905.3,RJ46CD3588,DRV128
TRP006624,,MANDI042,WH-East,3.2,176.9,,
TRP002265,,MANDI041,WH-East,19.2,854.5,PB28BC1899,DRV892
TRP000088,,MANDI026,WH-East,21.2,881.1,RJ83DF3831,DRV609
TRP006963,,MANDI-048,WH-North,12.9,690.4,DL96AB4895,DRV670
TRP009775,,M005,WH-South,2.7,152.1,UP69BC2301,DRV559
TRP009036,,031,WH-Central,9.4,387.5,,
TRP000404,,MANDI010,WH-West,6.9,347.9,RJ22AB4795,DRV166
TRP008295,,MANDI012,WH-North,5.4,259.8,HR23CD8858,
TRP003935,,MANDI029,Export-Terminal,17.9,904.9,PB57DF5602,
TRP006625,,mandi_046,WH-North,,371.8,,DRV503
TRP008363,2026-09-04,mandi_050,WH-South,22.8,1107.6,HR86DF6990,DRV997
TRP007133,,004,Export-Terminal,6.4,287.1,PB33CD3283,DRV329
TRP002457,,MANDI021,WH-West,4.1,195.9,,
TRP005665,,mandi_006,WH-South,24.0,1213.0,HR38AB8082,DRV793
TRP002215,,mandi_024,WH-North,5.0,221.7,HR29BC5581,DRV675
TRP001028,,MANDI035,WH-South,4.1,230.6,HR39AB3951,DRV489
TRP007943,2026-06-24,MANDI019,Export-Terminal,,1043.4,RJ66CD5141,
TRP001422,,MANDI014,WH-Central,9.4,561.7,HR40AB5019,DRV372
TRP002437,,MANDI022,WH-East,13.0,724.2,PB27CD2779,DRV552
TRP007499,,MANDI-003,Export-Terminal,22.0,1063.9,,DRV160
TRP007026,,MANDI-044,WH-North,13.2,627.6,HR58DF5207,DRV664
TRP009451,,MANDI044,WH-West,9.7,447.0,RJ61DF9580,DRV867
TRP001279,2026-05-30,MANDI038,WH-West,7.4,335.8,HR87AB9170,DRV967
TRP007297,,MANDI-042,WH-Central,16.3,937.4,DL89CD4305,
TRP002761,,MANDI007,WH-West,,853.7,RJ83DF1119,DRV244
TRP005361,2026-03-17,mandi_001,WH-East,14.1,803.9,RJ15BC2523,DRV110
TRP000260,,mandi027,Export-Terminal,,252.9,DL46CD2171,
TRP007198,,MANDI-042,WH-West,8.4,342.3,PB32BC1090,DRV811
TRP001979,,M028,WH-North,2.2,93.7,DL57AB4643,DRV802
TRP001062,,M057,WH-Central,12.5,749.5,UP77AB6094,DRV175
TRP001426,,M048,WH-South,8.6,348.3,PB15BC5305,DRV561
TRP005287,,M009,WH-South,,588.4,,DRV722
TRP007615,,MANDI040,WH-North,,965.5,HR44BC3224,
TRP005000,,MANDI037,Export-Terminal,2.3,117.2,,
TRP001503,,mandi_010,Export-Terminal,21.1,1085.1,RJ71DF9626,DRV469
TRP003785,,MANDI-052,WH-North,,499.19860480588795,,DRV191
TRP008914,,MANDI001,Export-Terminal,16.0,861.5,HR91BC9429,DRV873
TRP004809,,mandi007,WH-West,22.4,1181.1,RJ44DF9068,DRV941
TRP005121,,MANDI019,Export-Terminal,13.2,739.9,DL70BC4599,DRV298
TRP008930,,mandi_033,WH-West,14.0,834.3,PB98BC5148,DRV620
TRP005372,,017,WH-West,17.9,883.4,RJ77CD1429,DRV122
TRP000679,,MANDI-010,WH-West,3.8,160.0,HR47DF8243,
TRP002578,,mandi_031,WH-Central,7.1,402.6,PB99AB6271,
TRP006250,,MANDI023,WH-West,14.4,811.8,PB57AB8649,
TRP006419,2026-05-01,MANDI-008,WH-West,16.1,728.8,PB66BC5956,
TRP008210,2026-08-05,MANDI022,WH-West,,551.7,RJ17CD7474,DRV352
TRP007862,,mandi029,WH-East,4.5,212.0,DL33DF8839,DRV126
TRP006880,,MANDI009,WH-Central,,443.9,PB11CD4218,DRV892
TRP000103,,MANDI-039,WH-South,20.4,832.9976718816199,PB94DF1711,DRV219
TRP000958,,M014,WH-West,7.7,323.3,UP64DF3021,DRV914
TRP004826,,MANDI016,WH-North,17.4,737.097939908694,,DRV744
TRP004327,2026-03-12,mandi_054,WH-East,,855.3,RJ60BC2443,DRV325
TRP007258,,M048,WH-South,20.9,1065.3,HR30BC7020,
TRP007808,,MANDI039,WH-South,9.1,379.0,UP43AB6033,DRV593
TRP004114,2026-06-17,MANDI030,WH-North,,904.0,DL44CD9969,DRV970
TRP002689,,022,WH-North,10.8,440.1,HR56DF4819,DRV208
TRP003132,2026-04-16,mandi_039,WH-North,4.2,190.4,PB82BC6549,DRV766
TRP009910,,MANDI050,WH-East,9.0,480.0,UP65AB6092,DRV692
TRP007853,,MANDI027,WH-South,6.9,296.1,DL24BC9525,DRV402
TRP006420,2026-06-26,mandi022,WH-East,,1201.8,PB44AB4134,DRV843
TRP003350,2026-06-20,MANDI038,WH-East,23.7,1301.7,RJ14DF6504,DRV759
TRP007720,,MANDI-002,WH-East,20.0,835.4,UP30BC7909,DRV999
TRP005683,,MANDI053,WH-West,16.3,893.2,PB54DF2243,DRV316
TRP000419,,MANDI008,Export-Terminal,22.0,1169.3,,DRV961
TRP006759,2026-01-28,mandi_053,WH-West,18.4,899.9,,DRV890
TRP004506,,MANDI053,Export-Terminal,19.3,936.1,HR34BC1132,DRV784
TRP006616,,MANDI033,WH-North,22.5,1168.3,PB44BC7498,
TRP001948,,MANDI022,Export-Terminal,5.2,261.2,PB96BC9742,DRV911
TRP002319,,MANDI005,WH-North,12.7,674.7,DL98DF4740,DRV305
TRP002300,,MANDI027,WH-South,4.1,166.4,PB94AB1766,DRV730
TRP004943,,MANDI-007,WH-Central,9.3,509.5,UP81CD7137,DRV939
TRP009626,,MANDI027,WH-North,,788.7,DL72DF9207,DRV904
TRP000209,,M010,WH-East,23.2,1121.4,UP87CD9601,DRV521
TRP003470,,MANDI-023,WH-Central,17.9,866.5,HR40DF1047,
TRP003887,,mandi020,WH-North,11.8,558.2,UP38CD4169,DRV378
TRP006428,,mandi_041,WH-Central,,883.7,,DRV470
TRP000529,,MANDI049,Export-Terminal,2.5,107.1,HR71DF4770,
TRP001234,,mandi_034,WH-East,19.4,912.9,HR42AB4560,DRV809
TRP000780,,MANDI054,WH-South,21.7,1203.1,UP29AB3086,DRV723
TRP000723,,MANDI-008,WH-East,6.4,262.5,,DRV530
TRP008973,,MANDI044,WH-North,11.4,554.1984510885881,HR12AB1351,DRV258
TRP007937,2026-06-17,MANDI021,WH-East,10.4,472.5,DL15AB5639,DRV219
TRP001861,,M039,WH-North,3.4,162.7,RJ99CD6596,DRV202
TRP008773,,MANDI046,WH-Central,19.6,1054.1,UP23CD7033,DRV817
TRP008052,,MANDI-016,WH-West,,1211.4,HR98CD4950,DRV877
TRP005406,,MANDI027,WH-East,16.1,946.2,UP98BC1138,DRV307
TRP003695,,MANDI031,WH-West,14.1,753.9,DL33BC6954,
TRP001993,,mandi_052,WH-North,7.8,380.8,DL52DF6397,DRV100
TRP002333,,mandi044,WH-West,21.8,1154.9,,DRV484
TRP006622,,MANDI-037,Export-Terminal,22.2,961.2,UP34BC7374,DRV865
TRP009062,2026-08-08,MANDI044,WH-East,6.2,349.5,PB85BC1550,DRV892
TRP008162,2026-08-15,MANDI045,Export-Terminal,16.0,805.99774734284,DL61CD1590,DRV509
TRP007428,,mandi_040,WH-Central,6.1,297.7,,
TRP007921,,mandi006,WH-West,15.8,811.9,HR23BC7113,DRV574
TRP002472,,M057,Export-Terminal,22.0,958.3,PB19CD7405,DRV184
TRP005505,,mandi_018,Export-Terminal,12.8,517.6,HR42BC6120,DRV393
TRP009592,2026-03-02,030,WH-Central,4.8,277.0,DL43BC7516,DRV378
TRP005063,,M011,WH-South,21.3,1049.6,DL64AB7634,
TRP005130,,MANDI024,WH-East,6.3,321.7,DL42AB2972,DRV350
TRP001397,,mandi007,WH-North,22.7,1267.9,RJ45CD9567,DRV417
TRP001490,2026-04-18,M049,WH-West,6.7,374.1,HR86AB6403,DRV188
TRP005754,,MANDI047,WH-North,12.3,542.0,RJ61DF4432,DRV675
TRP002885,,011,WH-Central,,810.9977333685399,DL50DF1570,
TRP003847,2026-03-16,MANDI-035,WH-Central,19.2,950.6,HR10BC7169,
TRP001043,,mandi_014,WH-North,10.6,529.9,UP62DF3828,DRV271
TRP008880,,M046,WH-Central,20.4,884.2,RJ88DF6081,
TRP006413,,MANDI023,WH-East,18.5,880.197539964228,RJ71CD6571,DRV122
TRP007898,,mandi_042,WH-South,23.3,1006.2,HR93AB9854,DRV765
TRP000258,,MANDI035,WH-West,3.6,154.5,DL78DF8686,DRV749
TRP007719,,mandi_051,WH-West,15.1,743.9,PB84CD6886,
TRP007929,2026-07-23,MANDI016,WH-East,8.8,367.6,UP76AB1490,DRV824
TRP008963,,mandi_043,WH-East,16.0,778.8,PB17CD6382,DRV927
TRP008332,,M041,WH-West,20.5,1175.5,DL94BC4074,DRV922
TRP002836,,mandi027,WH-South,,609.2,UP57DF5507,DRV447
TRP005527,,mandi_011,Export-Terminal,6.7,365.6,UP40DF1547,DRV987
TRP002090,,mandi_006,WH-Central,21.6,886.7,RJ92CD3302,DRV612
TRP000703,2026-05-15,MANDI007,WH-West,6.3,312.3,PB20CD3944,DRV279
TRP000504,,MANDI-037,WH-East,,963.7,HR12DF9060,DRV680
TRP004005,,mandi044,Export-Terminal,,867.5,UP20CD4515,DRV652
TRP009170,2026-03-04,MANDI-002,WH-East,10.6,463.2,HR13AB8351,
TRP001346,2026-02-01,mandi_049,WH-West,,187.5,UP15CD8357,DRV999
TRP007145,,MANDI-003,WH-East,22.4,1111.9,UP22DF2924,
TRP005516,,MANDI010,WH-North,21.1,862.3,UP25BC2241,DRV606
TRP002249,2026-02-22,mandi_004,Export-Terminal,,413.5,UP76BC1927,DRV427
TRP005442,,MANDI045,WH-South,4.4,228.8,DL37AB9196,DRV432
TRP004141,2026-06-01,mandi025,WH-Central,6.1,301.7,UP78AB1382,DRV186
TRP000373,,M017,WH-South,4.9,218.699388764118,RJ53DF8210,
TRP008789,,043,WH-North,2.5,112.9,RJ49AB3471,
TRP004112,,MANDI026,WH-East,15.1,751.1,RJ69BC3327,DRV659
TRP002007,,MANDI027,WH-Central,4.3,178.6,DL90DF3528,DRV528
TRP004218,,006,WH-West,12.8,712.6,HR75BC4910,DRV463
TRP004251,,MANDI-005,Export-Terminal,,886.8,DL74CD5556,DRV299
TRP004626,,MANDI016,Export-Terminal,11.7,474.0,UP58AB1829,DRV996
TRP002803,,M039,Export-Terminal,13.0,614.6,PB80AB9703,DRV798
TRP006195,2026-01-26,MANDI010,WH-North,20.0,1046.2,,DRV298
TRP009805,,MANDI017,WH-South,19.2,836.8976609816659,PB96BC6264,DRV581
TRP002103,,mandi039,WH-East,,623.0,RJ99DF5385,DRV829
TRP000998,,MANDI-055,WH-South,13.8,621.9,UP84CD4873,
TRP008517,,mandi_028,WH-North,19.4,947.7,RJ96AB8831,DRV350
TRP003911,,MANDI005,WH-North,12.5,662.3,PB98AB2802,
TRP001177,,mandi_051,WH-East,,251.9,RJ38DF8787,DRV725
TRP000552,,M045,WH-East,19.5,1056.5,PB57BC1167,DRV418
TRP000745,,mandi_040,WH-Central,17.4,775.4,DL28CD7623,DRV594
TRP006078,,MANDI053,WH-North,21.1,923.3,PB69CD4460,DRV249
TRP008995,,MANDI-009,WH-North,18.9,876.0,PB17CD1410,DRV108
TRP006392,,MANDI019,WH-East,15.5,855.197609835728,RJ61BC7259,DRV674
TRP006149,,MANDI002,WH-West,21.3,1009.6,,DRV810
TRP006072,,mandi_011,WH-West,20.1,1151.396781998196,UP66AB9430,DRV394
TRP004093,,MANDI-051,Export-Terminal,18.8,867.0,DL95DF1151,DRV712
TRP007464,,MANDI032,WH-West,13.4,658.7,HR57BC9688,
TRP009110,,mandi_021,WH-Central,,1281.796417548452,DL60AB2414,DRV256
TRP008200,,MANDI046,WH-South,8.4,358.3,,DRV548
TRP004930,,mandi_052,WH-East,,861.297592787082,HR38BC9249,DRV397
TRP003459,,mandi008,WH-South,6.3,362.7,UP24CD2690,DRV336
TRP006861,,MANDI056,WH-West,6.9,332.7,,DRV602
TRP005954,2026-08-15,MANDI016,WH-Central,9.5,456.4,UP50CD4456,DRV724
TRP005441,,MANDI-018,WH-East,,107.6,UP21DF7459,DRV536
TRP003523,2026-01-05,MANDI025,WH-East,21.3,1253.8,HR26BC4461,DRV262
TRP000694,,mandi_003,WH-West,21.2,1038.5,DL80CD4950,DRV302
TRP002534,2026-05-12,MANDI033,WH-North,12.9,727.1,DL54AB8295,DRV857
TRP006221,,MANDI035,WH-North,22.6,982.9,HR41CD1025,DRV783
TRP000983,,MANDI-012,WH-West,15.3,705.2,,DRV183
TRP009712,,MANDI030,WH-Central,22.0,993.0,PB84CD9416,DRV578
TRP000080,2026-04-16,MANDI002,Export-Terminal,,678.8,RJ44CD2954,DRV248
TRP008639,2026-07-03,mandi_047,WH-South,14.8,876.2,UP51DF1080,DRV465
TRP003818,,MANDI053,WH-South,7.6,438.6,,DRV568
TRP007077,2026-03-13,mandi_039,Export-Terminal,5.7,252.7,UP13BC8967,DRV574
TRP005338,,MANDI008,WH-East,11.8,560.4,,DRV727
TRP003687,,M015,WH-North,5.6,286.6,DL66AB2118,
TRP004061,,mandi_001,WH-East,22.3,1221.1,UP17AB2956,DRV679
TRP005415,,MANDI001,Export-Terminal,4.3,233.3,DL87DF7078,DRV305
TRP000262,,MANDI024,WH-Central,22.9,1181.8,,DRV750
TRP002143,,mandi_047,WH-West,5.0,288.0,PB35AB8361,DRV606
TRP006885,,MANDI029,WH-West,17.6,950.1,RJ18DF1328,DRV107
TRP002269,,MANDI008,WH-South,4.7,247.6,HR23AB7265,DRV132
TRP000446,,MANDI016,WH-Central,10.4,526.1,RJ18AB2184,
TRP005333,,M011,WH-East,14.3,834.7,,DRV364
TRP004873,2026-08-22,MANDI052,WH-East,8.1,348.7,RJ38CD6067,
TRP006990,,MANDI049,WH-North,6.8,349.399023475916,,
TRP007235,2026-05-26,M015,WH-South,18.8,830.4,RJ65AB3624,DRV596
TRP003754,,MANDI004,Export-Terminal,4.4,206.4,PB10CD2868,DRV549
TRP001702,,mandi_012,WH-West,6.1,289.399191167516,,
TRP007580,,mandi_002,WH-Central,11.1,500.798600334112,HR22AB2318,DRV446
TRP002527,,MANDI029,WH-South,11.6,599.3,RJ77CD1344,DRV231
TRP005501,,MANDI046,WH-Central,3.4,158.3,DL81AB8721,DRV495
TRP005232,2026-08-12,MANDI028,WH-Central,21.0,1067.7,UP73AB7989,DRV961
TRP000069,,mandi_002,WH-East,20.1,828.2976850174621,DL91DF4719,DRV348
TRP001169,,028,WH-Central,9.1,451.3,HR42CD9927,DRV442
TRP000049,,mandi006,WH-Central,11.3,616.99827557138,PB82AB6389,DRV436
TRP001054,,MANDI-054,WH-North,,1232.6,HR88AB4070,DRV582
TRP000085,,mandi_031,WH-North,19.7,1054.3970530996162,HR34DF8055,DRV866
TRP003150,2026-03-15,MANDI-021,WH-West,,1094.7,DL60DF6476,DRV115
TRP000881,,MANDI-020,WH-Central,11.9,710.8,UP37CD2491,DRV586
TRP002652,2026-05-16,MANDI-032,WH-North,8.4,418.6,PB47DF8868,DRV983
TRP008194,,mandi_029,WH-North,20.0,1128.0,HR83AB2041,
TRP002440,,MANDI006,WH-North,21.0,1181.7,RJ24CD7991,DRV186
TRP004116,,MANDI-033,WH-South,15.6,820.4,HR73CD7546,
TRP009962,,MANDI-055,Export-Terminal,6.4,266.59925489032406,HR26BC2889,DRV429
TRP001468,,MANDI-044,WH-Central,13.3,767.5,PB91BC3026,DRV827
TRP008519,2026-05-18,mandi040,WH-East,12.2,629.5,HR29CD3275,DRV768
TRP003594,2026-01-01,M004,WH-North,9.4,471.0,DL15AB4319,DRV927
TRP002442,,MANDI003,WH-East,,877.9,DL26AB8729,DRV909
TRP006099,,MANDI034,WH-South,6.2,333.0,HR83DF7490,DRV988
TRP000231,,MANDI052,WH-West,22.1,884.5,,DRV122
TRP001321,2026-02-07,M039,Export-Terminal,3.9,202.79943320239198,UP60BC5582,DRV704
TRP000042,,M036,WH-South,14.8,790.0,UP18DF9882,DRV470
TRP003040,,mandi035,WH-North,9.4,403.4,PB76BC4923,DRV980
TRP000778,2026-02-22,MANDI-054,WH-Central,20.4,973.2,RJ98DF9209,
TRP009498,,MANDI055,WH-East,6.4,370.898963386426,DL18BC2196,DRV829
TRP002373,,MANDI044,WH-North,21.5,1172.2,,DRV856
TRP001730,,M016,WH-West,3.6,190.89946646122598,,DRV118
TRP005571,,MANDI021,Export-Terminal,2.6,136.4,UP31AB7456,
TRP000580,,MANDI037,WH-North,19.0,1118.3,,DRV266
TRP007702,,mandi_029,WH-East,,693.0,PB41CD2898,DRV821
TRP006370,,mandi045,WH-North,2.7,140.8,PB71DF1347,
TRP003079,,mandi040,WH-Central,2.8,152.6,PB27CD5644,DRV118
TRP007201,,MANDI-044,WH-Central,,518.2,HR63DF2966,DRV669
TRP003616,,MANDI036,Export-Terminal,23.5,1080.1,HR61CD1601,
TRP002868,,MANDI054,WH-West,22.7,1194.5,PB37AB1106,DRV740
TRP001492,,MANDI050,WH-South,11.0,445.0,DL94BC3822,
TRP009243,,MANDI039,Export-Terminal,16.6,684.9,RJ53AB6459,
TRP006124,,MANDI039,WH-North,2.7,139.5,UP32AB7409,DRV414
TRP000062,,mandi014,WH-Central,5.2,229.2,HR26CD9362,DRV734
TRP004798,,MANDI017,WH-West,6.3,277.0992255442941,RJ94AB2678,DRV293
TRP004355,,MANDI022,WH-Central,3.7,216.9,HR76BC9989,DRV222
TRP008404,,MANDI-029,WH-West,,435.3,PB57DF8334,DRV243
TRP000403,,MANDI022,WH-Central,14.2,738.3,DL53BC1222,DRV210
TRP000333,2026-05-06,MANDI003,WH-North,,835.8,UP46DF2641,DRV381
TRP002085,,MANDI011,WH-South,,815.1,DL92CD5964,DRV164
TRP003058,,mandi005,WH-North,,595.5,DL91CD6836,DRV488
TRP005559,,MANDI008,WH-South,15.0,662.6,UP68DF2708,DRV387
TRP009730,,M053,WH-West,12.7,625.2,HR12BC7868,DRV524
TRP009642,,mandi_037,WH-North,8.5,398.098887366234,RJ72BC3543,DRV518
TRP000165,,034,WH-West,6.9,403.6,DL52CD7128,DRV692
TRP004632,,MANDI016,WH-North,11.5,681.9,PB87AB6150,DRV952
TRP002716,,MANDI033,WH-East,12.6,625.5,,DRV519
TRP009283,,mandi_040,WH-South,4.0,187.5,PB62DF9973,DRV613
TRP007548,2026-07-06,MANDI056,WH-Central,8.3,334.2,RJ16AB4479,DRV648
TRP005604,2026-03-29,mandi_018,WH-North,8.6,390.8,HR20DF2286,DRV232
TRP006672,,MANDI-040,Export-Terminal,21.5,1081.6,HR95AB8044,DRV994
TRP002756,,MANDI-042,WH-West,16.6,760.297875067942,DL83BC4386,DRV144
TRP002877,2026-06-16,MANDI021,WH-West,,626.1,PB43CD9796,DRV457
TRP007672,,mandi_024,WH-North,17.7,940.1,HR42BC8080,DRV682
TRP001335,,M015,Export-Terminal,,1029.2,DL19CD3217,DRV515
TRP008676,,MANDI012,WH-South,4.1,172.4,DL59CD5337,DRV858
TRP002865,,MANDI038,WH-South,11.6,676.4,HR46BC7386,DRV703
TRP001660,2026-06-18,mandi001,WH-South,2.8,134.6,HR10CD4254,DRV812
TRP004792,,MANDI028,Export-Terminal,4.3,203.1,HR42BC5611,
TRP000754,,MANDI-028,WH-North,16.6,909.3,,DRV795
TRP003065,,mandi049,WH-Central,13.3,568.3,,DRV507
TRP008449,,mandi005,Export-Terminal,21.0,860.9,UP55CD3944,DRV496
TRP007619,,MANDI051,WH-South,16.1,809.9,,DRV421
TRP000707,,M005,WH-North,16.8,977.4,PB80BC3111,DRV935
TRP002974,2026-02-25,mandi_002,WH-South,14.9,778.5,DL23BC1691,DRV550
TRP000583,,MANDI-016,WH-East,20.0,884.797527107872,DL90CD9139,DRV307
TRP009179,,MANDI013,WH-West,,742.0,RJ73CD3704,DRV897
TRP005020,,mandi_039,WH-Central,,282.0,DL63CD7047,DRV307
TRP007144,,MANDI-019,WH-Central,16.6,739.3,,DRV821
TRP004113,,MANDI033,WH-North,13.7,688.1,UP38DF2156,DRV761
TRP009968,,mandi017,WH-Central,14.8,766.2,HR32BC8678,DRV903
TRP003152,,MANDI017,WH-North,14.4,729.4,UP75BC2656,DRV437
TRP004120,,mandi057,WH-North,23.3,1030.9,UP11AB9018,DRV740
TRP009939,,017,WH-North,5.5,289.5,UP75DF2083,DRV552
TRP009346,,MANDI053,Export-Terminal,6.2,345.4,DL43DF6401,DRV957
TRP001835,,mandi038,WH-West,5.7,330.2,DL26DF9569,DRV689
TRP006271,,mandi_017,WH-East,4.8,274.699232251958,RJ98AB8096,DRV117
TRP007780,,MANDI035,WH-West,17.3,873.9,,DRV834
TRP004342,,mandi_027,WH-East,3.8,220.6,PB24AB7997,DRV970
TRP004908,,M043,WH-West,13.5,783.6,DL14DF9795,DRV254
TRP005555,,mandi_014,WH-East,19.5,861.2,HR52CD2410,DRV481
TRP009990,,mandi022,WH-East,19.8,1081.99697596148,DL93CD5687,DRV303
TRP007884,2026-07-05,mandi057,WH-West,,1055.597049745784,DL11BC5956,DRV535
TRP003650,,MANDI054,WH-West,6.5,347.3,RJ46BC4275,DRV149
TRP001495,,051,WH-West,,543.9,,DRV619
TRP002263,,MANDI054,Export-Terminal,6.8,312.7,,DRV671
TRP002247,2026-08-17,MANDI032,WH-East,8.0,415.99883733824004,UP55DF4215,
TRP000836,,MANDI055,WH-Central,23.5,1192.7966662909919,HR96AB5883,DRV393
TRP008729,,MANDI004,WH-West,8.7,422.39881945113603,HR36CD9886,DRV811
TRP005352,,MANDI044,WH-East,14.5,679.1,DL17CD5585,DRV934
TRP000433,,mandi029,WH-East,10.7,432.5,UP24DF5381,DRV562
TRP004964,,MANDI022,WH-Central,14.4,691.9,UP94DF3578,
TRP006078,,MANDI053,WH-North,21.1,923.3,PB69CD4460,DRV249
TRP004203,,M048,WH-South,9.9,572.7,RJ58BC6191,DRV179
TRP008505,2026-06-08,M048,Export-Terminal,20.2,1084.796968135872,,DRV135
TRP005124,2026-06-19,MANDI052,WH-Central,22.0,1124.7,HR55CD2151,DRV602
TRP006755,2026-03-08,M048,WH-Central,3.9,158.0,PB77DF1675,DRV863
TRP003942,,M019,WH-West,11.4,502.0,UP93AB7904,DRV783
TRP001194,,MANDI-027,WH-East,18.4,857.1,DL71CD2421,DRV231
TRP007554,,MANDI051,WH-Central,17.1,825.7,,DRV634
TRP002907,2026-09-06,MANDI040,WH-East,14.4,738.0,UP26BC1478,DRV588
TRP005962,,mandi016,Export-Terminal,21.0,1118.3,RJ49CD1705,DRV963
TRP008553,,MANDI034,WH-Central,7.3,421.8,,DRV438
TRP000305,,MANDI026,Export-Terminal,7.6,422.6,HR20CD6378,DRV161
TRP003239,,mandi020,WH-South,21.6,1134.2,PB60CD7848,DRV481
TRP008275,,MANDI034,WH-West,7.3,401.7,UP76BC6454,DRV578
TRP008542,,MANDI057,WH-South,12.9,720.3,UP53CD2215,DRV763
TRP003674,,MANDI040,WH-South,24.0,1236.5,,
TRP006969,,MANDI054,WH-East,,708.1,RJ54DF6278,DRV769
TRP002730,2026-04-02,MANDI-046,WH-South,,214.0,PB91CD3826,DRV920
TRP006551,,MANDI042,WH-Central,3.7,204.2,PB47CD6196,DRV596
TRP006508,,MANDI044,WH-North,15.4,904.0,,DRV182
TRP000434,,MANDI034,Export-Terminal,11.8,519.6,RJ99CD8125,
TRP003888,,MANDI-040,WH-West,5.6,275.5,PB30DF2448,DRV912
TRP008570,,MANDI053,WH-West,3.4,192.0,,DRV205
TRP009457,2026-08-10,MANDI031,WH-Central,,146.7,,DRV511
TRP000105,,MANDI047,WH-Central,21.4,1023.4,RJ70AB6180,DRV623
TRP005799,,mandi_022,WH-South,3.8,213.6,HR67DF4061,DRV197
TRP001657,,MANDI011,WH-West,22.9,963.8973060344459,PB13BC8892,DRV151
TRP007415,,MANDI023,WH-East,,951.9,HR11AB7263,DRV485
TRP001534,,mandi023,WH-Central,4.5,220.8,,DRV235
TRP002987,,mandi054,WH-North,4.4,200.3,HR87BC1544,DRV334
TRP008888,,MANDI-011,WH-Central,19.8,848.0,PB33CD1026,DRV660
TRP001333,,M026,WH-West,8.5,375.8,PB18AB8413,DRV183
TRP009736,,MANDI-053,WH-Central,10.8,560.5,,DRV920
TRP006725,2026-09-09,MANDI056,WH-East,19.3,846.5,,
TRP005956,2026-02-16,M016,Export-Terminal,6.8,402.6,HR23DF1709,DRV569
TRP001444,,MANDI021,WH-East,,911.7,RJ21CD5846,DRV233
TRP003435,,MANDI038,WH-Central,4.6,256.49928311841,,DRV119
TRP000215,,mandi_049,WH-Central,16.1,941.2,HR33BC6984,DRV703
TRP005854,2026-02-16,mandi_051,WH-North,20.7,1126.9,UP38CD5638,DRV530
TRP006933,2026-02-26,MANDI056,WH-East,14.9,867.8975743410059,UP35CD7004,DRV612
TRP002911,,MANDI034,WH-West,,1282.1964164305082,HR99DF9280,
TRP004903,,MANDI-001,WH-East,11.7,496.3,HR15DF6255,DRV518
TRP008240,,mandi041,WH-West,20.8,994.4,RJ54CD7542,DRV995
TRP001420,2026-02-07,MANDI033,WH-North,14.5,713.49800586739,DL65DF9748,
TRP003636,,MANDI047,WH-North,12.9,521.3,,DRV769
TRP008813,,M042,WH-North,3.6,193.8,DL85DF5056,DRV506
TRP000182,2026-08-04,MANDI-037,WH-South,4.8,271.2,RJ37BC2117,DRV195
TRP004711,,MANDI039,WH-North,21.7,1085.4,HR27CD6483,DRV998
TRP009050,,MANDI030,WH-East,21.5,1209.2,PB36CD4636,DRV163
TRP002447,2026-04-21,mandi007,WH-South,5.3,266.7,DL70DF2871,DRV541
TRP005817,,mandi_012,WH-Central,19.3,1117.296877302922,PB34AB8727,DRV725
TRP003722,,MANDI-035,WH-East,14.6,832.4,RJ99AB3485,DRV826
TRP006201,,M032,Export-Terminal,3.6,144.4,RJ29AB8269,
TRP007326,,MANDI007,WH-Central,21.8,1294.7,HR57DF2995,DRV125
TRP006080,,MANDI010,WH-West,20.2,1163.1,RJ52AB9409,DRV652
TRP008412,2026-05-21,mandi024,WH-Central,22.3,1300.1,,
TRP003173,,MANDI029,WH-South,22.4,1090.296952764142,RJ50DF3286,DRV327
TRP001224,,006,WH-South,9.8,405.1,UP63AB7134,DRV156
TRP008269,,mandi049,Export-Terminal,6.1,363.8,HR78CD5111,DRV706
TRP000071,,MANDI015,Export-Terminal,,191.6,HR73DF7557,DRV808
TRP000545,,MANDI012,WH-South,21.8,1297.8,HR21BC3924,DRV727
TRP001205,,MANDI032,WH-South,13.0,624.9,HR14CD9373,DRV266
TRP003871,2026-04-20,mandi036,WH-South,13.2,536.9,DL48BC5025,DRV953
TRP003652,,MANDI020,Export-Terminal,5.6,328.3,,DRV608
TRP009471,,mandi_052,WH-Central,23.7,977.7,RJ86CD3186,DRV893
TRP003147,,MANDI042,WH-North,23.1,1372.9,RJ14DF5503,DRV886
TRP008409,2026-07-08,MANDI001,WH-South,19.6,1165.6,HR56AB7565,DRV204
TRP006232,,055,WH-Central,6.4,295.0,,DRV151
TRP005582,,mandi049,WH-West,8.2,391.7,HR11AB4769,DRV718
TRP009773,,mandi018,WH-East,19.9,877.297548069322,HR69CD1043,DRV853
TRP007446,2026-02-02,mandi016,WH-North,8.1,406.49886388941,UP34CD7764,
TRP008918,,M022,Export-Terminal,6.9,294.69917635475804,HR53DF6764,DRV374
TRP007418,,MANDI056,WH-North,4.3,208.2,,DRV916
TRP003502,,mandi_032,WH-Central,21.3,1207.1,DL21BC9993,DRV903
TRP000878,,MANDI032,WH-West,,523.99853549336,HR95CD2838,DRV364
TRP008455,,MANDI029,WH-Central,2.1,111.8,DL84BC3856,
TRP000197,,MANDI035,WH-Central,,111.8,,DRV633
TRP008182,,M007,WH-Central,20.5,1076.2,UP54BC7125,DRV765
TRP003995,,MANDI012,WH-Central,15.4,793.5,RJ10AB5782,DRV442
TRP006854,,mandi_032,WH-Central,11.5,533.2,RJ62BC8944,DRV829
TRP002998,,MANDI034,WH-North,,673.0,HR22AB7096,DRV976
TRP002572,,MANDI-013,Export-Terminal,5.8,255.3,PB70AB1412,DRV797
TRP004270,,mandi_028,Export-Terminal,21.3,956.5,UP71CD5894,DRV905
TRP007880,,MANDI042,Export-Terminal,5.8,290.7,PB63DF3174,DRV886
TRP008975,,mandi_046,Export-Terminal,20.1,1186.6,DL27BC8740,DRV737
TRP009742,2026-04-21,MANDI-025,WH-West,,271.2,RJ83DF3505,
TRP006714,,MANDI030,WH-North,15.7,912.1,PB54DF3901,DRV473
TRP006461,,MANDI045,WH-West,8.8,384.698924817358,,DRV360
TRP005835,,mandi004,WH-South,18.2,970.7,HR80BC9177,DRV943
TRP001607,,mandi030,WH-East,,564.598422022044,UP18BC7289,DRV477
TRP002869,,mandi017,Export-Terminal,19.3,864.5,RJ82DF5707,DRV437
TRP002719,,024,WH-East,13.0,632.4,PB17AB7102,
TRP009003,,MANDI037,WH-Central,,787.4,HR37AB4146,DRV908
TRP004238,,mandi029,WH-West,23.5,1130.196841249228,,DRV910
TRP008020,2026-04-07,M030,WH-North,21.7,918.1,RJ48AB5064,DRV241
TRP003401,,MANDI-047,WH-South,9.8,517.5,UP24DF1950,DRV981
TRP000189,,mandi_036,WH-South,18.4,988.7,UP31BC8897,DRV317
TRP007503,2026-07-20,mandi009,WH-South,8.8,411.598849635624,PB72DF3204,DRV974
TRP008024,,MANDI046,Export-Terminal,14.4,644.1,RJ38DF3174,DRV150
TRP002683,2026-03-05,mandi045,WH-North,,550.5,RJ19BC9294,
TRP005471,,M022,WH-South,11.8,692.0,PB87AB8843,DRV718
TRP005362,,MANDI-009,WH-East,3.3,173.9,UP20BC9635,DRV612
TRP004415,,MANDI028,WH-South,5.2,210.0,UP56AB5407,DRV486
TRP007245,,M036,Export-Terminal,7.9,405.6,PB96BC6452,DRV464
TRP000219,,mandi_039,Export-Terminal,9.3,394.7,DL99DF5470,DRV118
TRP008242,,MANDI048,WH-South,8.6,391.398906091796,HR37AB2266,DRV297
TRP006350,,MANDI035,WH-North,3.5,181.299493291882,RJ67BC4771,DRV888
TRP004866,,mandi_006,WH-Central,6.9,309.3,UP52BC4778,
TRP002544,,mandi047,WH-East,20.9,1001.8,,DRV815
TRP004036,,mandi_033,Export-Terminal,23.5,1164.2,,DRV484
TRP001245,,MANDI003,Export-Terminal,15.2,784.9,DL81AB2960,DRV612
TRP000421,2026-05-18,MANDI012,WH-East,2.5,142.79960089399202,UP66BC7147,DRV427
TRP007531,,mandi036,Export-Terminal,14.4,818.6,DL63AB2492,DRV162
TRP006796,,mandi023,WH-South,6.8,324.4,,DRV989
TRP002059,,MANDI-040,WH-East,5.4,273.8,RJ85CD4409,DRV523
TRP008831,,mandi_001,WH-Central,5.4,257.9,HR47DF5405,DRV262
TRP007018,,MANDI001,WH-North,17.4,789.8,,DRV514
TRP004065,2026-04-10,MANDI-001,WH-East,3.5,165.7,PB62BC4395,DRV885
TRP004920,,MANDI057,WH-West,8.5,462.7,RJ61CD1638,DRV517
TRP001167,,MANDI052,WH-West,15.7,725.3,RJ14DF3545,DRV114
TRP000255,2026-02-20,mandi_038,Export-Terminal,7.4,361.7,UP59BC1689,DRV526
TRP000416,,mandi048,WH-East,14.8,887.5,DL52BC2396,DRV439
TRP006400,,MANDI016,WH-North,20.8,1081.8,DL84DF4032,DRV353
TRP009543,,mandi_001,WH-East,8.3,333.2,PB60BC6869,DRV440
TRP009021,,MANDI051,WH-West,10.1,467.9,DL56CD3175,
TRP004280,,M051,WH-East,,101.7,RJ19CD7137,DRV180
TRP000760,,MANDI-037,WH-South,20.3,1217.7,DL91CD3297,
TRP001386,2026-02-04,MANDI017,WH-West,16.4,768.49785215009,UP19AB7216,DRV909
TRP000655,,MANDI036,WH-North,6.2,298.4,UP35BC6477,DRV657
TRP001202,,mandi024,WH-South,22.8,1304.9,,DRV364
TRP002414,,mandi_040,WH-West,11.4,631.3,DL30BC6055,DRV797
TRP008811,2026-04-07,017,WH-East,20.4,1029.8971215736863,UP83CD6435,DRV149
TRP005418,,M011,WH-East,9.4,440.9,RJ54BC4933,DRV328
TRP005503,2026-04-18,035,WH-North,14.3,679.8,PB19DF7962,DRV733
TRP003402,,MANDI016,WH-South,20.3,835.7,HR77AB4833,
TRP006728,,mandi_023,WH-South,2.7,130.4,DL76DF7490,DRV128
TRP005129,,MANDI010,WH-Central,6.6,290.0,DL28AB6153,DRV936
TRP003045,,MANDI-041,WH-North,10.8,522.3,HR15BC1780,DRV141
TRP002831,,006,WH-East,9.7,517.9,PB43BC9324,DRV867
TRP003525,,MANDI022,WH-South,,551.8,UP85DF2146,DRV942
TRP000329,,M052,WH-East,2.7,108.2,DL92CD5557,DRV235
TRP007357,,MANDI-051,WH-Central,20.7,1214.396605922016,UP64CD7323,DRV699
TRP006533,,MANDI052,WH-North,6.3,303.1,HR22BC6185,DRV849
TRP009214,,M012,WH-South,14.8,804.8,HR54AB5464,DRV227
TRP008860,2026-07-11,mandi018,WH-Central,8.7,417.6,RJ63AB9308,DRV300
TRP002064,,MANDI033,WH-East,6.4,300.8,UP28BC4170,DRV740
TRP008300,,MANDI034,WH-South,,484.8,PB79AB5621,
TRP004408,,MANDI052,WH-North,10.1,518.5,DL24AB1347,DRV507
TRP003034,,MANDI-057,WH-North,21.8,1033.3,UP90AB5364,DRV225
TRP008728,,MANDI056,Export-Terminal,10.9,594.5,PB87AB4947,DRV674
TRP003953,,029,WH-South,6.3,341.1,RJ84DF1154,
TRP003828,,MANDI037,WH-West,16.2,661.0,DL91DF1256,DRV657
TRP004830,,MANDI-033,WH-Central,16.8,982.0,UP77BC7474,DRV237
TRP001282,,mandi_011,Export-Terminal,,583.898368081246,,DRV654
TRP003020,,MANDI043,WH-North,13.4,763.097867242334,PB90CD1020,
TRP003030,,mandi004,WH-East,21.0,971.0,PB11BC3408,DRV493
TRP000034,,MANDI057,WH-West,8.9,437.5,DL65AB3380,DRV761
TRP002637,,mandi_012,WH-West,23.6,981.2,RJ41DF3051,DRV892
TRP006262,,MANDI027,Export-Terminal,4.5,214.9,RJ40AB1415,DRV111
TRP007020,,MANDI002,WH-West,,870.5975667948841,UP95AB1463,DRV310
TRP004891,,MANDI055,WH-Central,15.1,754.1,UP21AB1660,DRV494
TRP003019,,MANDI035,WH-Central,13.5,666.7,DL35AB5109,DRV319
TRP002946,,MANDI033,WH-North,7.7,335.0,DL10CD4920,DRV782
TRP006664,2026-03-30,MANDI-038,WH-West,,786.797801004152,UP35AB8383,DRV337
TRP005318,,MANDI056,WH-South,21.7,1099.8,,DRV288
TRP004292,,MANDI003,WH-West,5.6,296.5,UP74AB3575,DRV356
TRP008178,2026-01-02,MANDI035,WH-West,18.0,981.3,PB41AB7068,DRV759
TRP002664,2026-08-21,mandi_056,WH-South,23.5,1000.6,PB84DF6836,DRV895
TRP008615,,MANDI011,WH-West,3.9,216.2,RJ87BC1605,
TRP001283,,MANDI-046,Export-Terminal,,1190.296673278142,UP16CD3691,DRV582
TRP004122,,mandi_015,WH-West,9.9,525.3,UP56DF4634,DRV541
TRP001363,,mandi011,WH-Central,23.1,1072.0,RJ24BC4292,DRV482
TRP008533,,MANDI019,WH-North,15.5,698.3,HR24DF5508,
TRP006299,,M035,WH-North,,1216.7,PB19CD5504,DRV926
TRP001438,,M057,WH-Central,6.1,353.599011737504,RJ55BC3261,DRV640
TRP006034,2026-04-29,MANDI036,Export-Terminal,8.8,440.6,PB10AB1065,DRV439
TRP004092,,034,WH-West,18.8,758.5,RJ79CD8280,
TRP000057,,MANDI014,WH-Central,15.3,878.6,,DRV716
TRP005020,,mandi_039,WH-Central,,282.0,DL63CD7047,DRV307
TRP000032,,M023,WH-West,14.4,632.8,HR83AB7638,DRV294
TRP003528,,MANDI034,WH-West,15.3,706.8,,DRV136
TRP001845,,MANDI012,WH-West,,159.7,UP47AB6976,DRV549
TRP004696,,MANDI038,WH-South,19.9,1097.2,UP51BC5011,DRV390
TRP008919,,MANDI-034,WH-South,13.9,744.3,HR79AB5980,DRV684
TRP006085,,MANDI043,WH-East,17.4,702.1,RJ93DF6570,DRV836
TRP002881,,M045,WH-South,3.5,164.9,,DRV987
TRP001744,,MANDI006,WH-East,17.3,884.397528225816,DL15BC8688,DRV822
TRP003382,,M014,WH-Central,13.1,627.2,,DRV740
TRP008733,,MANDI003,WH-Central,17.2,1021.5,PB91AB2248,DRV916
TRP004000,,M014,WH-Central,15.1,712.0,RJ45BC1017,DRV714
TRP006352,,mandi042,WH-East,10.8,561.9,RJ24DF3393,DRV105
TRP004451,,M014,WH-Central,21.4,1108.5,RJ43DF1118,DRV781
TRP009786,,MANDI017,WH-South,16.6,701.2,HR35DF9480,DRV477
TRP000741,,M019,WH-North,22.0,1232.99655393762,RJ53AB2677,
TRP006952,,mandi_021,WH-North,11.1,501.9,RJ76AB2058,DRV279
TRP006650,,MANDI002,WH-North,8.7,459.5,UP96DF8155,DRV592
TRP002255,2026-03-25,mandi009,WH-South,2.8,159.799553381372,UP69AB7123,DRV297
TRP001625,2026-06-16,mandi020,WH-North,,381.8,RJ93DF9352,DRV431
TRP000525,,MANDI042,WH-West,15.3,811.3,HR86BC3575,DRV935
TRP007683,,MANDI028,Export-Terminal,19.1,1110.5,PB55AB2795,DRV794
TRP004594,,MANDI052,WH-East,4.2,180.3,HR11AB2768,DRV832
TRP003236,,MANDI032,WH-North,7.2,385.6,PB59DF2712,
TRP005350,,MANDI-012,WH-South,,96.199731134468,,
TRP003258,,MANDI046,WH-Central,17.6,1044.5,HR37CD2944,DRV954
TRP009408,,MANDI-056,WH-West,5.7,338.1,UP72BC4392,DRV326
TRP007294,,MANDI009,WH-North,11.0,541.3,UP71CD8243,DRV525
TRP005906,,MANDI054,WH-South,11.9,536.9,UP16AB6847,DRV718
TRP000436,,MANDI-037,WH-Central,3.8,174.0,RJ61AB4754,DRV903
TRP005707,,MANDI032,WH-East,20.1,860.397595302456,UP35BC7986,DRV246
TRP007856,2026-02-01,mandi011,WH-South,21.5,881.3975366103961,PB40DF2401,DRV765
TRP000309,,M003,Export-Terminal,10.1,491.3,DL32DF9704,DRV670
TRP001566,,mandi_020,Export-Terminal,11.9,688.4,HR15DF9709,DRV836
TRP002632,,MANDI024,WH-Central,20.9,871.8,PB82CD4467,DRV800
TRP006546,,MANDI011,Export-Terminal,10.2,483.2,PB50BC4458,DRV327
TRP004839,,MANDI025,WH-South,22.4,1110.796895469512,PB11CD3151,DRV839
TRP000402,,MANDI027,WH-Central,12.1,518.598550585604,HR85DF2958,DRV295
TRP008277,2026-08-26,MANDI028,WH-Central,9.3,446.1,UP10BC5478,
TRP003069,2026-04-23,MANDI011,WH-Central,21.4,857.0,DL59DF8623,
TRP000882,,mandi017,WH-North,20.9,953.6,,DRV344
TRP000435,,023,WH-South,,587.0,,
TRP007749,,MANDI022,WH-Central,12.7,658.398159864176,RJ90AB9155,DRV913
TRP003298,,M003,WH-East,,1190.0,PB30DF7938,DRV834
TRP003880,,MANDI054,WH-West,22.1,1108.196902736148,UP68DF7783,DRV997
TRP007924,2026-03-21,MANDI029,Export-Terminal,20.6,842.2976458894219,,DRV824
TRP008741,,mandi_018,WH-South,7.0,393.3,HR37CD7624,DRV978
TRP009888,,MANDI035,WH-North,,311.6,UP76AB3379,DRV152
TRP009646,,mandi_039,WH-Central,10.3,589.6,UP33BC3590,DRV448
TRP006061,,M031,WH-West,6.7,346.7,DL96AB7102,DRV371
TRP000289,,MANDI035,WH-North,18.1,970.4,PB96BC1277,DRV113
TRP007171,,MANDI017,WH-North,,979.7,HR95BC3090,DRV464
TRP008658,2026-08-28,MANDI055,WH-West,,886.0,,DRV178
TRP002624,2026-02-14,M018,WH-North,7.5,334.3,UP97DF3606,
TRP006477,2026-02-01,mandi_050,WH-East,6.3,266.3,UP24AB7785,DRV263
TRP000477,,mandi_006,WH-East,13.9,731.2,DL85CD3632,DRV284
TRP007650,,MANDI047,WH-South,,849.6976252074581,HR96DF6446,DRV394
TRP009518,,MANDI-004,WH-West,4.3,186.0,PB15DF1790,DRV528
TRP000232,2026-02-02,mandi_033,WH-East,6.0,306.3,UP68BC8744,DRV551
TRP003693,,MANDI006,WH-Central,18.2,979.4,HR38AB5617,DRV112
TRP003545,,mandi_001,WH-South,18.1,1082.8,,DRV800
TRP000738,,MANDI050,WH-Central,,194.9,HR50DF8877,DRV496
TRP005080,,mandi048,WH-East,6.8,293.0,RJ20BC6772,DRV500
TRP000843,,MANDI-043,Export-Terminal,22.6,1182.2,PB87BC6728,DRV243
TRP007147,,mandi_014,WH-North,13.3,662.7,RJ58AB4339,DRV834
TRP009954,,030,WH-East,14.3,659.2,DL53CD4143,DRV445
TRP006070,2026-04-21,MANDI-020,Export-Terminal,,676.1,,DRV657
TRP007223,,M033,WH-North,7.3,346.2,,DRV318
TRP003252,,MANDI052,WH-West,20.7,1216.4,PB68BC4040,
TRP007013,2026-01-16,MANDI016,WH-North,15.1,860.5,,DRV703
TRP005595,,mandi035,WH-Central,17.3,719.3,UP65AB1019,DRV209
TRP005045,,MANDI007,WH-Central,19.2,1061.3,DL81DF5093,DRV288
TRP005991,,M057,Export-Terminal,,939.8,HR59CD1161,DRV841
TRP001322,,mandi_048,Export-Terminal,16.6,881.2,,DRV573
TRP001840,,MANDI024,WH-East,,898.9,RJ11DF6654,DRV724
TRP001996,2026-03-26,mandi_053,WH-West,8.8,527.5,RJ42AB5328,DRV597
TRP002400,,mandi_006,WH-West,18.4,949.3,PB26CD5148,DRV513
TRP006889,,MANDI006,WH-Central,20.2,1042.1,UP29DF9974,DRV428
TRP007106,,MANDI007,Export-Terminal,11.4,606.7,HR27DF5259,DRV380
TRP005171,,mandi006,Export-Terminal,,428.4,PB28CD3499,DRV284
TRP001042,,MANDI-007,WH-East,12.8,630.6,,DRV118
TRP004554,,MANDI-040,WH-West,10.0,534.8,PB42CD1809,DRV208
TRP000801,,mandi028,WH-East,,1117.7,,DRV808
TRP007616,,MANDI030,Export-Terminal,,948.9,PB70CD6476,
TRP006731,,mandi_023,WH-West,13.5,548.5984667398039,DL37BC3792,DRV950
TRP001406,,mandi_015,WH-South,12.9,740.5,RJ25AB5708,
TRP008021,,MANDI018,WH-Central,13.6,797.8,,DRV745
TRP000070,2026-01-30,mandi_024,WH-North,4.8,216.3,DL46BC9544,DRV486
TRP006244,,mandi_008,WH-North,23.3,1049.297067353402,DL59DF2837,DRV858
TRP002760,,MANDI057,WH-South,7.4,398.9,PB77BC8404,
TRP003884,,mandi014,WH-East,11.3,487.4,,DRV397
TRP004515,,MANDI-006,WH-East,8.9,398.898885130346,HR65DF6448,DRV378
TRP001587,,MANDI003,WH-East,11.5,611.0,UP50AB5298,DRV408
TRP004640,,MANDI-028,WH-Central,16.8,812.9,PB33AB2275,DRV839
TRP004540,,MANDI023,WH-South,20.7,1005.7,RJ90BC8440,
TRP006093,,M010,WH-East,8.9,373.6,UP34BC2915,DRV433
TRP001075,,MANDI-003,WH-East,3.3,186.4,PB66AB6089,DRV629
TRP003633,2026-07-25,MANDI014,Export-Terminal,12.6,638.3,HR76CD9627,DRV589
TRP003462,,022,WH-West,18.2,745.0,HR95CD7861,DRV979
TRP003669,,MANDI-053,WH-West,11.8,679.9,HR77DF4308,DRV760
TRP001470,,mandi_012,WH-West,21.2,1256.9,UP77CD6886,DRV184
TRP004295,2026-04-27,MANDI056,WH-West,6.1,328.8,RJ67BC9152,DRV949
TRP009433,,MANDI027,WH-Central,21.3,874.6,DL81BC1141,DRV266
TRP002604,,MANDI043,WH-East,10.2,486.5,HR23AB6188,DRV741
TRP006673,,mandi_018,WH-North,19.8,1172.4,HR15DF3081,DRV675
TRP001580,,MANDI003,WH-Central,11.1,471.0,HR59BC5884,DRV650
TRP007914,2026-08-14,MANDI019,Export-Terminal,,775.5,HR92AB4054,DRV447
TRP004304,,MANDI007,WH-North,,192.4,,
TRP006088,,M040,WH-West,7.1,373.0,RJ80CD9630,DRV250
TRP000410,,MANDI009,WH-South,9.9,472.6,DL76BC4198,DRV264
TRP003783,,mandi_006,WH-North,6.3,306.8,UP46DF9495,DRV144
TRP002953,2026-05-02,M052,WH-South,5.6,325.1,DL37BC7853,DRV207
TRP006113,,MANDI010,WH-West,,159.7,PB86CD8816,DRV820
TRP005719,,MANDI005,WH-West,7.2,346.9,,
TRP004281,,MANDI-005,WH-North,23.9,1183.4,RJ57CD1709,DRV255
TRP003092,,mandi021,WH-North,21.8,1299.7,HR85CD5772,
TRP002727,,M056,WH-East,6.2,254.39928898761602,DL69AB7146,
TRP000478,,MANDI-025,WH-Central,8.9,498.6,PB55CD6769,DRV660
TRP001330,2026-03-15,MANDI003,WH-Central,12.7,711.8980103391659,HR27BC8610,DRV768
TRP002284,,MANDI050,WH-East,18.8,972.0,PB84CD4069,DRV623
TRP000322,,mandi_003,Export-Terminal,10.9,449.3,PB49CD8480,
TRP005781,,MANDI-041,WH-West,3.3,192.7,HR16CD2415,DRV182
TRP001778,,MANDI-037,WH-North,11.7,567.0,PB21BC6149,DRV774
TRP008224,,MANDI029,WH-Central,15.3,688.5,UP72DF3677,
TRP000752,,MANDI-026,WH-West,14.0,752.8,PB74DF6826,DRV876
TRP009354,,mandi_030,WH-West,,285.8,,DRV834
TRP004443,,MANDI-025,WH-South,2.4,99.59972163194399,HR70BC2865,DRV833
TRP007781,,mandi008,WH-Central,18.5,858.3,PB79DF8631,DRV822
TRP006573,,032,WH-West,14.5,710.8,DL14DF6983,DRV719
TRP009513,,M044,Export-Terminal,3.8,192.9,UP95DF5630,DRV136
TRP005771,,mandi_034,WH-South,18.4,769.5,RJ12DF1038,DRV906
TRP001032,,027,WH-South,10.7,508.4,RJ52BC5394,DRV633
TRP005675,,M004,WH-Central,6.3,259.1,UP84AB1265,
TRP005630,,MANDI016,WH-West,8.8,383.4,HR26BC8098,DRV801
TRP000469,,M056,Export-Terminal,22.3,1177.196709890808,HR55AB1820,DRV400
TRP001546,,MANDI-023,Export-Terminal,14.3,592.6,UP85DF2611,DRV304
TRP006886,,MANDI-013,WH-West,4.1,192.099463107394,,DRV346
TRP008908,,MANDI-008,WH-South,21.3,1009.4,,DRV728
TRP002684,,MANDI028,WH-West,13.2,772.8,RJ16AB8372,DRV851
TRP007821,,MANDI021,WH-South,17.6,978.6,UP53BC4123,DRV526
TRP006740,,mandi002,WH-West,13.9,693.7,HR89AB8764,DRV706
TRP001026,,MANDI047,WH-West,23.6,1360.1961984314282,DL14CD3208,DRV465
TRP009090,2026-07-22,mandi_020,Export-Terminal,2.1,90.1,DL53CD4242,DRV761
TRP004367,,M022,WH-West,21.6,1136.6,UP24BC9239,DRV632
TRP005866,,MANDI013,WH-Central,22.3,1073.0,DL14CD3155,DRV488
TRP005679,,mandi009,WH-North,6.5,337.2,UP54BC1274,DRV908
TRP003519,,MANDI002,WH-North,17.1,788.1,DL31DF1953,DRV629
TRP008078,,MANDI-003,WH-East,,900.3,UP70DF2403,DRV937
TRP002355,,mandi_053,WH-West,,516.9,DL94BC1804,DRV624
TRP007049,,MANDI057,WH-Central,,734.3,PB90BC1672,DRV827
TRP007696,,mandi045,WH-North,4.1,236.5,HR62BC5815,
TRP000774,,M012,Export-Terminal,15.1,656.1,HR18AB2333,DRV385
TRP005255,2026-02-15,MANDI054,WH-South,11.2,454.6,PB38DF5650,DRV189
TRP009165,,mandi_018,WH-Central,21.2,1136.0,RJ46DF3460,DRV362
TRP009455,,MANDI046,WH-Central,10.2,415.7,,
TRP008257,,008,Export-Terminal,23.1,1269.7,HR52AB9420,DRV435
TRP000642,,043,WH-Central,16.3,865.7,PB35BC6536,DRV549
TRP004609,,M032,WH-North,13.8,702.8,RJ84DF1265,DRV525
TRP004305,,MANDI009,WH-North,5.1,231.199353828368,UP49AB5387,DRV432
TRP004470,,MANDI-019,Export-Terminal,8.2,425.7,UP53BC3903,DRV731
TRP005506,,MANDI-023,WH-Central,7.5,320.5,PB67AB2252,DRV258
TRP007117,,mandi008,WH-South,17.5,958.8,RJ48DF6683,DRV310
TRP008870,2026-05-10,mandi026,WH-South,,770.6,HR88DF7902,DRV534
TRP001109,,MANDI039,WH-North,17.0,683.0,DL99AB9470,DRV448
TRP004150,,M047,WH-Central,5.2,287.1,,DRV384
TRP000866,,MANDI046,WH-South,2.7,108.3,RJ64AB1154,DRV855
TRP001421,2026-03-17,MANDI012,WH-East,,457.3,PB83DF9422,DRV195
TRP007558,,mandi_042,Export-Terminal,8.7,426.3,RJ17AB9033,
TRP004344,,MANDI006,WH-West,16.5,769.9,DL76AB6260,DRV522
TRP005363,,mandi033,WH-Central,4.1,239.0,,DRV348
TRP006310,,M057,WH-West,20.3,1080.1969809922282,,DRV449
TRP009120,,MANDI-042,Export-Terminal,3.6,216.0,HR78AB3812,DRV571
TRP006001,,MANDI-016,WH-South,20.9,856.8,PB41AB5484,
TRP000963,,M006,WH-West,15.5,843.6,DL85CD8630,DRV391
TRP001681,,mandi036,WH-West,13.7,706.3,UP70BC7639,DRV147
TRP008238,,MANDI-029,WH-North,6.0,330.7,UP11CD8642,DRV199
TRP000634,,mandi008,WH-South,10.0,509.69857545985803,DL75BC1380,DRV564
TRP002570,,mandi_042,Export-Terminal,11.7,517.9,RJ89CD3115,DRV139
TRP006504,,MANDI049,WH-South,9.2,398.198887086748,PB28BC9436,DRV209
TRP003965,,MANDI-043,WH-North,7.9,355.7,PB19AB8292,DRV927
TRP003310,,MANDI037,WH-South,19.8,1111.1,UP10DF7236,DRV916
TRP002167,,MANDI004,Export-Terminal,12.1,515.0,,DRV955
TRP000364,,MANDI-008,Export-Terminal,6.7,389.0,PB66AB4364,DRV652
TRP007378,,mandi016,WH-West,13.8,697.6,DL21BC2969,DRV918
TRP002826,,mandi_053,WH-South,19.8,1040.9,PB83AB5376,DRV237
TRP005808,,M017,WH-Central,9.1,510.1,UP73DF9944,DRV437
TRP003575,,mandi_024,WH-North,16.2,785.8,HR43DF3667,DRV988
TRP003598,,M030,WH-North,11.2,574.5,,DRV752
TRP008699,2026-03-13,MANDI013,WH-Central,6.2,319.2,RJ24DF7236,DRV492
TRP008182,,M007,WH-Central,20.5,1076.2,UP54BC7125,DRV765
TRP007816,,M031,WH-Central,3.5,165.2,PB47CD4446,DRV742
TRP000472,2026-06-09,MANDI-012,WH-North,9.6,463.0,PB15DF5209,DRV583
TRP008123,,MANDI018,WH-South,17.0,955.4,,DRV178
TRP007068,,MANDI-021,WH-South,22.9,958.6,PB96DF8160,DRV924
TRP003339,,M054,WH-Central,20.2,1065.6,HR90CD6032,DRV938
TRP008899,2026-07-16,MANDI021,WH-North,,956.7,DL60CD7431,DRV833
TRP001173,,mandi_009,WH-West,,786.9,DL64AB6482,
TRP009137,,MANDI041,WH-East,23.2,1338.9,DL59BC1836,DRV419
TRP004598,2026-01-05,MANDI036,WH-North,5.1,251.8,UP92BC4562,DRV497
TRP008697,,MANDI-049,WH-East,4.4,248.99930407986002,PB56BC4497,DRV122
TRP002577,,MANDI050,WH-South,13.4,800.897761596626,HR60DF6117,DRV861
TRP001990,,MANDI030,WH-West,12.9,521.0,PB25DF9074,DRV436
TRP007594,,mandi_053,WH-North,10.4,482.2,PB78CD5240,DRV346
TRP008043,2026-01-05,MANDI050,WH-North,18.2,818.4,UP16DF3305,DRV807
TRP003906,,MANDI-016,Export-Terminal,16.3,917.8974345980059,UP26AB5620,DRV336
TRP007933,,MANDI041,WH-Central,16.2,762.4,PB98AB6034,DRV347
TRP004978,,mandi006,WH-West,5.2,273.1,UP75BC9163,DRV495
TRP003814,,MANDI030,WH-Central,,175.1,PB85CD3591,DRV840
TRP004743,,MANDI045,WH-Central,,513.9985634419601,RJ11AB7512,DRV991
TRP002629,,MANDI015,WH-North,19.2,993.5,PB27BC7919,DRV357
TRP000378,,MANDI045,Export-Terminal,8.0,449.6,HR73DF4992,DRV916
TRP001411,,MANDI-023,Export-Terminal,8.6,400.5,PB19DF7605,DRV335
TRP009491,,MANDI022,WH-South,22.7,1136.6,UP57DF3476,DRV687
TRP004337,,MANDI037,WH-West,,893.2,RJ65CD9207,DRV769
TRP006356,,003,WH-North,8.7,466.3,HR41CD3328,DRV107
TRP004976,,MANDI027,WH-East,22.4,991.9,UP35CD5985,DRV923
TRP007360,,M002,WH-West,17.1,823.0,DL98DF4094,DRV153
TRP007151,,MANDI056,WH-East,2.5,100.099720234514,PB36BC9847,DRV144
TRP000816,,MANDI-019,WH-South,8.7,461.0,,DRV833
TRP002405,,mandi_015,WH-Central,14.4,663.198146448848,UP33AB1664,DRV418
TRP005895,,MANDI050,WH-North,9.5,535.0,,DRV832
TRP001795,,MANDI-004,WH-East,19.3,909.6,HR61CD2130,DRV607
TRP007237,,MANDI031,WH-East,22.4,981.197257683368,DL32BC1831,DRV805
TRP002132,,MANDI014,WH-East,19.2,779.3,,DRV437
TRP001798,,mandi029,Export-Terminal,16.1,830.797678030312,HR60DF6713,DRV448
TRP003091,,014,WH-Central,18.7,750.4,HR61AB1861,DRV805
TRP008369,,mandi_045,WH-North,19.0,1021.2,,DRV932
TRP004555,,MANDI046,WH-West,23.6,1396.8,PB37DF7466,DRV248
TRP009867,,MANDI041,WH-West,,811.097733089054,DL45AB8745,DRV915
TRP003123,,MANDI036,WH-East,17.1,806.7,UP54CD4789,DRV288
TRP007771,,MANDI022,WH-Central,6.5,278.1,RJ44AB9801,DRV685
TRP008600,2026-02-11,MANDI-053,WH-West,14.2,753.6,,DRV651
TRP004599,,MANDI036,WH-North,6.2,294.9991755163,PB50DF6696,DRV336
TRP000123,,MANDI042,Export-Terminal,8.6,480.5,UP80CD3197,DRV218
TRP000180,2026-08-27,mandi_054,WH-North,10.9,568.1,,DRV167
TRP009621,,mandi_017,WH-West,22.4,968.1,UP49CD5759,DRV125
TRP006030,2026-01-24,M028,WH-West,10.4,460.3,RJ98CD6292,DRV487
TRP004935,,mandi_007,WH-North,13.3,617.1,PB83CD7482,DRV744
TRP008818,2026-05-03,MANDI057,Export-Terminal,8.3,451.0,PB31DF9716,DRV370
TRP004289,,005,WH-North,20.4,1032.7,,DRV589
TRP005454,,MANDI-029,WH-South,16.0,756.8,,DRV777
TRP001158,,mandi_047,WH-East,6.8,325.0,PB17DF4735,DRV352
TRP000238,,mandi026,Export-Terminal,18.0,930.49739938277,UP62AB3500,DRV224
TRP001533,,mandi_003,WH-West,2.5,114.2,PB24DF5659,
TRP007822,,MANDI050,WH-East,23.0,1286.5,UP85DF1706,DRV769
TRP005975,,MANDI016,WH-South,4.5,246.0,HR14DF2305,DRV797
TRP003411,,037,Export-Terminal,23.1,1115.396882613156,HR50DF9648,DRV581
TRP006878,,MANDI-006,WH-West,6.8,388.3,RJ28AB5020,DRV977
TRP001113,2026-01-07,MANDI-004,WH-South,22.7,1194.4,,DRV143
TRP004047,2026-02-17,MANDI017,Export-Terminal,4.7,262.5,PB58CD7039,DRV742
TRP001536,,MANDI042,WH-South,14.0,629.6,UP75AB6210,
TRP003394,2026-09-04,MANDI001,WH-West,10.1,605.198308550728,RJ65CD7954,DRV520
TRP006838,,MANDI056,WH-West,18.7,908.8,DL73DF9297,DRV350
TRP001207,,MANDI032,Export-Terminal,23.8,1098.6,DL98DF9921,DRV293
TRP000899,,MANDI041,WH-West,,1093.8969427026461,DL24AB8523,DRV915
TRP002606,,MANDI009,WH-East,21.1,952.5,PB84CD7031,DRV156
TRP001723,,mandi_004,WH-Central,7.5,305.9,,DRV715
TRP007667,2026-04-13,MANDI-032,WH-Central,,319.7,DL63CD1114,DRV897
TRP008113,,mandi025,WH-East,23.6,1304.3,RJ22CD5850,DRV512
TRP002178,2026-05-31,MANDI-008,WH-North,,927.1,PB12CD8763,DRV655
TRP008420,,M053,WH-North,18.4,1053.4,,DRV272
TRP002352,,M024,WH-North,19.8,823.5,HR81BC2354,DRV280
TRP003326,,013,WH-West,17.9,831.8,DL71DF2043,DRV423
TRP003870,,MANDI-019,Export-Terminal,7.1,388.99891279946,,DRV811
TRP008912,,MANDI-008,WH-North,18.6,1028.1,UP24DF7685,DRV466
TRP007842,,MANDI042,WH-West,20.7,852.0,RJ41DF2673,
TRP006821,,mandi_009,WH-Central,7.6,328.9,,
TRP002135,2026-06-15,M006,WH-West,23.2,1378.7,DL31BC9281,DRV586
TRP001481,,mandi_039,WH-Central,13.4,678.8981025695459,UP10BC5558,DRV223
TRP002794,,mandi035,WH-North,13.4,641.3,HR56DF2373,DRV720
TRP008532,,MANDI049,Export-Terminal,6.6,300.2,RJ60DF9076,
TRP000994,,MANDI044,WH-North,22.6,1342.2,HR33AB2347,DRV517
TRP004722,,M022,WH-West,10.4,516.7,,DRV997
TRP005050,2026-06-01,MANDI002,WH-North,4.9,292.49918250344996,PB89CD7612,DRV255
TRP003860,2026-02-13,MANDI-057,WH-North,19.7,1042.3,,DRV293
TRP006587,,M055,Export-Terminal,,411.7,UP31AB9009,DRV407
TRP004300,,MANDI-005,WH-East,15.2,764.7,HR29BC2440,DRV307
TRP004096,,MANDI009,WH-South,21.4,1214.1,DL20AB2623,
TRP008061,,M044,WH-North,3.7,157.9,PB84DF7742,DRV459
TRP004455,,MANDI-019,WH-North,18.4,741.4,,DRV122
TRP003662,,mandi016,WH-South,14.5,679.1,,
TRP005426,,023,WH-West,6.2,311.5,,DRV857
TRP001953,,MANDI014,WH-West,12.4,551.2,HR61AB5912,DRV361
TRP000556,2026-06-19,MANDI-002,WH-North,13.8,562.798427052792,PB87BC4242,DRV547
TRP004646,,003,WH-South,15.2,766.9,RJ54DF3315,DRV192
TRP001164,,MANDI027,WH-East,7.4,363.398984347876,PB83CD9230,
TRP001585,,MANDI009,WH-West,23.7,1213.8,PB30BC6115,DRV311
TRP009876,,MANDI032,WH-South,18.3,985.0,HR13DF4508,DRV971
TRP007643,2026-07-14,mandi017,WH-North,2.8,115.49967719367,UP90BC8659,DRV302
TRP010000,,M040,WH-East,15.2,689.7,UP33DF9634,DRV239
TRP006368,,M018,WH-North,9.0,510.3,RJ57CD2799,DRV875
TRP008592,,MANDI-045,WH-West,8.1,351.3,HR37CD2509,DRV728
TRP005729,,M009,WH-Central,11.8,538.9,RJ17BC4996,DRV388
TRP001460,,MANDI-005,WH-East,2.8,134.5,RJ75DF2899,DRV374
TRP007150,,MANDI046,WH-Central,3.5,176.0,HR27AB4926,DRV847
TRP001599,,mandi_029,WH-South,22.6,1087.99695919232,UP67AB6651,DRV860
TRP007817,2026-08-29,MANDI018,WH-Central,10.8,505.79858635981196,DL16DF6528,DRV297
TRP000301,,MANDI-009,WH-East,,321.8,HR85BC7623,DRV664
TRP008744,,MANDI-032,WH-West,23.3,1136.1,UP59CD3724,
TRP001761,,M021,WH-Central,6.1,290.7,PB72CD2255,DRV489
TRP006735,2026-06-10,MANDI013,WH-North,16.1,802.6,,
TRP005909,,MANDI019,WH-North,2.4,143.7,HR73BC7379,DRV528
TRP006801,2026-08-21,mandi_019,WH-West,22.4,1176.7,DL15BC8689,DRV746
TRP006448,,MANDI011,WH-Central,9.2,383.4,PB95DF2368,DRV914
TRP007090,,mandi_014,WH-East,6.0,274.0,PB88CD8835,DRV453
TRP002859,2026-03-18,MANDI-020,WH-East,14.7,879.0,RJ69BC9857,DRV845
TRP003972,,mandi_013,WH-East,17.0,993.8,RJ79BC1626,DRV816
TRP004195,2026-01-18,MANDI032,WH-North,10.3,454.1,UP14CD6595,DRV872
TRP003143,2026-03-28,MANDI044,WH-North,21.2,1168.6,HR52AB3747,DRV175
TRP001360,,032,Export-Terminal,10.0,534.8,PB64AB1616,DRV433
TRP009508,,mandi_029,WH-North,5.6,324.5,PB82BC6316,DRV247
TRP001936,,MANDI051,WH-East,8.1,358.2,DL61AB7780,DRV459
TRP003206,,MANDI-014,WH-West,5.4,289.2,PB91AB1240,DRV727
TRP006204,,mandi_015,WH-South,3.2,175.7,RJ94CD3186,DRV425
TRP000487,2026-01-18,M038,Export-Terminal,3.3,140.3,RJ44BC9280,DRV216
TRP009427,,MANDI047,WH-North,9.0,471.2,HR14DF3149,DRV672
TRP004741,,mandi038,WH-Central,13.8,818.4,UP44DF4188,DRV348
TRP009952,,MANDI023,WH-South,,703.298034374962,RJ65DF2451,DRV431
TRP009787,,MANDI016,WH-North,4.4,233.5,DL46BC7525,DRV598
TRP005307,,MANDI017,WH-Central,4.1,224.3,RJ14DF2636,
TRP004635,2026-06-07,mandi001,WH-East,2.8,137.09961682469398,PB63BC4335,DRV815
TRP003338,2026-08-28,MANDI013,WH-North,6.9,300.8,DL19BC9636,DRV475
TRP003609,,M050,Export-Terminal,10.9,459.3,DL91AB7728,
TRP009133,,mandi014,WH-Central,9.5,526.8,UP90AB7208,DRV768
TRP001153,,MANDI-016,WH-West,16.3,856.1,,DRV465
TRP007978,2026-02-17,MANDI055,WH-Central,6.5,351.9,,DRV290
TRP001225,,MANDI-002,WH-East,22.0,1136.6,RJ43DF2152,DRV180
TRP001213,2026-01-02,MANDI054,WH-East,8.4,420.1,HR81CD6866,
TRP000408,,M057,WH-North,14.0,687.6,DL65CD6647,DRV698
TRP005324,,MANDI-005,WH-North,15.4,697.7,UP73AB1700,DRV267
TRP004465,,mandi_020,WH-East,5.4,254.0,UP38BC1679,
TRP007989,,mandi025,WH-West,4.6,201.2,,DRV648
TRP007439,2026-04-04,mandi_037,WH-Central,2.1,120.0,,
TRP008829,2026-04-30,MANDI022,WH-West,,251.4,RJ46BC5237,DRV979
TRP007086,2026-02-04,MANDI056,WH-Central,14.6,703.5,,DRV806
TRP005810,,012,WH-North,20.0,1182.8,UP29CD6527,DRV897
TRP006425,,052,WH-East,16.0,848.697628002318,PB27CD8255,DRV144
TRP005251,,MANDI028,Export-Terminal,,535.698502793498,PB40AB7658,DRV344
TRP004631,,006,WH-Central,3.2,153.3,HR67BC9716,
TRP000666,,MANDI029,WH-North,4.4,232.7,DL84AB5354,DRV223
TRP004076,,M039,WH-West,16.5,770.0,PB59BC5456,DRV974
TRP005915,,mandi_006,Export-Terminal,5.4,252.699293738878,PB80AB4452,DRV830
TRP007927,,mandi_054,Export-Terminal,,513.1,HR89AB3318,DRV338
TRP000643,,MANDI043,WH-South,23.3,1096.7,PB30DF8747,
TRP009613,,MANDI046,WH-North,21.5,948.6,RJ69BC3718,DRV898
TRP003768,,039,WH-West,9.9,540.6,PB78DF4111,
TRP000177,2026-08-23,MANDI-038,WH-South,,651.2,UP66DF8569,DRV760
TRP006588,,mandi017,WH-East,17.2,994.6,HR93DF6389,DRV233
TRP005636,,mandi_023,WH-North,21.0,1111.8,DL63CD7548,DRV442
TRP007443,,mandi_030,WH-Central,7.8,442.2,UP29DF7926,DRV759
TRP000787,,M005,Export-Terminal,24.0,992.2,HR89AB6911,
TRP007939,,mandi011,WH-West,21.5,966.3,HR29CD7121,DRV395
TRP006940,2026-02-15,mandi_056,Export-Terminal,,755.5,,DRV254
TRP007481,,MANDI007,WH-North,,666.1,RJ30CD8396,DRV170
TRP003203,,MANDI012,WH-Central,10.3,420.9,PB52CD7125,DRV234
TRP005245,,M002,WH-South,18.2,748.6,PB32BC4395,DRV998
TRP009248,,MANDI027,WH-West,17.2,892.6,HR40DF1483,
TRP009377,,020,Export-Terminal,18.5,963.8,PB37AB6183,DRV145
TRP007377,,MANDI013,WH-Central,20.9,1005.3,UP77AB5053,DRV676
TRP000092,,M030,WH-Central,,247.5,RJ53DF5258,DRV420
TRP009657,2026-06-13,MANDI-040,Export-Terminal,11.9,525.3,UP35DF1217,DRV711
TRP006283,,039,WH-Central,21.1,1224.3,DL62AB2647,DRV298
TRP006251,,MANDI-053,WH-West,21.5,1002.8,RJ23DF5464,DRV793
TRP009883,,MANDI052,WH-North,13.8,581.6,DL86BC9687,DRV621
TRP004639,,050,Export-Terminal,,894.7,DL64CD8556,
TRP001972,,MANDI-017,WH-West,21.7,894.8,DL35CD3870,DRV431
TRP002906,2026-09-08,MANDI051,WH-South,21.8,1301.4,PB56BC6298,DRV197
TRP000531,2026-07-09,mandi009,WH-Central,,351.4,,DRV433
TRP008484,,MANDI009,WH-North,13.0,641.798206258852,RJ50DF4359,DRV362
TRP000997,,005,WH-South,8.4,437.2,DL45BC6819,DRV870
TRP004049,,033,Export-Terminal,3.7,189.8,UP95AB3325,DRV485
TRP004602,,MANDI-003,WH-West,14.7,847.4,PB91CD6296,
TRP004211,,MANDI015,Export-Terminal,,882.5,DL60BC8136,DRV801
TRP006822,2026-05-05,mandi_010,WH-West,21.8,1066.0,,DRV836
TRP002313,,MANDI037,WH-North,7.7,426.5,RJ43CD3580,DRV820
TRP007536,,mandi_039,WH-Central,17.3,772.8,DL82DF7007,DRV886
TRP002155,,MANDI017,Export-Terminal,,844.7,,DRV199
TRP004630,,MANDI015,WH-Central,12.6,610.4,RJ72AB8418,
TRP007705,,M038,WH-South,4.7,248.1,PB27BC9087,DRV190
TRP001428,2026-05-20,MANDI042,WH-West,18.0,744.0,,DRV500
TRP005023,,mandi_007,Export-Terminal,18.7,1015.3,,DRV506
TRP005427,,MANDI-003,WH-South,5.3,246.3,PB73DF1461,DRV450
TRP007325,,MANDI049,WH-Central,13.7,808.9,HR73AB6366,DRV963
TRP004303,,mandi_017,WH-East,20.6,1073.8,UP75DF1368,DRV263
TRP000157,,mandi009,WH-Central,8.9,472.8,DL71AB6156,
TRP005740,,mandi024,WH-South,11.3,462.6,HR62AB9076,DRV784
TRP003086,2026-04-19,mandi006,WH-South,5.2,300.7,DL38CD1521,DRV399
TRP006430,,MANDI020,WH-South,11.5,532.4,PB10CD4145,DRV871
TRP009846,,mandi_024,Export-Terminal,,866.6,UP76AB4621,DRV453
TRP008499,,MANDI023,WH-Central,23.5,944.1,PB35BC3024,DRV165
TRP008493,,MANDI051,WH-East,,654.1,PB16AB1903,DRV298
TRP005583,2026-07-24,MANDI025,WH-Central,10.4,494.09861905967404,HR82DF5404,DRV878
TRP003796,2026-06-01,M053,WH-North,16.4,940.8,PB20CD4976,DRV318
TRP000496,,mandi_002,WH-North,7.5,312.7,PB77BC5466,DRV484
TRP002148,,MANDI008,WH-South,12.1,650.5,HR46AB1821,DRV149
TRP002322,2026-01-03,027,WH-West,18.8,1090.7,DL44AB6477,DRV243
TRP004650,,mandi_011,WH-West,14.1,624.2,DL13DF9300,DRV648
TRP006022,2026-07-03,MANDI048,WH-South,22.0,1013.8971662914461,RJ63DF3834,DRV312
TRP000152,,MANDI-022,Export-Terminal,,1138.696817492918,,DRV341
TRP009293,,MANDI038,WH-Central,11.8,478.99866126206,DL33DF4909,DRV665
TRP000695,,MANDI005,WH-East,23.2,1116.3,HR13DF4084,DRV884
TRP004817,,MANDI057,Export-Terminal,23.6,1204.4,HR19BC8521,DRV462
TRP006214,,MANDI045,WH-West,,780.0,UP44CD4101,DRV902
TRP001739,2026-05-30,MANDI-004,WH-Central,10.6,502.798594744392,PB84CD5661,DRV893
TRP003002,2026-01-07,MANDI054,Export-Terminal,3.8,183.89948602524598,RJ73AB2171,
TRP000168,,MANDI-044,Export-Terminal,5.4,311.6,HR20DF7318,DRV956
TRP005428,,MANDI013,WH-West,11.5,509.3,UP70DF4624,
TRP006742,,MANDI028,WH-East,12.8,729.8,RJ73CD6777,DRV533
TRP002866,,MANDI017,WH-Central,14.3,759.3,DL51CD3675,DRV362
TRP008886,,MANDI013,WH-West,2.5,132.7,PB74DF3800,DRV233
TRP004268,,MANDI053,Export-Terminal,,939.7,DL25AB2579,DRV513
TRP006422,,MANDI022,WH-East,,1157.296765508522,,DRV374
TRP002884,,MANDI043,WH-Central,22.4,1256.6,RJ20AB8918,DRV722
TRP003721,,051,Export-Terminal,10.5,573.598396868304,,DRV377
TRP003032,,MANDI-033,WH-East,17.2,856.3,RJ55CD8694,DRV947
TRP006303,,M023,WH-Central,20.7,1241.1,PB18CD4149,
TRP008874,,M012,Export-Terminal,15.9,725.0,PB26CD6900,DRV587
TRP004197,,MANDI016,WH-Central,3.5,162.3,HR64DF5371,DRV690
TRP004418,,mandi025,WH-Central,13.1,644.5,PB63AB6428,
TRP004788,,MANDI011,WH-West,8.3,489.4,,DRV163
TRP007935,,MANDI009,WH-North,19.7,874.9,,DRV548
TRP002277,2026-03-10,M044,WH-North,18.8,1001.2,RJ54CD6991,
TRP007655,2026-07-27,MANDI-055,WH-South,,280.5,,DRV633
TRP006222,,MANDI007,WH-North,20.8,833.0,RJ12BC8900,DRV470
TRP000609,,mandi023,WH-South,3.8,191.3,,DRV519
TRP005786,,MANDI001,WH-South,12.9,752.0,DL21BC1602,DRV650
TRP006272,,MANDI018,WH-South,23.2,1356.4,RJ65AB4053,
TRP003496,,MANDI011,Export-Terminal,,323.4,RJ22CD1572,DRV885
TRP008017,,mandi056,WH-South,22.3,1033.5,HR83CD5736,DRV904
TRP000429,2026-04-07,MANDI039,WH-North,21.3,1190.0,DL96AB2721,DRV662
TRP009109,,M024,WH-North,,112.3,UP17AB6613,DRV620
TRP004696,,MANDI038,WH-South,19.9,1097.2,UP51BC5011,DRV390
TRP005047,,MANDI-010,WH-West,15.3,830.6,,
TRP000427,,mandi_029,WH-North,3.0,120.3,,DRV405
TRP002224,,mandi022,Export-Terminal,14.1,585.1983644479279,HR69BC8332,
TRP000101,,MANDI024,WH-West,16.6,978.1,UP59DF7153,
TRP005730,,mandi052,WH-Central,18.0,959.1,RJ61DF9753,DRV237
TRP005240,,MANDI038,Export-Terminal,12.6,650.2,DL87AB9777,DRV598
TRP002763,,MANDI041,WH-South,19.7,1080.4,UP91DF7376,DRV295
TRP006388,,M036,Export-Terminal,,873.6,DL59DF8039,DRV512
TRP007076,,M048,WH-South,5.9,310.5,DL46BC3301,DRV957
TRP005332,,mandi_005,WH-East,19.2,979.0972635525741,RJ62BC6543,DRV858
TRP009956,,MANDI009,WH-North,13.9,687.6,DL49DF6164,DRV472
TRP004783,,MANDI024,WH-West,19.3,934.8,DL98CD4937,DRV381
TRP008159,,MANDI001,WH-South,23.1,1037.9,UP53DF7038,DRV217
TRP003287,,mandi_049,WH-East,3.3,190.8,HR43BC5693,DRV491
TRP004814,,MANDI034,WH-South,13.5,749.8,DL12BC5372,DRV795
TRP006211,,MANDI-015,WH-North,3.5,167.0,DL60DF8047,DRV370
TRP009507,,M033,WH-South,,827.7976864148919,PB58CD2275,DRV793
TRP006799,,mandi030,WH-East,,681.898094184966,DL72DF2678,DRV690
TRP006614,,MANDI-036,WH-North,10.8,600.898320568626,UP35AB6788,DRV369
TRP009405,,MANDI057,Export-Terminal,,852.5,HR52CD9170,DRV516
TRP009606,,mandi_039,WH-West,4.2,196.3,UP56BC3268,DRV280
TRP007380,,mandi_004,WH-North,14.2,692.7,,DRV307
TRP001466,,MANDI-002,WH-East,,638.0,,DRV245
TRP009059,,MANDI006,Export-Terminal,10.7,542.4,HR21DF9610,DRV562
TRP002235,,mandi_004,WH-South,23.5,1321.6,PB55CD9979,DRV572
TRP007323,,044,WH-Central,6.4,260.2,RJ55AB3917,DRV765
TRP003904,,MANDI014,WH-North,17.2,695.0,HR21AB1647,DRV322
TRP001745,,M044,WH-West,15.1,859.6,RJ81CD1487,DRV895
TRP006674,2026-07-21,mandi020,Export-Terminal,,622.1,PB62AB4807,DRV124
TRP006642,2026-06-14,mandi_011,WH-West,17.3,720.6,DL38CD7734,DRV302
TRP000574,2026-06-18,M057,WH-East,10.6,614.0,,DRV714
TRP008922,,MANDI023,WH-East,,1033.9,DL46CD4482,DRV536
TRP004589,,MANDI027,WH-Central,21.1,994.9,DL49DF4616,DRV518
TRP006276,,M001,WH-South,,353.1,UP82AB9081,DRV104
TRP005492,2026-08-19,MANDI-007,Export-Terminal,15.6,706.4980254314099,RJ94CD8790,DRV627
TRP009605,2026-02-16,MANDI-027,WH-West,4.1,199.9,PB85DF3504,DRV314
TRP003788,,017,WH-East,19.6,1075.7,,DRV423
TRP001984,,MANDI044,Export-Terminal,5.2,212.7,,DRV707
TRP009199,,MANDI005,WH-North,15.4,760.897873391026,,DRV797
TRP006662,2026-05-06,MANDI013,WH-Central,14.5,587.7,PB20CD5453,DRV569
TRP009798,,M023,WH-South,,291.599185018824,,DRV320
TRP003699,,MANDI004,WH-Central,21.7,1271.0,RJ68BC5178,DRV772
TRP002122,2026-01-01,MANDI-029,WH-East,19.0,961.3,HR64CD7300,DRV850
TRP008159,,MANDI001,WH-South,23.1,1037.9,UP53DF7038,DRV217
TRP004339,,MANDI-033,WH-East,,532.7,,DRV935
TRP003004,,M047,WH-Central,2.4,114.9,DL23DF7798,
TRP004100,,mandi046,WH-North,16.2,891.2975089412819,PB73BC8008,DRV295
TRP000917,,MANDI032,WH-Central,8.4,460.5,UP23DF3088,DRV647
TRP008892,,MANDI-029,WH-Central,23.5,1289.396396307516,,DRV340
TRP008501,,MANDI-048,WH-Central,19.4,860.1,HR74DF7076,DRV115
TRP005552,,MANDI-038,WH-East,14.1,822.49770122765,RJ67DF4571,
TRP003162,,MANDI050,WH-West,20.6,1022.7,RJ64CD2227,DRV395
TRP008086,,MANDI026,Export-Terminal,6.1,317.9,HR14BC8426,
TRP006835,2026-07-21,mandi_041,WH-South,10.5,569.798407488772,PB48DF5220,DRV196
TRP008855,,MANDI049,WH-West,9.1,414.9,RJ62CD8146,
TRP005922,,MANDI001,WH-East,10.2,479.1,PB39DF4762,DRV491
TRP009339,,M047,WH-West,6.9,305.6,UP91DF9994,DRV690
TRP001204,2026-07-22,MANDI010,WH-Central,3.0,122.8,,DRV480
TRP002318,2026-09-08,055,WH-Central,22.4,1100.196925095028,DL90BC1170,DRV891
TRP006112,,M011,Export-Terminal,3.1,139.399610396516,,
TRP005412,,MANDI011,WH-West,4.6,230.9,PB92CD4996,DRV981
TRP000617,,MANDI049,WH-Central,7.5,406.99886249198,RJ51CD9550,DRV737
TRP001927,2026-07-17,MANDI017,WH-East,11.5,663.698145051418,,DRV694
TRP003115,,MANDI011,Export-Terminal,8.0,348.3,,DRV784
TRP002642,,MANDI048,WH-South,13.8,604.8,RJ48AB6453,DRV615
TRP008551,,mandi_008,WH-East,,1085.9,HR52CD4692,
TRP008006,,MANDI-039,WH-West,,551.0,RJ85BC1510,DRV205
TRP005877,,MANDI013,WH-Central,,695.2980567338419,DL14BC4258,DRV633
TRP002563,,MANDI032,WH-West,2.1,118.4,DL69AB6817,DRV807
TRP002631,2026-01-14,MANDI038,Export-Terminal,14.3,591.9,HR28CD4712,DRV150
TRP009404,,M057,WH-East,4.0,236.8,,DRV285
TRP002729,,MANDI-006,WH-Central,16.1,775.8,DL36BC3524,DRV812
TRP002217,,MANDI039,Export-Terminal,23.0,1087.99695919232,UP11BC2711,DRV708
TRP004162,,MANDI050,WH-North,,664.4,PB64DF2599,DRV523
TRP005365,,MANDI009,WH-Central,16.3,732.8,PB20CD3224,DRV965
TRP008282,,MANDI023,Export-Terminal,18.1,758.2,RJ90DF3676,DRV408
TRP008169,,MANDI022,WH-Central,10.1,545.0,,
TRP002627,,M054,WH-South,5.4,320.6,RJ14DF6015,DRV974
TRP002127,,MANDI048,WH-North,7.5,441.1,PB27CD5470,DRV356
TRP006073,,MANDI-015,WH-Central,19.0,996.8,UP18BC5982,DRV801
TRP008588,2026-06-05,MANDI008,WH-North,5.3,305.1,,DRV811
TRP005036,,041,WH-West,22.0,1278.1,HR58CD2425,DRV151
TRP005408,,MANDI005,Export-Terminal,21.9,900.5,DL51DF5379,DRV593
TRP007047,,M034,WH-Central,17.5,820.3,,DRV435
TRP000806,,MANDI041,Export-Terminal,,171.3,HR19AB8258,DRV980
TRP005061,,M022,WH-South,13.2,529.5,HR54CD8244,DRV825
TRP000848,,mandi029,Export-Terminal,13.9,602.8,PB22CD6799,
TRP003681,,MANDI049,WH-East,11.8,670.6,,DRV823
TRP006075,2026-01-20,MANDI-011,WH-Central,,976.4,DL52CD3079,DRV629
TRP003161,2026-07-08,MANDI030,WH-Central,,99.1,RJ15BC3226,DRV505
TRP004316,,MANDI040,WH-West,,163.0,PB20AB2128,DRV420
TRP009625,,M019,WH-North,22.3,1081.2,DL68AB9413,DRV509
TRP007316,2026-07-03,MANDI001,Export-Terminal,14.6,647.8981892102059,PB12DF9019,DRV742
TRP004865,,mandi_018,WH-North,22.0,1022.0,RJ96BC7320,DRV398
TRP001243,,MANDI014,WH-East,15.7,635.7,PB14AB6840,
TRP009105,,MANDI016,WH-East,15.6,818.4,,
TRP007212,,MANDI003,WH-Central,19.8,925.7,UP10BC6843,DRV197
TRP007585,,MANDI-045,WH-North,8.3,448.69874594631796,PB69DF7846,DRV625
TRP000548,,052,WH-East,20.2,1093.7,UP85BC1761,DRV282
TRP003023,,mandi_041,WH-East,7.6,386.8,UP86AB5014,DRV978
TRP007305,,MANDI052,Export-Terminal,12.9,680.6,RJ46CD5820,DRV414
TRP005606,,M008,WH-North,17.3,768.1,UP13AB9144,DRV228
TRP000027,,MANDI-012,WH-South,19.8,910.8,UP30BC8937,DRV358
TRP009907,,MANDI029,WH-East,12.7,746.3,PB99DF8137,DRV765
TRP003919,,mandi_055,WH-East,19.2,1011.3,HR77BC7886,DRV214
TRP004658,,M011,WH-Central,9.2,445.0,PB53CD2574,DRV197
TRP002509,,M035,WH-South,20.2,880.4975391257701,UP66BC3751,DRV698
TRP001434,,MANDI-009,WH-Central,19.8,956.7,PB95DF4522,DRV842
TRP002583,,mandi_010,WH-West,22.0,1165.7,UP43CD8166,DRV528
TRP001303,,MANDI054,WH-Central,22.9,1151.1,UP35AB5409,DRV382
TRP007646,,MANDI051,WH-East,,678.3,RJ50AB5273,DRV355
TRP007114,2026-01-13,MANDI-020,Export-Terminal,8.5,400.3,HR34AB2554,
TRP004382,,MANDI-025,WH-Central,19.1,768.4,DL21CD9302,DRV105
TRP004607,,MANDI020,WH-South,5.9,289.7,UP66DF8352,DRV798
TRP007140,,mandi_043,WH-Central,8.6,403.3,PB39BC9649,DRV386
TRP001222,,M038,Export-Terminal,22.4,1225.6,RJ88CD4985,DRV156
TRP005453,,mandi_041,WH-South,2.3,126.5,,DRV544
TRP002549,,MANDI019,WH-West,12.1,631.3,,DRV188
TRP000751,2026-02-26,mandi_047,WH-North,23.1,1372.3,,DRV712
TRP000438,2026-05-03,MANDI-005,WH-North,,899.397486302916,RJ80AB2814,DRV168
TRP007969,,MANDI038,Export-Terminal,10.6,465.3,UP87DF4883,DRV890
TRP003412,,mandi_017,WH-West,9.2,496.7,DL27CD6164,DRV307
TRP008806,2026-07-16,MANDI-002,WH-North,18.9,1118.196874787548,,DRV453
TRP002848,2026-02-16,MANDI-035,WH-Central,18.9,1077.8,HR79CD7884,DRV177
TRP001174,2026-02-06,MANDI025,Export-Terminal,11.5,658.9,RJ87CD1495,DRV512
TRP002234,,MANDI-037,Export-Terminal,,690.598069869684,,DRV542
TRP002700,,mandi_029,WH-Central,6.3,360.6,RJ56DF4886,DRV767
TRP004975,,MANDI044,WH-South,2.8,165.5,DL13AB7291,DRV202
TRP006450,2026-08-09,MANDI016,Export-Terminal,4.0,182.2,,DRV673
TRP005054,,mandi010,WH-North,19.5,1069.9970094998,RJ37CD2821,DRV601
TRP002482,,M022,WH-North,22.9,1006.5,UP54BC9556,DRV716
TRP008644,,mandi_048,WH-South,19.3,1135.9,PB72DF2179,
TRP008779,,mandi051,WH-West,11.5,501.5,HR18DF6276,DRV790
TRP002707,,041,WH-South,,1165.6,UP10CD1793,
TRP005091,,006,WH-West,20.3,892.197506425908,RJ94BC9625,DRV909
TRP000327,,mandi_002,WH-West,3.4,147.4,UP65AB5142,DRV986
TRP001040,2026-03-31,MANDI-027,WH-North,23.4,1091.5,,DRV803
TRP002638,2026-01-08,MANDI-001,WH-East,9.8,506.1,PB23CD3048,DRV504
TRP009869,,MANDI-034,WH-North,8.2,468.6,RJ19BC5959,DRV155
TRP002500,,017,WH-Central,7.3,371.2,RJ29CD6690,DRV467
TRP001005,,MANDI026,WH-Central,8.3,368.798969255632,UP85AB6575,DRV984
TRP002862,2026-05-07,mandi_011,Export-Terminal,17.9,987.8972389578059,HR95DF5737,DRV423
TRP003234,2026-05-04,MANDI055,Export-Terminal,15.5,797.6,DL53DF7135,DRV359
TRP001871,,M010,WH-West,21.9,1060.8,PB44AB9149,DRV468
TRP005166,,mandi_037,WH-South,11.5,653.49817355899,PB44CD5037,DRV612
TRP004902,,MANDI-007,WH-West,19.5,883.4,PB11DF6577,DRV944
TRP008719,,MANDI-017,Export-Terminal,4.3,249.899301564486,RJ49BC1465,DRV500
TRP008630,,mandi_037,WH-East,21.5,1288.7,PB60BC4364,DRV310
TRP006863,,005,WH-East,9.5,419.3,PB32DF1910,DRV657
TRP000535,,057,WH-Central,21.2,933.1,UP78AB6903,DRV857
TRP008103,2026-07-21,034,WH-North,2.3,124.6,HR85BC7759,DRV161
TRP003961,,MANDI046,WH-North,7.5,425.7,UP15BC4884,
TRP003345,,mandi_028,WH-West,12.9,653.5,UP24DF6881,DRV723
TRP006663,,M025,WH-North,2.2,103.3,PB99DF2027,
TRP009847,,MANDI-026,WH-North,17.6,763.4,HR90AB1678,DRV107
TRP000586,,MANDI045,WH-South,8.4,395.6,,DRV889
TRP008583,,MANDI015,WH-North,,609.5,PB75CD2391,
TRP005560,,MANDI-038,WH-South,7.9,440.2,DL45DF2246,DRV751
TRP003036,,MANDI-048,WH-West,6.6,268.2,UP92BC9541,DRV150
TRP004829,,mandi_006,Export-Terminal,,861.2,UP10CD5679,
TRP002586,,MANDI013,WH-West,12.1,632.1,,
TRP001704,2026-02-01,MANDI-024,WH-East,20.9,1021.3,DL92BC5006,DRV751
TRP004682,,MANDI032,Export-Terminal,22.5,905.9,DL63DF3048,DRV455
TRP006077,,mandi021,WH-North,,619.2,HR91DF7953,DRV691
TRP009323,,mandi_021,Export-Terminal,21.2,1267.0,HR17BC6885,DRV785
TRP000492,,MANDI033,Export-Terminal,13.9,764.8,DL96DF8985,DRV431
TRP007996,,mandi003,WH-West,10.2,595.9,HR92AB3612,DRV686
TRP004746,2026-01-22,mandi036,WH-North,5.8,322.7,RJ40BC2228,DRV604
TRP002837,,MANDI012,Export-Terminal,3.8,172.4,DL67CD3001,DRV658
TRP002267,,mandi035,WH-North,3.6,195.399453884356,PB22AB4956,DRV552
TRP005217,,MANDI035,Export-Terminal,21.6,954.8,UP88DF6811,DRV156
TRP009850,,M003,Export-Terminal,11.1,659.0,UP80AB4089,DRV490
TRP007082,,M022,WH-West,14.5,753.6,RJ86CD7053,DRV521
TRP008896,2026-08-13,MANDI-045,WH-North,22.9,1004.1,UP71DF7752,DRV803
TRP008659,,M041,WH-South,18.7,951.097341808654,RJ47DF8188,DRV620
TRP003549,,MANDI023,WH-East,14.8,711.7,RJ27BC5686,DRV176
TRP002901,,mandi_045,WH-Central,6.5,311.4,PB80AB7296,DRV671
TRP000820,,M005,WH-Central,19.2,960.6973149779981,DL78AB5205,DRV513
TRP002945,,mandi_030,Export-Terminal,19.9,970.2972881473419,PB85BC1516,DRV895
TRP001917,,MANDI-012,Export-Terminal,10.3,539.9,DL94BC7418,DRV119
TRP003186,,MANDI023,Export-Terminal,8.8,447.3,RJ30BC9000,DRV503
TRP007437,,025,WH-South,13.0,593.49834125059,UP94CD8452,
TRP004177,,M028,WH-South,23.0,1218.7,RJ84BC2016,DRV769
TRP004012,,MANDI040,WH-North,10.7,497.8,,DRV166
TRP006341,,mandi017,WH-South,3.4,190.1,UP98AB4541,DRV332
TRP004360,,MANDI046,WH-South,15.8,788.2,HR99DF1687,DRV182
TRP007896,,MANDI-016,Export-Terminal,,228.0,RJ71DF5104,
TRP004188,,M023,WH-North,14.3,857.49760340755,DL18CD5086,DRV465
TRP005816,,MANDI-052,WH-North,2.4,111.8,HR68DF8503,DRV789
TRP004623,2026-04-14,M044,WH-East,,722.8979795957059,UP17BC9533,DRV766
TRP006364,,MANDI046,WH-North,8.3,389.0,UP12BC1441,DRV704
TRP001134,,mandi016,Export-Terminal,21.2,1226.7,UP80AB7853,DRV151
TRP007440,,MANDI-040,Export-Terminal,,137.09961682469398,UP85DF7734,DRV328
TRP008911,,M011,WH-North,12.3,657.6,PB46CD9657,
TRP002519,,MANDI020,WH-Central,7.6,405.9,HR28CD2297,
TRP000398,2026-06-04,MANDI049,WH-West,13.7,776.9,DL50AB5062,DRV396
TRP001318,,MANDI034,WH-South,10.9,546.4,UP13AB8357,DRV870
TRP005981,2026-02-08,MANDI032,WH-Central,9.5,541.8,DL34CD9287,
TRP000122,,MANDI020,WH-East,20.0,893.4,PB99BC3497,DRV881
TRP007800,,mandi_009,Export-Terminal,11.2,612.0,HR19CD7487,DRV579
TRP002450,,mandi_044,WH-North,23.2,969.0,,
TRP009520,,mandi_029,WH-East,10.8,548.2,RJ62AB3454,
TRP003230,,M015,WH-North,22.5,1184.4,UP75CD3539,DRV295
TRP001567,,MANDI015,WH-Central,12.9,650.2,RJ42BC3214,DRV379
TRP001985,,MANDI054,WH-North,11.3,534.798505308872,RJ51BC7204,DRV450
TRP007466,,MANDI036,WH-North,14.0,734.5,HR37DF8024,DRV915
TRP002602,,MANDI011,WH-East,19.7,897.5,RJ74AB3620,DRV816
TRP007291,,MANDI-039,WH-West,12.0,692.9,,DRV532
TRP009222,,017,WH-East,4.6,235.9,,DRV119
TRP002174,,MANDI035,Export-Terminal,12.8,636.2,DL10AB4816,DRV589
TRP003284,,MANDI019,WH-East,15.1,902.5,RJ91BC2917,DRV513
TRP003606,,MANDI-046,Export-Terminal,6.2,264.9,HR53CD5816,
TRP004221,,MANDI008,WH-South,20.7,1170.0,PB27CD6248,DRV714
TRP009439,,MANDI011,WH-North,,760.9,PB89AB3390,DRV958
TRP003769,,MANDI026,WH-South,17.1,893.597502513104,HR56CD1817,DRV219
TRP009802,,MANDI003,WH-East,2.1,97.7,HR27AB8064,DRV165
TRP004039,2026-05-07,MANDI027,Export-Terminal,9.1,381.5,RJ85AB9883,DRV565
TRP003503,,MANDI037,WH-North,9.0,503.2,PB47AB3284,DRV855
TRP001408,,M029,WH-Central,,187.1,DL33CD8462,DRV277
TRP004510,,MANDI039,WH-South,17.4,919.9,RJ93DF6089,DRV463
TRP005021,2026-05-12,MANDI015,WH-East,,598.4,UP96BC4038,DRV996
TRP005329,,mandi030,WH-Central,,608.0,HR16CD7023,DRV953
TRP002580,,mandi_013,WH-East,23.4,1386.0,RJ73CD4332,DRV856
TRP004182,,MANDI014,WH-Central,21.0,1140.3,RJ84BC1236,DRV391
TRP003270,2026-08-24,MANDI013,Export-Terminal,8.1,475.1,RJ65CD5481,
TRP009935,,MANDI-038,WH-North,5.9,275.4,PB60CD6372,DRV757
TRP001868,,026,WH-Central,9.0,411.6,PB60DF2166,DRV922
TRP006604,,M003,WH-East,21.7,1030.7,HR35CD8179,DRV823
TRP006898,,MANDI057,WH-North,16.2,660.5,DL24DF9583,DRV959
TRP002522,,MANDI047,WH-Central,15.5,718.0,UP93CD3552,
TRP006260,2026-08-05,mandi001,WH-East,15.4,913.8,,DRV369
TRP001821,,MANDI018,WH-East,22.1,1161.8,,DRV166
TRP004863,,MANDI027,Export-Terminal,2.6,129.89963694768602,UP75DF2989,DRV782
TRP000052,,MANDI019,WH-Central,15.0,745.0,UP66CD1182,DRV648
TRP003889,2026-02-18,MANDI001,WH-North,15.9,795.6,DL58BC6496,DRV440
TRP005966,,MANDI044,WH-Central,10.7,575.9,HR97AB5002,DRV931
TRP003578,,mandi054,WH-West,11.2,509.9,RJ74CD7300,
TRP008579,2026-03-12,MANDI055,WH-Central,,978.2,,
TRP008143,,MANDI025,Export-Terminal,,446.5,HR61BC2329,DRV179
TRP001859,,MANDI005,WH-South,11.1,565.4,UP30CD5918,DRV736
TRP005522,,MANDI025,WH-South,8.3,356.7,RJ37AB2335,DRV244
TRP009913,,MANDI045,WH-East,4.5,255.19928675172798,PB63DF1485,DRV161
TRP008212,,MANDI031,WH-South,,488.7,DL49BC8686,DRV573
TRP005478,,MANDI-033,WH-East,16.5,947.9,UP44DF9841,DRV606
TRP006891,2026-01-03,M008,WH-West,23.2,1118.0,RJ37CD3129,DRV596
TRP009595,,MANDI-020,WH-Central,,745.6,PB95DF4463,DRV123
TRP000426,2026-08-30,mandi_027,WH-South,,986.4,UP13CD4460,DRV679
TRP007205,2026-02-22,mandi021,WH-North,3.7,151.4,,DRV108
TRP004880,2026-02-26,MANDI-004,WH-South,3.9,189.6,RJ36BC9325,
TRP000229,,MANDI016,WH-Central,4.6,238.4,HR31CD8179,
TRP009925,2026-08-22,047,WH-Central,,914.797443262072,DL37AB9554,DRV941
TRP002742,,mandi_052,WH-West,5.8,315.1,,DRV766
TRP008792,,MANDI024,WH-North,9.0,405.99886528684,,DRV508
TRP005796,2026-08-17,049,WH-East,7.1,411.898848797166,DL19DF4113,DRV977
TRP002922,2026-03-28,027,WH-West,,908.1,RJ54BC6829,DRV984
TRP008776,,MANDI031,WH-South,8.3,352.8,PB33DF6067,DRV746
TRP003654,,MANDI021,WH-North,,936.4,HR45BC5664,
TRP004460,2026-06-30,MANDI-017,WH-West,4.8,252.7,UP62CD3154,DRV532
TRP001129,,MANDI014,WH-South,20.2,1095.5,DL21AB5947,
TRP009830,,mandi_023,WH-South,16.6,766.2,DL20AB1702,DRV186
TRP007732,2026-08-29,MANDI033,WH-North,11.7,572.7,UP60AB8340,DRV674
TRP002209,2026-08-28,MANDI001,WH-South,22.7,1047.1,RJ28CD3914,DRV139
TRP006182,,003,WH-North,3.6,211.6,,DRV874
TRP009260,,M020,WH-South,,691.5,,DRV628
TRP008315,2026-08-11,MANDI041,WH-East,6.9,327.49908468334996,PB48DF8168,
TRP003154,,MANDI003,WH-West,13.0,624.9,DL83DF3671,
TRP004843,2026-02-13,MANDI-004,WH-Central,,1377.2,RJ57AB6046,DRV791
TRP007933,,MANDI041,WH-Central,16.2,762.4,PB98AB6034,DRV347
TRP006780,,M012,WH-East,18.3,774.0,RJ68AB7493,DRV488
TRP009985,,M047,WH-Central,2.7,141.2,HR84DF2420,DRV213
TRP002375,,mandi_046,WH-West,17.2,944.1973610931881,DL84CD5607,DRV385
TRP001633,,M024,WH-West,23.5,1010.7,UP54DF7527,
TRP005278,,M051,WH-Central,9.4,558.6,UP43BC9713,DRV560
TRP002299,2026-03-15,MANDI037,WH-West,,1025.4,HR51BC7418,DRV603
TRP007309,,MANDI020,WH-West,,384.2,RJ52DF8423,DRV649
TRP007104,,MANDI054,WH-South,22.6,1242.5,DL58BC4186,DRV218
TRP008619,,mandi011,WH-Central,20.0,807.3,UP76AB6903,DRV916
TRP008402,,mandi055,WH-Central,,953.5973348215041,HR13AB6013,DRV168
TRP004561,,mandi_027,Export-Terminal,24.0,1119.8,HR76BC7987,DRV181
TRP004574,2026-07-22,MANDI025,WH-West,23.8,1379.0,PB43BC1987,DRV827
TRP004072,,MANDI-023,WH-Central,16.0,715.4,DL17AB8338,DRV943
TRP009004,,MANDI-011,WH-West,22.8,1230.7,UP82DF8546,DRV942
TRP009571,,M022,WH-East,17.2,874.0,PB87BC7412,DRV474
TRP004395,,mandi_047,Export-Terminal,21.5,1061.5,HR54CD5111,DRV957
TRP005831,,017,WH-Central,10.8,476.2,HR73CD2138,
TRP004603,,mandi_046,Export-Terminal,2.2,90.299747624142,HR89DF8631,DRV371
TRP009290,,mandi_047,WH-West,14.1,714.0,UP39CD6002,DRV273
TRP008426,,mandi_021,Export-Terminal,16.5,673.5,,DRV311
TRP002551,,MANDI-027,Export-Terminal,16.5,723.5,DL26CD9279,DRV892
TRP007519,2026-07-14,MANDI036,WH-West,6.3,372.0,DL95AB2791,DRV771
TRP000939,,mandi_024,Export-Terminal,3.2,136.2,UP44AB3772,DRV100
TRP006259,,MANDI-014,Export-Terminal,11.5,561.7,DL43CD8979,DRV522
TRP009221,,M047,WH-East,22.0,945.4,,DRV135
TRP005852,,MANDI050,WH-South,,288.4,,
TRP006744,,MANDI003,WH-North,22.6,941.1,,DRV630
TRP002645,,MANDI-028,WH-Central,,255.2,HR77AB6841,DRV381
TRP003166,,MANDI017,WH-South,,828.5,PB66AB6547,DRV600
TRP003640,,MANDI047,WH-East,6.8,400.7,HR61DF5605,
TRP002062,,MANDI-050,WH-West,12.2,531.698513972938,DL77DF2991,DRV374
TRP004683,,MANDI-025,WH-West,23.6,1127.99684739792,DL13DF4576,DRV906
TRP002813,,mandi_048,WH-East,11.5,601.3,DL23BC1879,
TRP009756,,M033,WH-Central,7.1,387.5,UP50BC6103,
TRP008984,,mandi036,WH-West,,822.7,HR28BC9738,DRV805
TRP009358,,M004,WH-East,19.0,1048.9,DL69CD9416,
TRP002550,2026-04-11,MANDI-022,WH-West,8.0,371.1,HR38DF8277,DRV329
TRP007508,2026-04-04,mandi_035,Export-Terminal,8.8,402.7,HR59DF5250,DRV615
TRP005273,,MANDI020,WH-South,6.1,298.2,PB21DF6437,DRV340
TRP007533,,mandi_042,WH-South,23.4,1165.49674259067,PB93CD5034,DRV652
TRP004175,,mandi_015,WH-Central,18.0,964.6,DL10CD2557,DRV882
TRP009100,,mandi_014,WH-East,13.6,683.6,RJ73CD5571,DRV971
TRP001025,,MANDI006,Export-Terminal,9.4,560.3,PB21CD5712,DRV879
TRP004373,,MANDI002,Export-Terminal,10.4,560.9,UP74CD2789,
TRP005891,,MANDI057,WH-West,8.0,325.9,PB26DF1442,DRV354
TRP001952,,022,WH-Central,,1152.1,HR10BC6412,DRV682
TRP008337,,MANDI-055,Export-Terminal,6.7,380.8,DL45BC3957,DRV324
TRP000352,,MANDI020,WH-North,12.0,626.0,HR28CD9561,DRV681
TRP005274,,MANDI044,WH-North,8.7,507.5,DL96AB5230,DRV883
TRP003663,,M004,WH-West,15.3,725.897971211126,UP13CD8386,DRV579
TRP005490,,mandi_050,WH-North,,827.0,RJ81BC2047,
TRP008037,,MANDI016,WH-South,7.1,319.5,RJ19AB9839,
TRP003151,,mandi_041,Export-Terminal,13.7,704.8,DL35DF5007,DRV758
TRP005007,,MANDI-042,WH-South,22.8,1279.7,PB26BC6840,DRV486
TRP005507,,MANDI011,WH-West,18.1,1004.7971917246721,HR92BC3796,DRV672
TRP006609,2026-08-06,mandi_015,WH-West,13.9,815.297721350642,,
TRP002940,,MANDI052,WH-North,18.3,875.3,DL19AB6113,
TRP001341,2026-04-28,mandi028,WH-East,17.1,795.1,DL66DF4412,DRV227
TRP009745,,MANDI020,Export-Terminal,2.0,116.7,PB78AB4119,
TRP009467,,MANDI046,WH-South,14.8,733.297950529162,PB85AB4182,DRV168
TRP008338,,MANDI041,WH-North,,705.8,DL69CD9648,DRV174
TRP005034,,MANDI057,WH-West,,741.99792621388,HR87DF1879,DRV345
TRP008012,,mandi_012,Export-Terminal,9.5,440.7,DL31AB9331,DRV361
TRP007218,,MANDI036,WH-South,13.8,809.7,RJ79DF1438,DRV717
TRP001584,,MANDI042,WH-North,11.9,610.3,RJ21AB7141,DRV163
TRP001413,,MANDI-027,WH-East,6.8,298.2,HR19BC1954,DRV148
TRP004478,,MANDI-034,WH-Central,14.8,753.4,PB15DF3024,
TRP009098,,MANDI014,WH-North,15.0,715.7,DL69BC8633,DRV820
TRP002257,,M038,WH-East,14.7,764.5,RJ15DF3686,DRV251
TRP007298,,MANDI054,WH-East,3.5,183.2,PB75CD7369,DRV894
TRP002213,,mandi_050,WH-East,15.9,821.7,UP34DF2260,DRV582
TRP002623,,MANDI005,WH-South,14.4,803.6977537710179,RJ78CD3429,DRV715
TRP006490,2026-05-21,MANDI002,WH-South,3.0,174.5,,DRV268
TRP003625,,mandi_057,WH-North,7.2,386.7,HR35CD2817,DRV642
TRP004846,2026-07-03,MANDI-052,WH-South,10.2,605.2,DL40DF5650,DRV988
TRP009852,,MANDI019,WH-Central,7.0,368.6,RJ77CD8206,DRV615
TRP000464,2026-05-01,MANDI055,WH-Central,14.3,592.7,PB82CD3943,DRV606
TRP001755,,MANDI047,WH-South,,1029.2,UP82BC6019,DRV329
TRP005008,,MANDI014,Export-Terminal,,874.4,DL75CD2959,DRV434
TRP008388,,047,WH-East,15.4,905.0,HR91CD7384,DRV215
TRP004394,,mandi_008,WH-East,18.8,1021.3,UP21AB5059,DRV279
TRP000379,,mandi_024,WH-South,8.5,356.7,RJ84CD1915,DRV295
TRP003107,,mandi014,Export-Terminal,18.2,996.4,RJ61AB8193,DRV958
TRP001336,,MANDI035,WH-Central,,898.0,RJ62CD8005,DRV993
TRP002021,,MANDI038,WH-North,23.1,1215.3,DL55DF3052,DRV302
TRP002717,,MANDI023,Export-Terminal,10.5,601.5983186122239,DL27AB6250,DRV553
TRP005832,,M036,WH-South,,252.8,PB60DF2285,DRV204
TRP005263,,MANDI018,Export-Terminal,4.4,180.1,UP23CD3561,DRV608
TRP005285,2026-07-02,M003,WH-West,13.2,620.0,HR74AB3625,DRV537
TRP007039,,MANDI045,Export-Terminal,,690.6,PB48DF9598,DRV147
TRP001812,2026-02-19,M004,Export-Terminal,18.4,763.1,PB79BC8808,DRV138
TRP001895,,mandi054,WH-North,,269.1,,DRV350
TRP008171,,MANDI025,Export-Terminal,2.1,109.4,DL77DF5692,DRV249
TRP005548,,MANDI038,WH-East,12.6,524.8,,DRV186
TRP001190,2026-03-05,MANDI010,Export-Terminal,8.7,505.1,RJ37CD5895,DRV370
TRP006953,,MANDI024,WH-East,,201.3,HR53CD9352,DRV915
TRP009750,2026-08-04,MANDI029,WH-East,7.3,388.0,,DRV247
TRP003455,,mandi_055,WH-Central,18.0,789.1977942964879,PB45CD8762,DRV797
TRP008456,,MANDI030,WH-South,,345.5,PB99AB2769,DRV165
TRP008764,,mandi029,WH-East,13.7,653.7,,DRV323
TRP007744,,022,Export-Terminal,22.1,1012.4,RJ33DF6206,DRV162
TRP004386,,MANDI038,WH-Central,9.1,429.1,,DRV658
TRP007389,,mandi_002,WH-East,14.1,796.1,HR28AB1975,DRV770
TRP003993,2026-06-29,MANDI-045,WH-West,6.2,358.3,RJ59BC3781,DRV393
TRP007835,,mandi_004,WH-North,2.0,98.5,HR19BC7216,DRV484
TRP001031,,mandi018,WH-West,,402.09887618679403,,DRV984
TRP005873,,M031,WH-East,8.8,522.7,PB17DF2045,
TRP007730,,MANDI051,WH-South,12.5,691.8,UP23AB4577,DRV295
TRP003775,2026-05-29,MANDI049,WH-North,9.1,475.698670485098,DL31BC1475,DRV573
TRP006697,,mandi_033,WH-East,20.5,1186.9,RJ56AB1424,DRV937
TRP007972,,048,Export-Terminal,8.0,341.0,PB75AB9852,DRV465
TRP001756,,MANDI-039,WH-Central,3.7,159.6,DL68DF8893,DRV378
TRP005539,,MANDI044,Export-Terminal,18.7,1020.4,UP76AB1368,DRV422
TRP007121,,001,Export-Terminal,3.6,182.3,,DRV579
TRP000111,,MANDI036,WH-Central,,1301.3,,DRV779
TRP005957,2026-09-01,MANDI-052,WH-Central,,651.5,RJ56DF2149,DRV789
TRP007314,,mandi_028,WH-North,11.7,601.0,DL61BC3021,DRV753
TRP002918,2026-03-02,MANDI012,Export-Terminal,21.6,956.3,PB95DF3813,DRV760
TRP001516,,M039,WH-West,9.8,455.3,HR70AB3660,DRV811
TRP009584,,MANDI018,WH-North,,517.5,UP24CD8720,DRV222
TRP009425,,MANDI049,WH-West,10.5,627.4,DL79AB5512,
TRP008752,,MANDI043,WH-East,8.6,499.4,PB80AB8669,DRV215
TRP002264,,mandi_013,WH-East,20.2,822.897700109706,UP92BC3481,DRV434
TRP004569,2026-05-08,MANDI-016,WH-South,,1061.3,RJ80AB9759,
TRP008836,2026-07-05,mandi_050,WH-West,8.6,425.6,DL62BC7479,DRV298
TRP008810,,MANDI055,WH-Central,22.3,1166.7,UP71BC7820,DRV525
TRP000894,,MANDI016,Export-Terminal,13.6,774.9,,DRV806
TRP001491,,mandi037,Export-Terminal,9.5,434.59878535384405,UP79CD6187,DRV325
TRP001851,,MANDI-012,WH-South,3.7,198.3,UP98DF7792,DRV157
TRP000325,,M010,WH-South,,902.3,UP45CD6265,DRV656
TRP001216,,MANDI-034,WH-West,,1032.0,PB79CD7754,DRV928
TRP002934,,MANDI007,Export-Terminal,22.9,1109.3,HR52AB4143,DRV929
TRP008122,,mandi007,Export-Terminal,22.7,1249.9,DL24DF3359,DRV603
TRP006873,,M045,WH-West,22.5,1215.3,DL68CD1388,DRV638
TRP008932,2026-07-14,mandi057,WH-West,4.0,204.4,RJ55CD5123,DRV506
TRP006726,,MANDI029,WH-West,17.4,830.397679148256,DL62AB1754,DRV353
TRP004004,,MANDI015,Export-Terminal,2.5,144.7,UP36CD7056,DRV560
TRP001130,,M005,Export-Terminal,5.6,250.0,PB89AB7814,
TRP005227,,MANDI030,WH-North,6.6,371.298962268482,PB70AB1676,
TRP002919,,MANDI038,WH-Central,22.5,1263.9,HR75BC1019,DRV247
TRP003085,,mandi037,WH-West,16.5,826.4,RJ27BC3960,DRV659
TRP002796,2026-04-01,MANDI051,WH-South,17.0,903.1,,DRV360
TRP006868,2026-05-23,M028,Export-Terminal,,435.6,,DRV605
TRP000799,2026-01-22,MANDI056,WH-East,13.8,631.3,RJ36CD6438,DRV864
TRP000735,,mandi_010,WH-East,15.6,896.4,PB11CD1030,DRV314
TRP004429,,MANDI028,WH-South,,329.6,DL96BC3935,DRV729
TRP002245,,mandi_056,WH-South,15.3,860.8,UP53CD5185,DRV878
TRP000179,,mandi_040,WH-South,,689.8,PB85AB3103,DRV836
TRP006361,,M038,WH-West,18.8,904.8,,DRV875
TRP008479,,MANDI025,Export-Terminal,14.6,778.9,RJ96AB4012,DRV559
TRP001175,,MANDI050,Export-Terminal,22.4,1087.596960310264,UP52BC8116,DRV899
TRP006379,,MANDI050,WH-Central,10.1,409.7,DL29AB3476,DRV978
TRP001832,2026-08-24,MANDI051,WH-East,22.6,1114.396885408016,RJ76AB6989,DRV130
TRP008424,,MANDI005,WH-West,6.0,304.2,HR32AB4981,DRV209
TRP004688,,MANDI-044,WH-South,,222.7,HR84BC9578,DRV982
TRP008370,2026-07-30,M054,WH-East,,684.7,PB24AB7394,DRV899
TRP007908,,MANDI031,WH-South,16.4,837.9,,DRV549
TRP003202,2026-08-29,mandi_028,WH-West,,472.4,HR86CD2322,DRV651
TRP000199,2026-02-03,MANDI031,WH-East,13.6,668.2,RJ59BC7321,DRV615
TRP006207,,MANDI-009,WH-South,8.5,372.5,DL68AB8279,DRV963
TRP004088,,MANDI-043,WH-East,,784.397807711816,PB70DF1759,DRV654
TRP000549,2026-05-19,mandi_004,WH-Central,5.6,331.2,UP46BC8601,
TRP008298,,mandi_004,WH-South,4.0,165.2,HR80BC2675,DRV228
TRP006496,,MANDI-043,WH-West,7.8,367.7,RJ99CD8399,DRV405
TRP007050,,mandi_026,WH-South,21.0,1255.9,HR57AB7920,DRV819
TRP002533,,MANDI-044,WH-Central,5.0,289.799190049572,HR37DF6195,DRV986
TRP002315,,M030,WH-South,17.9,1035.6,UP23AB4936,
TRP007256,,mandi_046,WH-East,16.3,887.2,PB52AB6413,DRV812
TRP004343,2026-01-06,MANDI-015,Export-Terminal,16.2,942.4,,
TRP000067,,MANDI008,WH-Central,14.3,697.6980500261781,UP16AB5839,
TRP003261,2026-07-16,mandi_001,WH-West,16.0,823.9,PB62AB1046,DRV363
TRP002573,,MANDI028,WH-Central,15.6,758.9,PB84AB9134,DRV825
TRP006209,,MANDI053,WH-Central,22.6,1144.2968018417018,UP46BC6839,
TRP006900,,MANDI043,WH-South,12.4,695.0,HR74AB2465,DRV812
TRP000623,,MANDI055,WH-North,7.9,361.1,RJ87BC7071,DRV189
TRP001682,,mandi040,WH-East,12.3,650.4,RJ29AB5353,DRV988
TRP000788,,MANDI015,WH-South,16.2,933.3,PB93CD4966,
TRP003333,,MANDI050,WH-North,20.4,997.3,HR96DF7126,DRV398
TRP005422,,mandi_012,WH-West,3.5,175.399509781556,HR49BC7668,DRV782
TRP006480,2026-05-17,MANDI013,WH-East,5.5,245.899312743926,RJ38BC9260,DRV396
TRP003281,,MANDI053,WH-North,5.0,248.0,,DRV229
TRP006187,,MANDI028,WH-South,12.1,573.1,HR76AB9473,DRV159
TRP006872,2026-06-17,MANDI046,WH-South,,1076.9,DL55AB6788,DRV282
TRP004440,,MANDI036,WH-South,17.1,893.0,HR28AB7455,DRV735
TRP008996,2026-04-18,MANDI011,WH-West,20.5,982.99725265262,HR87CD4690,DRV452
TRP009827,,042,WH-East,18.2,1060.8,DL20CD1212,DRV643
TRP000479,2026-07-21,MANDI025,WH-North,23.7,1342.7962470619918,HR10DF4933,DRV772
TRP006215,,MANDI035,WH-West,16.0,907.9,RJ96BC6190,DRV430
TRP002648,2026-08-26,mandi036,WH-North,20.1,954.8,HR82DF3035,
TRP005015,,MANDI021,WH-East,2.4,141.6,PB44AB2085,DRV499
TRP005602,,MANDI019,WH-South,6.9,319.4,PB63AB2962,DRV310
TRP001034,,mandi_023,WH-East,23.8,1226.2,,DRV712
TRP009668,,MANDI015,WH-South,12.9,682.9,RJ96AB4877,DRV512
TRP002599,,MANDI043,WH-East,2.1,99.7,,
TRP004514,,MANDI041,WH-Central,13.7,676.8,PB21BC1105,DRV143
TRP006960,,MANDI025,Export-Terminal,,227.5,HR45BC3539,DRV179
TRP004958,,MANDI-003,WH-South,8.8,453.1,HR39DF6890,DRV875
TRP000345,,MANDI-003,WH-West,12.8,710.1,UP92DF3065,DRV350
TRP004430,,MANDI013,WH-West,,281.49921324691,,DRV624
TRP001872,2026-06-24,MANDI-050,WH-Central,,1023.0,HR74CD8599,DRV245
TRP009903,,mandi_016,WH-West,10.7,601.3,RJ18CD6016,DRV932
TRP008184,,MANDI053,WH-East,23.9,1198.4,UP39AB5111,DRV128
TRP003899,,MANDI049,Export-Terminal,6.6,315.0,DL64AB8006,DRV229
TRP002889,,MANDI019,WH-South,14.1,677.4,UP79DF9665,DRV747
TRP000221,2026-08-11,mandi028,Export-Terminal,3.4,182.0,PB45CD6896,DRV801
TRP009558,,028,WH-South,14.5,751.0,RJ13CD5267,DRV496
TRP008666,,MANDI020,WH-East,15.9,859.9,RJ43CD4857,DRV821
TRP004442,,MANDI012,WH-Central,15.7,858.3,PB29DF8746,DRV306
TRP004017,,MANDI032,WH-East,12.4,584.5,PB14CD5487,DRV807
TRP004476,,024,WH-North,10.2,571.5,,DRV689
TRP004249,,036,WH-West,17.5,859.4,DL25DF5108,DRV505
TRP009521,,M029,Export-Terminal,23.7,1147.0,PB86AB8139,DRV206
TRP006497,2026-06-17,MANDI055,WH-South,17.1,851.5,PB81DF3162,DRV784
TRP009044,,mandi001,WH-Central,7.2,337.9,RJ38AB7754,DRV243
TRP004719,2026-06-04,MANDI-053,WH-Central,13.0,663.2,,DRV734
TRP007037,,MANDI004,WH-West,,275.89922889812595,PB26AB1171,DRV881
TRP004242,,MANDI018,WH-East,17.5,1042.1970871969081,HR41AB3482,DRV189
TRP004611,2026-02-07,MANDI020,WH-Central,16.0,660.9,RJ36AB2187,DRV626
TRP009459,,MANDI-039,WH-East,17.6,798.9,DL77DF3679,DRV198
TRP005339,,MANDI-011,WH-North,19.4,867.7,HR43DF9306,DRV523
TRP002882,,MANDI-002,Export-Terminal,11.5,543.2,UP97BC8310,
TRP001678,,mandi_037,Export-Terminal,12.3,540.6,DL32AB4574,DRV941
TRP004693,,MANDI027,WH-North,21.4,986.097243988554,UP25BC4382,DRV400
TRP000902,,M049,Export-Terminal,22.8,1025.5,PB76AB6807,DRV425
TRP007761,2026-06-03,M004,WH-North,19.0,929.2,HR49CD4321,DRV243
TRP002297,,MANDI-042,WH-South,13.4,629.6,DL66DF7507,DRV691
TRP009892,,MANDI055,WH-West,16.2,965.2,PB91BC2082,DRV600
TRP004575,,MANDI024,WH-South,5.9,268.2,DL12BC2972,DRV869
TRP000297,2026-03-14,MANDI025,Export-Terminal,21.5,1186.6,DL28DF7960,DRV904
TRP009132,,M029,WH-South,23.4,954.3,PB37CD6127,
TRP004154,2026-09-06,MANDI-016,WH-West,2.1,124.5,DL93BC8791,DRV915
TRP006774,,MANDI051,WH-Central,6.0,308.7,HR88CD1125,DRV937
TRP000028,,MANDI036,WH-South,19.0,1049.9,RJ25AB7225,DRV716
TRP008952,,MANDI014,WH-West,3.9,187.2,UP78CD6313,DRV586
TRP007289,,MANDI013,Export-Terminal,22.8,1303.296357458962,,DRV784
TRP007247,,MANDI029,WH-West,10.7,563.7,RJ11AB8792,DRV820
TRP009430,,017,WH-West,3.3,190.2,PB77DF5187,DRV738
TRP003249,,mandi030,WH-East,5.0,264.1,,
TRP008262,2026-02-06,MANDI004,WH-East,12.5,587.9,,DRV998
TRP005650,,MANDI042,WH-South,3.2,177.1,PB52AB1316,DRV748
TRP002581,,mandi_001,WH-East,4.8,234.399344884816,UP81CD2541,
TRP004802,,MANDI029,WH-East,19.8,919.2,,DRV265
TRP005982,,MANDI037,WH-West,2.4,116.8,PB38BC9028,DRV929
TRP001371,,MANDI-013,WH-Central,,1189.8,PB40BC3093,DRV161
TRP004823,,MANDI028,WH-South,14.2,742.4,PB30BC7229,DRV388
TRP007614,,MANDI030,WH-West,,588.6,RJ96AB8066,DRV335
TRP005647,,mandi056,WH-South,5.8,329.3,UP91DF3089,DRV991
TRP005147,,mandi004,WH-East,3.4,202.1,HR97BC3985,DRV242
TRP000682,,mandi031,WH-Central,12.3,588.8,PB77BC9289,DRV605
TRP003160,2026-09-09,MANDI011,WH-Central,14.7,634.5,RJ92AB3013,DRV169
TRP002988,,mandi027,WH-South,2.3,112.1,HR22DF5450,DRV955
TRP001883,,M018,WH-Central,22.4,939.697373670058,DL52DF6188,DRV844
TRP006365,2026-01-17,MANDI-043,WH-East,14.0,761.3,UP73BC2193,DRV653
TRP001941,,MANDI048,WH-North,22.1,1206.1,UP70CD5208,DRV192
TRP003297,,MANDI003,WH-Central,4.7,277.3,HR93DF7564,DRV264
TRP003535,,MANDI051,WH-East,6.5,352.39901509133597,,DRV795
TRP003730,,MANDI010,WH-Central,7.6,362.5,RJ55AB8431,DRV507
TRP009567,,mandi_041,WH-East,19.7,930.0,DL42BC5074,DRV147
TRP001182,,MANDI040,WH-East,9.5,432.3,UP55CD8082,DRV512
TRP001376,,mandi040,WH-North,19.5,1083.4,RJ18DF9627,DRV264
TRP005696,,MANDI001,WH-South,6.2,321.4,UP41AB1710,DRV822
TRP004970,2026-01-19,MANDI-024,WH-West,,905.8,PB32CD3857,DRV850
TRP000627,2026-08-14,MANDI029,WH-Central,19.2,1125.9,PB31DF3997,DRV916
TRP002113,2026-01-21,MANDI025,WH-East,18.3,796.1977747324681,UP80CD9001,DRV355
TRP006548,,mandi_052,WH-North,22.8,1347.0,UP48CD5462,DRV382
TRP006170,,MANDI033,WH-South,20.2,966.6,RJ65AB9422,DRV218
TRP009713,,M007,WH-North,2.5,105.2,HR44CD1573,DRV425
TRP006772,,mandi014,Export-Terminal,20.2,1179.2,DL81DF3006,DRV595
TRP004181,,M014,WH-North,,807.5,UP51BC9766,DRV481
TRP007607,,MANDI031,WH-West,,463.4,DL50DF8326,DRV142
TRP004535,,mandi_055,WH-West,19.9,1039.5,,DRV515
TRP001463,,MANDI019,WH-West,9.1,387.2,PB57BC9442,DRV129
TRP002888,2026-06-04,031,WH-Central,16.1,934.6,PB53AB6485,DRV593
TRP008654,2026-06-13,MANDI013,Export-Terminal,15.9,812.5,UP58BC1116,
TRP000685,,M057,WH-South,,202.2,PB60AB8079,DRV834
TRP007845,,mandi040,WH-South,10.5,595.1,UP45BC7402,DRV236
TRP008205,,M024,Export-Terminal,14.2,727.7,UP21AB8680,DRV498
TRP001367,,M009,WH-South,9.1,374.598953045444,PB36DF4741,DRV700
TRP003917,,MANDI003,WH-West,,1159.2,HR56CD7204,DRV795
TRP001262,,MANDI038,WH-South,22.4,909.8,UP41BC3854,DRV884
TRP002640,,MANDI026,WH-South,17.7,943.2,RJ76BC1131,DRV216
TRP009837,,MANDI025,WH-North,21.6,1030.9,RJ89DF1441,DRV179
TRP009401,,M008,WH-East,,762.797868080792,RJ26AB4496,
TRP006349,,MANDI042,WH-North,3.3,162.2,,DRV165
TRP002301,,mandi_041,WH-Central,11.2,493.0,UP67DF9767,DRV230
TRP002939,,MANDI040,WH-East,8.6,351.099018724654,RJ80BC1204,DRV594
TRP006206,,mandi_031,WH-East,19.5,821.1,,DRV150
TRP009096,,mandi037,WH-East,17.8,724.197975962388,RJ85BC7348,
TRP005482,,MANDI-048,WH-Central,22.3,1102.296919225822,UP23BC7286,DRV270
TRP001980,,MANDI020,WH-South,12.0,594.9,RJ11CD3633,DRV688
TRP003804,,mandi_012,WH-West,10.1,573.2,RJ21DF9884,DRV531
TRP005709,,mandi002,WH-North,11.6,587.0983591376939,HR72BC9503,DRV212
TRP004723,,mandi_005,Export-Terminal,14.6,816.2,HR25CD9158,DRV600
TRP004983,,MANDI-027,WH-East,21.5,1282.8,PB85AB2700,DRV674
TRP009856,,mandi_031,WH-East,,652.3,PB86DF3979,DRV422
TRP002281,,mandi_049,WH-East,16.3,801.0,RJ73DF7361,DRV573
TRP004837,,MANDI035,Export-Terminal,22.4,897.1,,DRV118
TRP006506,,mandi010,WH-West,18.2,919.5,HR17BC5634,DRV421
TRP007268,,MANDI-006,WH-North,20.7,1227.0,HR78BC3035,DRV956
TRP004131,,MANDI018,WH-West,10.8,628.1,PB41CD6721,DRV951
TRP006606,,MANDI042,WH-West,6.7,296.0,UP34AB3334,DRV592
TRP005199,2026-02-20,mandi_025,WH-East,3.7,165.599537171184,PB90DF5227,DRV190
TRP001785,,MANDI056,WH-East,4.0,196.6,PB50BC3279,DRV102
TRP003183,,MANDI-040,WH-South,18.9,788.397796532376,UP35DF7786,
TRP000495,,MANDI028,WH-South,18.4,977.597267744864,HR85BC8075,
TRP008009,,M013,WH-South,,434.6,PB41AB4891,DRV652
TRP009211,2026-05-03,MANDI043,WH-West,7.8,467.6,UP71AB4305,DRV768
TRP002861,,MANDI049,WH-East,13.5,575.6,HR84CD4543,DRV171
TRP006581,,MANDI045,WH-North,16.9,781.1978166553681,,DRV139
TRP004042,2026-07-02,mandi044,WH-East,16.0,797.5,DL88BC6434,DRV972
TRP007813,,mandi_002,WH-Central,,914.1,UP14AB9996,
TRP002898,,MANDI024,WH-North,4.9,198.2,UP97AB1960,DRV873
TRP000367,,mandi_014,WH-South,15.9,928.1,PB57BC4162,DRV693
TRP000850,,MANDI056,WH-Central,,181.6,UP53CD6924,DRV657
TRP005668,,M046,WH-South,17.0,774.8,DL20AB7132,DRV168
TRP004823,,MANDI028,WH-South,14.2,742.4,PB30BC7229,DRV388
TRP008701,,MANDI052,WH-Central,,762.597868639764,PB61AB3709,DRV712
TRP008053,,MANDI048,WH-West,,421.9,RJ77DF5206,DRV579
TRP002654,,M002,WH-Central,14.2,839.1,UP44DF2742,
TRP003504,,MANDI018,WH-West,,684.9,UP34DF8453,DRV411
TRP001542,,MANDI014,WH-East,4.9,291.599185018824,UP53CD8548,DRV948
TRP000795,,mandi_002,WH-South,11.5,531.698513972938,DL96AB3085,DRV268
TRP009224,,MANDI007,WH-East,17.4,696.0,UP99CD4566,DRV963
TRP000323,,mandi_038,WH-East,,761.297872273082,DL88DF4940,DRV298
TRP002032,,MANDI018,WH-West,3.7,181.4,,DRV918
TRP000814,,mandi_041,WH-South,14.2,755.3,,DRV334
TRP002529,,MANDI-019,WH-Central,3.8,212.0,,DRV668
TRP009749,,MANDI-047,WH-South,3.9,171.0,RJ12BC5686,DRV683
TRP009565,,MANDI006,WH-South,17.3,930.1,DL78BC2888,
TRP001080,,mandi_031,WH-Central,12.1,624.7,,DRV703
TRP002227,,mandi043,WH-North,15.5,848.9,,
TRP009503,,M004,WH-North,22.5,1137.7,PB17CD3397,DRV921
TRP006084,,MANDI032,WH-Central,13.3,666.0,,DRV924
TRP002706,,mandi045,WH-North,,1074.6,DL24BC4762,DRV368
TRP007439,2026-04-04,mandi_037,WH-Central,2.1,120.0,,
TRP004636,,MANDI033,WH-East,17.1,928.2974055314619,DL15DF7035,DRV567
TRP001165,2026-06-23,mandi_037,WH-North,13.2,732.0,,DRV417
TRP003262,,M049,WH-East,6.9,396.0,RJ13BC1361,
TRP004573,,MANDI-039,Export-Terminal,8.0,343.7,DL68CD3232,
TRP001451,,006,WH-North,12.5,555.9,UP99CD1651,
TRP004230,2026-01-03,mandi_031,WH-West,10.2,570.2,UP21CD2855,DRV611
TRP003863,,MANDI-032,WH-Central,7.4,398.798885409832,UP81DF2500,DRV315
TRP008401,,MANDI-003,WH-North,19.6,1156.5,,DRV618
TRP007500,,MANDI056,WH-North,,338.1,DL15AB3871,DRV483
TRP007751,,MANDI040,WH-East,,436.0,,
TRP005341,,008,WH-East,14.9,610.6,DL84BC4886,
TRP008491,,M024,WH-South,2.7,130.2,,DRV244
TRP006779,,MANDI003,WH-East,,433.0,UP94AB4373,DRV642
TRP007214,,mandi_017,WH-East,10.9,546.198473447468,PB30AB9985,DRV681
TRP004900,2026-04-01,M028,WH-South,14.5,669.6,UP15BC7922,
TRP004057,2026-08-03,MANDI001,WH-West,23.5,1149.296787867402,DL90CD2401,DRV128
TRP009890,2026-08-16,MANDI008,WH-East,15.3,713.2,DL25AB5920,DRV417
TRP003000,,MANDI-057,Export-Terminal,15.2,847.1,RJ48AB7816,DRV642
TRP009388,,MANDI054,WH-West,16.8,994.4,HR98AB8268,
TRP001232,,055,WH-West,15.4,766.1,DL83DF4910,
TRP001515,,MANDI030,Export-Terminal,5.9,342.0,PB81BC6732,
TRP002314,,MANDI024,WH-West,11.6,569.0,RJ90DF6782,DRV494
TRP001452,,MANDI-019,WH-Central,14.7,630.698237281798,PB15DF6927,DRV948
TRP004849,,MANDI029,WH-South,,800.8,UP42AB9042,DRV639
TRP005197,,mandi_034,WH-Central,,792.6,PB61DF2416,DRV178
TRP008872,,MANDI013,WH-South,14.5,697.6980500261781,,DRV668
TRP004322,,M042,WH-East,,553.298453603962,UP88DF2430,DRV866
TRP006101,,mandi_007,WH-South,11.3,575.49839155807,DL14BC8757,
TRP000839,,mandi_003,Export-Terminal,19.1,817.197716040408,PB35DF2233,DRV441
TRP009412,,MANDI057,WH-South,8.5,444.098758802674,UP20BC5487,DRV981
TRP005379,2026-06-11,MANDI-050,WH-South,6.1,337.99905533732,UP89BC6943,DRV839
TRP006996,,mandi_004,WH-East,,791.9,RJ12DF4968,DRV309
TRP008842,,MANDI044,WH-North,6.5,387.7,UP38AB9971,DRV814
TRP003568,,MANDI004,WH-Central,,259.6,RJ94DF3538,DRV180
TRP009635,,MANDI057,WH-North,,274.2,UP57CD6440,
TRP003088,2026-01-16,MANDI048,WH-Central,3.5,193.3,PB81AB8414,DRV446
TRP008991,,MANDI049,Export-Terminal,17.2,933.3,HR59BC2739,DRV535
TRP001715,,MANDI033,WH-West,15.7,916.49743851081,DL87CD6414,DRV314
TRP004271,,014,WH-North,,529.6,PB70DF4454,DRV309
TRP000340,,MANDI-042,Export-Terminal,7.8,376.1,PB57CD9072,DRV506
TRP008354,,MANDI022,WH-East,3.2,155.3,HR62AB8562,DRV915
TRP008780,,mandi_006,WH-South,6.9,296.5,HR78CD4574,DRV829
TRP008651,,MANDI004,Export-Terminal,19.0,827.9,HR43AB2447,DRV857
TRP008953,,MANDI043,WH-South,9.4,498.9,RJ11CD9899,DRV410
TRP005358,,MANDI057,WH-Central,15.2,869.6975693102581,PB99BC9588,
TRP000589,,MANDI005,WH-North,,616.6,HR14CD1570,DRV771
TRP003366,,MANDI048,WH-South,16.8,699.1,RJ86BC3785,DRV662
TRP002671,,028,WH-South,20.3,927.8974066494061,HR51DF2865,
TRP003590,,MANDI052,WH-North,8.1,341.1,DL30CD1435,DRV510
TRP000035,,MANDI032,Export-Terminal,15.9,849.6,HR55AB6191,DRV324
TRP000029,,MANDI019,WH-Central,22.6,1315.1,HR88DF2151,DRV166
TRP007625,,MANDI050,Export-Terminal,22.6,1014.3,PB27BC6494,DRV888
TRP009289,,mandi_005,WH-East,17.8,723.3,,DRV143
TRP002171,,M044,WH-South,16.8,981.3972571243959,,
TRP005617,,mandi_019,Export-Terminal,5.1,266.1,HR36DF4047,DRV934
TRP005093,,MANDI-024,WH-West,18.0,1061.797032417652,UP53AB6118,DRV918
TRP000890,,mandi_037,WH-South,,442.5,UP34DF4063,DRV871
TRP007083,,MANDI052,WH-North,14.6,649.5,HR15AB5028,DRV497
TRP003323,,MANDI-014,WH-Central,23.2,1174.8,,DRV863
TRP009770,,MANDI031,WH-South,18.5,918.4,,
TRP003515,2026-08-19,MANDI025,WH-West,2.3,124.299652598902,UP91CD5643,DRV272
TRP004820,,mandi_049,WH-West,18.2,929.2,RJ28BC8430,
TRP009104,,MANDI-049,WH-West,18.6,770.5,RJ42AB5452,DRV139
TRP005859,,MANDI018,WH-East,16.0,795.8,,DRV957
TRP003734,2026-04-24,MANDI034,WH-North,4.5,228.9,RJ64BC7691,
TRP005134,,MANDI043,WH-West,14.8,636.8,PB52DF5094,DRV271
TRP009842,,M003,WH-West,16.2,859.6,RJ46AB9057,DRV282
TRP007708,,MANDI-002,WH-South,10.8,494.1,HR47DF8831,DRV524
TRP004529,,mandi023,WH-East,5.3,231.7,RJ26CD3982,DRV607
TRP001655,,mandi024,WH-South,15.0,799.597765229944,RJ59BC7370,DRV168
TRP005633,,MANDI034,WH-East,2.2,126.5,RJ71BC9714,DRV683
TRP006439,,MANDI030,WH-West,18.7,1058.2,UP29AB2689,
TRP000224,,MANDI-018,WH-East,14.1,660.3,,
TRP008972,,mandi_034,WH-North,,543.2,RJ57BC3557,DRV116
TRP009757,,mandi054,WH-Central,19.8,1172.4,HR90DF8575,DRV231
TRP004240,,mandi025,Export-Terminal,7.0,377.6,,DRV312
TRP001591,2026-07-10,MANDI013,WH-North,9.9,448.2,HR73BC6907,DRV765
TRP007378,,mandi016,WH-West,13.8,697.6,DL21BC2969,DRV918
TRP003257,,MANDI007,WH-North,20.8,929.5,HR33DF6074,DRV388
TRP007881,,031,Export-Terminal,,682.5,UP94BC9344,DRV304
TRP008928,2026-06-07,MANDI007,WH-Central,12.8,537.4,RJ15CD6265,DRV289
TRP002182,,MANDI-025,WH-South,16.9,782.8,,DRV996
TRP005468,,M050,WH-East,18.5,1086.6,HR20DF1070,
TRP007418,,MANDI056,WH-North,4.3,208.2,,DRV916
TRP006690,,MANDI011,WH-East,4.9,237.7,RJ19BC3878,DRV764
TRP008540,2026-09-06,MANDI024,WH-North,14.7,683.7,,DRV481
TRP005229,,001,WH-West,17.3,700.3,,
TRP001210,2026-06-01,MANDI-019,WH-Central,13.1,625.2,UP42AB5279,DRV983
TRP000422,2026-08-19,MANDI052,WH-West,5.0,265.1,RJ61CD6895,DRV557
TRP009091,2026-07-03,mandi_044,WH-West,3.4,203.8,RJ81CD5965,DRV484
TRP001707,,mandi049,WH-Central,14.8,792.0,DL55CD8130,DRV815
TRP001159,2026-05-27,MANDI038,WH-West,9.0,435.8,RJ96BC7119,DRV662
TRP002307,,mandi011,WH-East,9.2,435.0,HR95DF4449,DRV615
TRP000274,,mandi025,WH-North,5.5,255.2,UP60CD3960,
TRP000172,,MANDI042,WH-East,17.0,748.6,PB63DF3707,DRV534
TRP003957,,MANDI017,WH-East,12.6,640.7,,DRV687
TRP005340,,mandi_041,WH-East,9.2,534.4,DL19BC2349,DRV243
TRP003189,,M036,WH-North,20.1,944.2,PB11CD4399,DRV535
TRP001726,,mandi_052,Export-Terminal,,917.0,PB40BC3873,DRV221
TRP004686,,mandi_007,Export-Terminal,,334.5,DL86DF2818,DRV131
TRP006171,,mandi_036,WH-North,19.1,1104.796912238672,RJ40CD2709,DRV462
TRP001565,2026-05-23,mandi_025,WH-Central,22.8,1093.5,UP31BC4973,
TRP001783,,MANDI030,Export-Terminal,19.5,867.5,UP92AB5412,DRV235
TRP000844,,M002,WH-East,21.6,1248.3965108967761,DL58DF8685,DRV819
TRP009719,,MANDI-041,Export-Terminal,,1027.8,HR93CD8356,
TRP005131,,MANDI056,WH-Central,2.4,143.8,RJ77DF9217,DRV689
TRP000905,,mandi044,WH-West,13.0,767.4,DL47CD8809,DRV825
TRP006444,2026-06-24,MANDI039,WH-South,2.1,113.59968250390399,,DRV971
TRP002546,,mandi_024,WH-West,3.9,201.7,DL66DF8730,DRV922
TRP007051,,M018,WH-Central,22.2,902.297478197822,PB33DF4274,DRV330
TRP001548,,MANDI-030,Export-Terminal,15.1,851.4,DL10CD5776,DRV891
TRP002081,,MANDI027,WH-South,17.6,803.6,UP13DF4068,DRV338
TRP006178,,MANDI008,Export-Terminal,21.2,1237.3,PB97DF6814,DRV490
TRP003986,,MANDI036,Export-Terminal,14.0,833.4,UP77CD1749,DRV679
TRP006970,,MANDI-009,WH-Central,,175.0,,DRV301
TRP008754,2026-01-09,mandi_054,WH-South,15.1,850.9,HR50AB6056,DRV829
TRP006751,,mandi020,WH-North,8.4,418.0,DL69DF4237,
TRP007163,,MANDI012,Export-Terminal,20.6,1152.296779482822,HR34AB3108,DRV111
TRP008539,,MANDI014,WH-South,,674.9,RJ66BC8891,DRV754
TRP003821,,MANDI005,WH-Central,16.4,814.8,DL31DF7007,DRV860
TRP002647,,MANDI033,WH-Central,20.2,1133.1,UP75BC2534,DRV410
TRP007301,,mandi031,WH-North,22.0,1245.4,UP44DF1204,DRV321
TRP007794,2026-05-03,mandi_004,WH-West,15.7,709.098018164774,UP13AB6763,DRV527
TRP008472,,MANDI057,WH-West,5.5,256.2,DL18CD7788,DRV282
TRP007136,,057,WH-Central,4.1,210.7,DL23DF8126,DRV528
TRP007626,,MANDI036,WH-East,,402.6,UP59BC2698,DRV149
TRP004351,,MANDI034,WH-East,3.9,204.2,UP88BC5546,DRV936
TRP006619,,MANDI-009,WH-Central,8.5,432.2,UP75DF2943,
TRP002156,,mandi034,WH-South,,961.6,HR59AB4149,
TRP007318,,mandi_043,WH-South,7.9,402.1,HR49AB3651,DRV543
TRP003716,,mandi_017,WH-South,13.6,736.4,RJ95CD8388,DRV251
TRP004058,,MANDI017,WH-West,22.8,1139.3,UP42CD3425,DRV823
TRP008638,,MANDI033,WH-West,3.1,179.199499161088,RJ67DF5857,DRV246
TRP006488,,MANDI037,WH-South,3.3,147.5,,DRV770
TRP004868,,mandi_016,WH-East,23.8,1067.0,PB70CD2097,DRV918
TRP003103,,mandi017,WH-North,2.1,88.8,UP32AB1366,
TRP000559,,051,WH-East,8.8,441.9,HR12BC1428,DRV637
TRP005035,,mandi_046,WH-Central,,205.099426774214,UP85BC3724,
TRP004772,,MANDI031,WH-South,13.5,697.4,,DRV946
TRP001437,2026-08-18,MANDI018,WH-West,17.2,967.5,PB34CD9416,
TRP000508,,MANDI008,WH-South,9.7,506.4,RJ89BC4553,DRV765
TRP004473,,mandi_026,WH-East,5.7,336.299060088582,UP80CD2610,DRV589
TRP001870,,MANDI039,WH-South,19.9,1034.0,UP54DF2700,DRV318
TRP000756,,M010,WH-Central,20.2,987.4,RJ60AB9116,DRV224
TRP005919,,M054,WH-West,,351.899016488766,HR69AB8100,DRV758
TRP004051,2026-08-20,M043,WH-Central,21.1,1155.2,PB62AB3487,DRV419
TRP005742,,MANDI036,WH-East,16.1,883.6,RJ79CD9638,DRV291
TRP003837,,M028,WH-South,15.7,941.3,UP68DF2047,DRV494
TRP004387,,MANDI001,WH-South,5.0,261.4,HR64DF2957,DRV164
TRP005717,,mandi_039,Export-Terminal,18.5,1017.2,DL11BC5137,DRV915
TRP002119,,MANDI-034,WH-East,18.5,755.8,,
TRP006720,,MANDI022,WH-North,,127.3,UP25CD7038,DRV635
TRP007600,,MANDI-051,WH-Central,9.3,409.9,DL25BC9471,
TRP000502,,MANDI006,WH-West,21.1,861.2,,DRV293
TRP009780,,MANDI004,WH-South,,237.89933510280602,,DRV137
TRP006831,,mandi038,WH-East,,369.7,UP29BC4520,DRV542
TRP005970,,MANDI-017,WH-South,,188.2,DL69DF6386,DRV270
TRP001540,,mandi_011,WH-West,8.0,334.1,DL90AB2331,DRV240
TRP006691,,MANDI026,WH-West,16.8,947.6,PB92CD8474,DRV616
TRP001212,2026-08-06,MANDI004,WH-Central,20.3,1166.796738957352,PB56CD5369,DRV430
TRP009488,2026-09-09,mandi036,WH-South,20.9,937.3,DL93CD9793,DRV117
TRP000673,,MANDI015,WH-Central,15.8,875.6,DL74CD1719,DRV699
TRP003378,,MANDI019,WH-West,7.4,380.5,DL19DF6787,DRV644
TRP004477,2026-01-18,mandi048,WH-South,,947.0,RJ86DF9771,
TRP009138,,M033,WH-North,12.4,605.9,DL52BC4418,
TRP001465,,M021,WH-Central,10.4,560.3,RJ68DF3690,
TRP009285,2026-04-09,MANDI-022,Export-Terminal,12.3,572.4983999426499,DL40AB4098,DRV459
TRP001193,,MANDI057,WH-North,13.5,605.3,PB49CD4403,DRV833
TRP008254,,MANDI-003,WH-East,,965.1,DL34DF7293,DRV383
TRP001873,,MANDI011,WH-South,6.4,268.8,,DRV959
TRP003591,2026-01-16,MANDI006,Export-Terminal,6.3,372.398959194136,PB91DF5495,DRV753
TRP007335,2026-05-21,MANDI-016,Export-Terminal,12.1,673.7,DL31CD1711,DRV657
TRP008417,,MANDI032,WH-West,18.5,1094.1,DL27CD3342,DRV871
TRP000506,,057,WH-South,,907.8,UP14BC1665,DRV973
TRP000244,,mandi_029,WH-East,22.9,937.8,PB70DF3365,DRV456
TRP000507,,mandi045,WH-South,20.8,964.6973037985581,DL82BC4290,DRV357
TRP008525,,MANDI048,WH-North,3.3,173.3,HR98BC6927,DRV875
TRP007307,,mandi_030,Export-Terminal,19.3,946.3,UP19AB6608,
TRP008438,,MANDI043,WH-West,4.7,208.5,DL95BC2360,DRV148
TRP005462,,mandi039,Export-Terminal,5.7,289.1,UP50CD3242,DRV381
TRP001774,,mandi_039,Export-Terminal,4.5,234.1,,DRV742
TRP006174,,MANDI-020,WH-North,13.2,630.1,DL64AB8600,DRV875
TRP005360,2026-08-10,MANDI037,Export-Terminal,15.7,791.4,,DRV539
TRP008515,,mandi_040,WH-East,16.6,855.4,,DRV790
TRP000798,,MANDI044,WH-North,,972.4,,
TRP007755,,MANDI005,WH-North,3.7,163.2,HR27AB8012,DRV215
TRP007697,,mandi037,WH-Central,4.7,201.799435997252,UP50CD8205,DRV184
TRP002830,,MANDI040,WH-Central,12.9,734.2,HR46DF9278,DRV292
TRP004576,,MANDI045,WH-North,3.4,158.6,UP74BC2029,DRV145
TRP009944,,mandi_025,WH-South,2.2,95.4,RJ18DF9180,DRV345
TRP004634,,MANDI-011,WH-North,13.0,702.0,UP97CD6405,
TRP000313,,mandi005,WH-West,22.9,1307.0,UP33DF4719,DRV675
TRP000747,,M008,WH-Central,5.2,222.9,UP66BC9475,DRV852
TRP003570,,mandi043,WH-South,4.7,193.8,RJ78CD4296,DRV781
TRP000791,,032,WH-Central,5.7,233.0,UP49AB7695,DRV309
TRP002477,,MANDI-004,WH-South,7.1,303.7,PB51DF7135,DRV440
TRP009699,,M013,WH-West,11.4,681.0,UP73AB1753,DRV808
TRP002571,,MANDI037,WH-Central,19.7,1156.6,HR12DF6187,DRV929
TRP007754,,MANDI-020,WH-West,12.0,506.69858384443796,UP54DF3863,DRV130
TRP006595,,mandi_029,WH-North,6.6,372.0,,DRV687
TRP004356,,MANDI002,WH-South,5.6,315.7,HR86BC6542,
TRP002164,,mandi_009,WH-South,20.1,1129.2,UP66DF4755,DRV470
TRP007173,,MANDI-049,Export-Terminal,11.6,613.1982861918482,PB84BC1429,DRV411
TRP006912,,MANDI020,WH-West,14.1,640.9,DL36CD1344,
TRP000381,2026-04-24,MANDI-035,Export-Terminal,13.1,605.6,DL56BC5238,DRV440
TRP006638,,MANDI-006,WH-South,23.2,1211.0,PB36BC7864,DRV538
TRP001293,,MANDI-027,WH-North,,942.7,RJ15CD1413,DRV628
TRP001913,2026-08-28,MANDI008,Export-Terminal,21.2,1190.5,PB18BC5513,DRV920
TRP000600,2026-07-25,MANDI044,WH-South,2.6,110.5,DL23CD5097,DRV402
TRP003893,,M027,WH-West,18.8,949.9,,DRV624
TRP004142,,mandi_024,WH-West,18.6,873.49755868979,,DRV526
TRP001653,,MANDI003,WH-East,,1135.7,DL73DF3459,DRV775
TRP005712,2026-05-16,mandi005,WH-North,5.0,290.6,PB50CD7426,DRV517
TRP001894,,054,WH-Central,3.5,180.8,RJ56AB1126,DRV209
TRP001945,,mandi_031,Export-Terminal,22.0,1138.3,RJ27CD8076,DRV250
TRP003396,,MANDI022,WH-South,21.6,1167.6,HR57CD4108,DRV892
TRP005980,,MANDI057,WH-South,,537.3,HR55BC6929,DRV831
TRP004363,,MANDI009,WH-South,6.2,284.3,UP37AB1319,DRV875
TRP004387,,MANDI001,WH-South,5.0,261.4,HR64DF2957,DRV164
TRP000376,2026-07-25,mandi_009,WH-South,14.1,686.0,RJ14CD9294,DRV532
TRP001967,,MANDI-019,WH-South,,1282.7,UP39AB5960,DRV308
TRP003958,,043,WH-Central,4.4,194.399456679216,HR77CD3375,DRV871
TRP007766,,mandi_055,WH-West,8.7,509.5,PB90AB4699,DRV647
TRP004424,,mandi023,Export-Terminal,21.8,958.3,DL80AB8515,DRV942
TRP008135,2026-09-04,mandi_039,WH-South,6.1,354.2,,DRV441
TRP004915,,MANDI027,WH-West,15.1,841.4,UP62BC6713,DRV117
TRP007904,,M001,Export-Terminal,,357.4,,
TRP005782,,MANDI-028,WH-East,11.2,658.5,,DRV170
TRP001472,,MANDI042,WH-Central,5.3,243.0,HR43BC1824,DRV844
TRP003347,2026-05-09,mandi_056,WH-East,,653.6,DL85AB8835,DRV414
TRP004523,2026-06-26,mandi_011,Export-Terminal,19.8,1111.5,HR80AB3026,DRV679
TRP006825,,MANDI008,WH-Central,22.1,917.0,PB90AB9492,DRV816
TRP002854,,MANDI024,WH-North,13.2,632.7,UP59DF1476,DRV473
TRP004507,,M001,WH-East,12.7,555.2,HR36AB7609,DRV268
TRP009351,,MANDI026,WH-North,2.0,111.9,,DRV759
TRP000107,,MANDI017,WH-East,21.7,1162.5,HR59BC9268,DRV690
TRP007045,2026-08-05,mandi_055,WH-West,20.1,1189.796674675572,PB54CD6193,DRV791
TRP004063,,MANDI035,Export-Terminal,12.7,658.7,UP18AB9126,DRV930
TRP005237,,MANDI-023,WH-Central,11.4,514.1,,
TRP004307,2026-03-06,MANDI027,Export-Terminal,20.9,1195.396659024356,DL83CD4363,DRV573
TRP005326,,MANDI056,WH-South,6.7,282.6,RJ17BC1792,DRV117
TRP007889,2026-03-02,M049,WH-South,22.8,947.2,DL95AB2416,DRV839
TRP005765,,MANDI-033,WH-West,,1272.2,RJ38AB8122,DRV314
TRP003991,,mandi_048,WH-North,5.1,293.199180547048,HR72CD1214,DRV249
TRP001050,,MANDI040,Export-Terminal,15.2,678.3,RJ11AB6117,DRV109
TRP006734,,MANDI-027,WH-North,18.7,962.8,RJ49CD3749,
TRP005826,,MANDI037,WH-East,5.6,322.0,DL42AB1010,DRV264
TRP008350,2026-01-18,MANDI014,WH-North,6.5,326.79908663975203,RJ19AB8931,DRV533
TRP002036,,MANDI053,WH-South,3.7,177.1,UP17AB3935,DRV470
TRP004040,,MANDI027,WH-South,12.7,680.598097818284,HR45CD4684,
TRP005720,,mandi_056,WH-East,16.6,810.3,UP10CD3922,DRV164
TRP009728,,M002,WH-West,14.2,763.6,UP94BC7303,DRV828
TRP001973,,mandi_033,WH-South,17.0,938.2,HR10BC5930,DRV338
TRP008094,,MANDI-014,WH-North,19.8,936.5,RJ49AB8148,DRV746
TRP002100,,MANDI-043,WH-Central,10.6,601.398319171196,PB15AB3746,DRV826
TRP001500,,MANDI039,WH-North,13.8,744.7,DL69AB2556,DRV757
TRP007582,,mandi026,WH-West,8.2,334.49906511933,HR83CD5464,DRV532
TRP000653,,MANDI002,Export-Terminal,23.6,1376.1,HR85AB8127,DRV295
TRP000171,2026-05-02,MANDI-039,WH-South,5.1,260.3,DL89CD4843,DRV239
TRP004086,,MANDI022,WH-North,23.1,1257.4,,
TRP000243,2026-02-26,MANDI002,Export-Terminal,17.8,811.0,UP57DF1601,DRV229
TRP006227,,MANDI026,WH-North,,306.7,RJ24DF7465,DRV836
TRP004372,,MANDI028,WH-Central,15.0,761.7,DL81DF6301,DRV988
TRP007593,2026-04-01,MANDI009,WH-East,6.8,335.9,RJ60AB3281,DRV807
TRP002757,,MANDI-050,WH-East,,719.7,,DRV974
TRP007502,,mandi046,WH-South,16.3,929.8974010596859,RJ77CD6731,DRV650
TRP005946,,MANDI045,WH-North,6.1,306.9,HR28AB8321,DRV600
TRP002077,,MANDI-042,WH-South,4.6,268.7,DL66DF5199,DRV851
TRP004104,2026-07-28,MANDI-032,WH-North,14.9,694.2,DL70DF2263,
TRP009942,2026-06-15,MANDI-048,WH-Central,4.9,207.99941866912002,RJ57DF5157,DRV107
TRP006828,,mandi_041,WH-South,4.9,234.2,UP72CD2348,DRV743
TRP005295,2026-04-21,MANDI030,Export-Terminal,22.6,1066.797018443352,DL54DF2084,
TRP007226,2026-07-19,MANDI009,WH-North,,773.7,,DRV213
TRP005574,,MANDI037,WH-Central,6.8,375.59895025058404,RJ44AB9127,DRV796
TRP006385,,mandi006,WH-South,19.3,1074.3,RJ81BC3389,DRV144
TRP007795,,MANDI042,Export-Terminal,,288.3,,DRV879
TRP009747,,MANDI-052,Export-Terminal,22.1,1137.9,RJ77AB7079,DRV856
TRP005172,,MANDI042,WH-Central,9.0,506.3,,DRV385
TRP005844,,MANDI-031,Export-Terminal,,1184.2,,
TRP006979,,MANDI001,WH-North,8.5,354.6,UP19BC1626,DRV229
TRP009537,2026-08-20,MANDI009,WH-West,13.3,704.3,PB25BC6433,
TRP004662,2026-06-12,MANDI017,Export-Terminal,13.4,772.0,DL79DF9718,DRV779
TRP004079,,MANDI046,WH-South,12.6,642.3,DL57DF2933,DRV935
TRP008792,,MANDI024,WH-North,9.0,405.99886528684,,DRV508
TRP000641,,MANDI-023,WH-Central,9.3,381.8,PB39BC5257,DRV835
TRP001271,,MANDI032,WH-South,8.2,389.99891000459996,DL57AB3699,DRV110
TRP002779,2026-04-08,MANDI-019,WH-Central,2.2,129.2,,DRV958
TRP005748,2026-06-09,mandi_056,WH-East,21.4,1060.8970349330261,RJ60CD1887,DRV822
TRP001986,2026-07-16,MANDI053,WH-South,22.2,904.0,UP67DF7572,DRV460
TRP003862,2026-01-03,MANDI018,WH-South,3.3,155.2,DL61CD1383,
TRP003481,,M036,Export-Terminal,14.4,795.9,HR67AB9881,
TRP001535,,MANDI-039,Export-Terminal,9.5,518.298551424062,,DRV713
TRP000326,,MANDI-046,WH-South,9.1,494.8,DL76AB5379,
TRP002339,,mandi019,WH-East,3.0,149.9,RJ28AB5167,DRV832
TRP003981,,MANDI-046,WH-West,22.7,1214.6,RJ75BC6082,DRV819
TRP007729,2026-01-15,MANDI040,WH-Central,20.3,942.9,PB53AB4650,DRV815
TRP004055,,MANDI013,WH-West,,843.3,HR40DF2597,DRV620
TRP002238,,MANDI020,Export-Terminal,19.3,1066.8,DL67AB6146,DRV783
TRP008148,,MANDI049,WH-North,,199.4,,DRV156
TRP007848,,M032,WH-South,8.4,503.7,UP71DF8761,DRV915
TRP003040,,mandi035,WH-North,9.4,403.4,PB76BC4923,DRV980
TRP005181,,M044,WH-West,6.9,321.6,,
TRP000865,2026-01-17,mandi_007,Export-Terminal,12.2,563.3,PB41BC6771,DRV830
TRP006202,,mandi_040,WH-West,16.3,943.8,UP74CD7170,DRV287
TRP008625,,MANDI046,WH-Central,4.3,247.1,RJ23AB9894,DRV416
TRP005685,2026-03-13,MANDI-027,Export-Terminal,,518.6,PB73BC1820,DRV885
TRP000372,2026-04-11,mandi_005,WH-East,2.6,147.8,PB51CD3166,DRV158
TRP006871,,MANDI-051,WH-South,6.9,375.9,DL71BC3009,
TRP006058,,MANDI-025,WH-South,,1102.3,DL99BC8914,DRV440
TRP006241,,mandi024,WH-Central,16.7,749.3,DL93CD3652,
TRP008423,,MANDI056,Export-Terminal,3.4,184.5,RJ87CD4151,DRV632
TRP006432,,mandi_056,WH-West,8.0,444.5,HR82DF1737,
TRP009658,,MANDI049,WH-South,3.3,157.1,DL49DF3405,DRV957
TRP006042,,MANDI022,WH-Central,18.6,909.9,PB16CD1519,DRV576
TRP002365,2026-05-29,mandi_040,WH-Central,14.8,812.4,,DRV159
TRP003214,,M035,WH-North,20.2,871.5,RJ39BC6732,DRV488
TRP000912,2026-07-12,mandi_056,WH-South,7.7,384.49892537632996,PB96BC8244,DRV390
TRP009411,,M037,WH-East,16.6,907.297464223522,PB37AB1268,
TRP009067,,MANDI011,Export-Terminal,12.0,566.6,HR24DF2999,
TRP007728,,MANDI017,WH-Central,18.0,874.597555615444,PB55BC8928,DRV377
TRP009140,,MANDI056,Export-Terminal,15.9,700.9,UP42CD6436,DRV571
TRP008768,,MANDI020,WH-East,10.9,647.0,DL59AB2257,DRV417
TRP007131,,MANDI030,WH-North,14.5,744.2,DL82AB5978,DRV200
TRP006482,,MANDI021,WH-North,,889.4,UP21AB2956,DRV837
TRP001424,,MANDI038,Export-Terminal,6.3,305.8,DL75CD8008,DRV731
TRP000971,2026-03-06,M020,WH-East,19.0,1067.0970176048938,,DRV864
TRP000480,,MANDI-055,WH-Central,7.3,301.0,UP17BC1081,DRV727
TRP000663,,026,Export-Terminal,18.0,815.1,PB28AB1349,DRV507
TRP004885,,mandi_005,WH-South,,857.8,HR61BC9972,DRV373
TRP009345,2026-01-02,MANDI-013,WH-East,10.1,410.5,PB76DF3250,DRV494
TRP008465,,mandi_032,Export-Terminal,18.1,901.0,PB28DF5754,DRV866
TRP002989,,MANDI-047,WH-West,16.2,683.0,RJ75BC1526,DRV195
TRP001120,,MANDI-053,Export-Terminal,,173.39951537127598,,DRV337
TRP002777,,M009,WH-South,15.6,712.2,,
TRP004536,2026-01-22,MANDI036,WH-North,,711.2,DL52CD9129,DRV622
TRP006062,,MANDI-016,WH-South,12.3,537.4,UP53AB2181,DRV169
TRP005465,2026-01-23,mandi_047,Export-Terminal,13.8,698.7,HR61BC4562,DRV405
TRP007252,2026-07-13,MANDI038,WH-West,19.8,1075.3,PB37DF6980,DRV667
TRP005584,,MANDI017,WH-Central,,558.7,PB57DF5703,
TRP004428,,MANDI044,WH-West,20.8,1060.2,PB44BC1781,DRV140
TRP009291,2026-04-08,017,WH-West,19.7,815.9,RJ20BC7149,DRV390
TRP006949,,MANDI-031,WH-East,2.1,90.2,HR19BC2096,DRV129
TRP003982,2026-06-22,MANDI020,WH-South,17.5,823.3,,
TRP006932,2026-01-25,MANDI-040,WH-South,,709.3,,DRV748
TRP002894,2026-04-19,mandi006,Export-Terminal,2.6,110.5,PB23CD1260,DRV344
TRP002670,,MANDI-011,WH-East,7.6,327.3,UP87AB7677,DRV836
TRP003978,,MANDI008,Export-Terminal,,715.2,DL19BC9141,DRV652
TRP009582,,MANDI017,WH-South,,524.8,UP45DF3860,
TRP000280,,mandi_004,WH-Central,20.0,893.3,UP11BC3243,DRV967
TRP001057,,mandi043,WH-North,,943.2,RJ99AB1741,DRV234
TRP006652,,MANDI053,WH-South,,116.8,,DRV501
TRP009576,2026-02-11,004,WH-South,16.2,833.3,DL39CD5665,DRV976
TRP006313,2026-04-14,M029,WH-East,14.7,682.6,HR34AB7732,DRV961
TRP001695,2026-05-18,M052,WH-South,3.5,181.299493291882,,
TRP009271,,MANDI056,WH-North,18.9,945.0,,DRV282
TRP003480,,MANDI017,WH-South,,334.8,DL41CD3783,
TRP004417,,mandi029,WH-South,23.7,1060.0,PB44BC5830,DRV121
TRP009682,,mandi014,WH-East,19.5,895.3974974823559,,DRV339
TRP004156,,mandi_042,WH-East,8.4,493.2,PB39DF4321,DRV845
TRP006760,2026-07-02,MANDI055,WH-South,3.0,170.1,DL20DF3840,DRV473
TRP005820,,MANDI033,WH-East,21.0,1101.6,PB16BC7578,DRV431
TRP008966,,mandi_045,WH-South,,1109.2,UP92CD5784,DRV986
TRP008318,,MANDI044,WH-North,23.7,1058.0,UP97CD3545,DRV544
TRP004297,,MANDI047,WH-East,5.5,312.9,HR64CD4356,
TRP005016,,M048,WH-East,6.4,280.5,UP75CD7712,DRV699
TRP008112,2026-01-23,mandi049,Export-Terminal,14.8,761.3,UP68DF4925,DRV154
TRP005293,,mandi_027,WH-South,20.6,1068.9,RJ55AB1872,DRV535
TRP002210,,MANDI047,Export-Terminal,,1141.8,,DRV329
TRP008226,,002,WH-South,,880.7,UP63DF4511,DRV621
TRP006005,,mandi036,WH-Central,,417.098834263894,UP99BC5132,DRV873
TRP007938,,MANDI031,WH-South,3.5,208.6,HR62BC4207,
TRP000185,2026-01-09,MANDI011,WH-North,,1185.5,PB14BC8291,
TRP009804,,MANDI-018,WH-South,6.4,381.0,PB56BC1570,DRV394
TRP009838,,mandi052,WH-Central,19.6,955.1973303497281,DL54BC7241,DRV556
TRP004517,,MANDI022,WH-South,3.9,225.1,DL98DF6643,
TRP002351,,MANDI031,Export-Terminal,18.1,879.5,UP23CD3997,DRV246
TRP000554,,054,WH-East,,152.5,UP15AB6334,DRV943
TRP001398,2026-06-18,MANDI-038,WH-East,10.9,619.1,UP99DF3515,DRV284
TRP001385,,M045,WH-South,16.8,755.2,UP47CD4224,DRV597
TRP008439,,MANDI028,Export-Terminal,13.5,552.5,UP72AB3124,DRV587
TRP003571,,MANDI032,WH-North,9.8,470.0,UP63BC7443,DRV609
TRP000298,,048,Export-Terminal,8.3,402.99887367142,UP54AB8201,DRV876
TRP000444,,MANDI-056,Export-Terminal,5.5,324.0,DL53AB2661,
TRP007189,,015,WH-South,13.0,600.6,HR92AB5858,DRV649
TRP009163,,MANDI048,WH-West,19.2,912.8,RJ92CD1664,DRV929
TRP002078,,MANDI001,Export-Terminal,,1311.9,PB18BC5762,DRV838
TRP004752,,mandi_003,WH-West,11.8,616.6,RJ65DF4878,DRV949
TRP008331,,M035,WH-North,7.1,338.199054778348,PB42AB9948,DRV474
TRP002230,,mandi_026,WH-South,13.5,679.398101172116,PB71BC9676,DRV629
TRP002843,,MANDI015,Export-Terminal,20.9,1007.2,DL54BC4380,DRV895
TRP002538,,mandi056,WH-West,,966.1,RJ99CD7602,DRV500
TRP006829,,028,WH-Central,4.8,254.1,HR80DF2408,DRV424
TRP008640,,mandi036,Export-Terminal,,894.5974997182441,HR84DF9567,DRV261
TRP008937,,MANDI-033,WH-South,17.4,715.7,,DRV681
TRP003368,2026-04-03,MANDI001,WH-East,19.5,1143.4,HR92DF9017,DRV574
TRP005145,,mandi_044,WH-Central,10.5,581.5,UP10BC1693,DRV658
TRP002579,,MANDI039,WH-North,6.4,259.4,DL12DF1794,DRV904
TRP001132,,MANDI007,WH-East,16.4,840.5,UP89CD5974,DRV759
TRP005262,2026-04-01,MANDI051,WH-West,,792.6,RJ61BC6698,DRV940
TRP007945,,009,WH-Central,9.7,411.7,DL22AB4410,DRV921
TRP000321,,MANDI-055,WH-Central,5.3,309.5,,DRV469
TRP001372,,MANDI033,WH-Central,,1032.6,,DRV448
TRP004043,,mandi041,WH-Central,9.0,505.198588036728,HR36BC8974,DRV704
TRP005027,,mandi017,WH-North,,774.7,UP80AB9385,DRV226
TRP005624,,MANDI028,WH-North,18.5,1089.6,PB81DF7335,DRV835
TRP000908,,MANDI015,WH-South,18.6,1077.7,HR64CD4156,DRV396
TRP006499,,MANDI048,WH-West,2.0,85.9,RJ41BC6906,DRV279
TRP003951,,mandi011,WH-West,,744.3,DL25CD3399,DRV466
TRP006928,,MANDI034,WH-East,11.3,521.0,HR10DF6017,DRV450
TRP009245,,MANDI-031,WH-North,9.7,561.2,DL45CD7763,DRV622
TRP007300,2026-08-21,052,Export-Terminal,14.5,660.9,PB30CD9547,DRV167
TRP006336,,MANDI029,WH-West,22.4,1313.1,RJ50BC4849,DRV168
TRP006640,,MANDI024,WH-West,19.0,1084.896967856386,UP21BC4572,DRV275
TRP008743,,M047,WH-Central,13.7,660.4,PB63DF8699,DRV388
TRP000927,,MANDI025,WH-Central,22.4,1307.0,HR97CD1458,DRV129
TRP006694,,M016,Export-Terminal,13.4,582.6,DL53AB2201,DRV979
TRP000016,,MANDI055,WH-Central,16.2,718.9,,DRV935
TRP000144,,MANDI014,WH-East,15.5,729.8,DL73CD3550,DRV919
TRP002364,,MANDI036,WH-Central,6.1,277.2,PB23DF7980,DRV849
TRP000130,,mandi_010,Export-Terminal,23.2,1134.1,RJ75BC1652,
TRP001162,,MANDI027,WH-West,10.4,613.2,,DRV157
TRP009052,,MANDI002,Export-Terminal,2.2,131.7,UP65CD2173,DRV444
TRP006679,,MANDI048,WH-West,17.5,835.0,HR43AB7666,DRV810
TRP005095,2026-04-18,mandi052,Export-Terminal,11.1,562.6,HR31CD7961,DRV112
TRP005508,,MANDI037,WH-South,11.5,469.0,HR86BC5059,
TRP005182,2026-03-05,MANDI034,WH-East,3.0,153.899569871046,DL97CD4354,DRV584
TRP001877,,MANDI049,WH-West,,796.8,,DRV793
TRP002489,,MANDI-038,WH-North,23.0,1300.0,,DRV740
TRP008247,,mandi037,WH-South,20.5,1054.7,DL31CD4290,DRV471
TRP008068,,mandi_004,WH-North,10.4,483.2,HR46BC7402,
TRP001183,,mandi006,WH-West,5.3,303.9,DL58BC6890,DRV626
TRP006685,2026-08-08,MANDI002,Export-Terminal,4.5,228.2,PB61BC2239,DRV617
TRP005853,,MANDI-007,WH-East,16.0,658.7,,DRV271
TRP001171,,mandi_038,WH-North,4.1,210.599411402484,RJ93BC4910,DRV695
TRP009302,,MANDI057,WH-North,,464.698701228558,UP35DF4564,DRV335
TRP002183,2026-04-08,mandi006,WH-West,10.3,484.7,UP72AB9470,
TRP009360,,MANDI-009,WH-West,,458.6,HR86AB3035,DRV794
TRP003372,,MANDI008,WH-North,,120.89966210142602,RJ23AB2214,DRV887
TRP008445,,MANDI011,WH-West,9.3,404.2,HR76BC9064,DRV673
TRP001860,2026-02-01,MANDI-006,Export-Terminal,5.3,284.2,UP17BC1957,DRV532
TRP005309,,mandi016,WH-Central,22.3,952.1,UP20BC5416,DRV445
TRP005216,,MANDI048,WH-North,11.6,496.5,DL77CD5129,DRV657
TRP007014,,mandi_052,WH-Central,19.2,1116.3,UP16BC2550,DRV328
TRP008629,,MANDI-021,WH-North,11.9,510.19857406242795,UP49CD3145,DRV555
TRP005313,,MANDI011,WH-West,13.2,773.4,PB48DF1889,DRV104
TRP008032,,MANDI-024,WH-North,,1088.0,UP49CD6006,DRV205
TRP006135,,M044,WH-Central,14.0,811.5,,DRV359
TRP003122,,MANDI-018,WH-West,,339.0,,DRV715
TRP000388,,mandi026,WH-South,14.9,702.7,,DRV734
TRP001312,,mandi044,WH-West,15.1,783.2,UP43CD1056,DRV167
TRP001033,,mandi_023,Export-Terminal,5.2,238.7,HR41DF2000,
TRP008344,,MANDI032,WH-West,9.9,505.698586639298,HR72DF5466,DRV318
TRP009885,,MANDI-044,WH-West,,588.7,,DRV493
TRP004937,,MANDI-057,WH-South,5.0,292.1,DL43DF8032,DRV200
TRP000932,,MANDI030,WH-South,7.6,412.8,PB48AB5091,DRV765
TRP004020,,MANDI011,WH-Central,10.9,613.6,DL60DF5550,DRV634
TRP000692,,mandi030,WH-Central,3.9,184.099485466274,UP48BC4791,DRV820
TRP005793,,021,WH-West,6.2,365.8,DL68AB7868,DRV932
TRP007261,,MANDI-011,WH-East,6.8,334.3,PB19CD8996,DRV820
TRP000830,2026-02-26,MANDI039,WH-Central,14.0,562.6,PB90BC8895,DRV596
TRP003499,,034,WH-West,19.3,888.2,HR52BC4607,DRV683
TRP002082,,mandi049,WH-Central,12.7,557.4,UP34AB3872,DRV358
TRP009270,,MANDI032,WH-Central,,187.4,UP99CD2998,DRV212
TRP009919,,mandi054,WH-East,11.2,611.99828954568,,DRV580
TRP000045,,mandi_041,WH-Central,2.2,112.49968557825001,,DRV687
TRP003940,2026-03-29,MANDI010,WH-South,18.2,956.6,PB69BC7627,DRV603
TRP005749,,MANDI050,Export-Terminal,3.2,187.0,UP14AB9199,DRV204
TRP005649,,mandi040,WH-West,9.7,389.6,HR98BC9613,DRV530
TRP004320,,MANDI012,WH-East,7.6,353.1,UP91BC1591,DRV987
TRP002966,,mandi_056,WH-North,6.9,412.4,,DRV748
TRP003970,,mandi_024,WH-Central,5.5,325.6,PB61DF4165,
TRP001188,,MANDI-041,WH-Central,8.5,388.5,UP51DF4471,DRV215
TRP009319,,011,WH-West,17.4,917.6,DL50CD4000,DRV993
TRP009146,,MANDI057,WH-Central,7.5,303.2,,DRV117
TRP000285,2026-04-25,MANDI048,WH-North,19.9,905.5,,DRV686
TRP009231,2026-01-13,MANDI036,WH-North,21.4,1236.5,UP38DF3034,DRV217
TRP004160,2026-09-07,mandi_013,WH-North,17.0,737.8,RJ24BC3966,DRV580
TRP003093,,MANDI044,WH-South,8.3,357.3,,
TRP006225,,MANDI-026,WH-South,13.2,560.7,PB73DF5036,DRV863
TRP004557,2026-03-29,MANDI048,WH-West,9.2,443.7,HR54BC2198,DRV618
TRP007285,,mandi050,WH-North,12.4,733.8,PB23BC4526,
TRP004324,,014,WH-South,13.9,759.5,UP20AB8679,DRV842
TRP006009,2026-07-21,MANDI033,Export-Terminal,20.6,1034.9,,DRV687
TRP005818,,MANDI-011,Export-Terminal,16.8,800.297763273542,DL90AB5097,DRV166
TRP003365,,MANDI009,WH-Central,,889.5,UP33AB5085,DRV218
TRP001405,2026-03-17,MANDI055,WH-South,17.4,901.3,RJ92BC1670,DRV744
TRP003196,,MANDI001,WH-Central,7.5,420.9,HR70AB3253,DRV496
TRP005614,2026-04-20,MANDI-010,WH-South,20.3,997.6,HR95AB9160,
TRP000970,,mandi_014,Export-Terminal,7.4,351.1,,DRV386
TRP003735,,mandi_022,WH-East,2.4,113.8,PB76DF4162,DRV641
TRP000926,,MANDI057,Export-Terminal,20.9,889.4,HR31DF7447,
TRP006253,2026-01-30,mandi_034,WH-East,10.4,520.8,DL25BC8180,
TRP009050,,MANDI030,WH-East,21.5,1209.2,PB36CD4636,DRV163
TRP004726,,MANDI010,WH-South,4.7,225.9,,
TRP009851,,MANDI055,Export-Terminal,4.5,188.799472330432,UP57CD9457,DRV263
TRP002852,,MANDI057,WH-Central,23.2,1288.9,PB99CD5093,DRV695
TRP008590,,MANDI001,WH-Central,2.1,89.8,UP75CD6739,DRV596
TRP005664,,MANDI048,WH-West,5.4,305.4,UP27CD4498,DRV598
TRP006689,,mandi_006,WH-Central,22.0,1007.0,PB10DF3410,DRV785
TRP009223,,mandi045,WH-North,10.7,473.8,DL74BC5239,DRV786
TRP008330,,MANDI014,WH-North,10.9,448.3,UP88DF1057,DRV806
TRP004472,2026-04-23,M056,WH-Central,16.2,728.9,PB35CD7025,DRV444
TRP008753,,mandi_038,WH-North,15.8,925.6,DL95DF5023,DRV732
TRP004349,,MANDI-005,WH-North,18.5,1066.3,PB35BC4788,DRV147
TRP008374,,mandi_024,WH-Central,3.4,183.4,PB64DF4835,DRV831
TRP003627,,MANDI044,WH-South,4.6,208.3,PB99AB3568,DRV346
TRP001790,,MANDI050,WH-South,20.1,1193.5,HR89CD9328,DRV692
TRP008627,,MANDI052,WH-West,23.3,1233.4,DL50BC7062,DRV795
TRP002060,,MANDI047,WH-West,17.7,774.7,HR53CD9820,DRV282
TRP007572,,MANDI020,WH-South,9.7,580.8,HR18AB4854,DRV402
TRP005160,,MANDI047,WH-Central,8.4,397.4,RJ76AB1106,
TRP004014,,MANDI022,WH-East,7.9,449.6,UP13DF9037,DRV710
TRP001903,,MANDI049,WH-East,6.1,315.0,UP46DF3514,
TRP004687,2026-07-03,mandi006,WH-South,2.6,111.7,,DRV829
TRP008845,2026-03-02,MANDI052,Export-Terminal,15.1,642.6,PB75DF4517,DRV394
TRP004923,,MANDI017,WH-East,23.5,983.3,UP21DF1590,DRV608
TRP007542,2026-05-02,M007,WH-North,,314.6,PB84DF4495,DRV335
TRP000076,,MANDI056,WH-West,20.8,1009.3,,DRV823
TRP002346,,M054,WH-West,7.4,354.7,HR74DF6204,DRV426
TRP007255,,M039,Export-Terminal,23.6,1278.5,UP43BC7122,DRV574
TRP000431,,MANDI033,WH-Central,6.3,298.5,UP57BC8744,DRV275
TRP004587,,MANDI-030,WH-North,10.9,621.2,PB75DF2357,DRV178
TRP005513,,MANDI-057,WH-West,5.9,241.3,UP91DF2486,DRV298
TRP005136,,MANDI032,WH-Central,,186.3,DL80DF6482,DRV307
TRP008807,,MANDI024,WH-West,14.6,624.5,RJ17DF6928,DRV111
TRP007812,,MANDI005,WH-East,11.8,551.8,RJ42DF1234,DRV474
TRP001554,,mandi008,WH-South,13.0,702.0,DL75AB6422,DRV515
TRP000241,,MANDI018,WH-North,,282.6,RJ38DF1166,DRV429
TRP000784,,mandi_048,WH-Central,,287.6,DL72CD8753,DRV179
TRP003067,2026-06-17,MANDI-029,WH-North,,1171.49672582151,HR37CD8409,
TRP000978,,032,WH-West,19.0,892.1,,DRV471
TRP004906,,MANDI-017,WH-South,12.0,493.2,,DRV235
TRP002942,,MANDI-057,WH-North,4.4,244.0,HR59BC5859,DRV905
TRP005875,,mandi_049,WH-West,16.1,802.2,PB13AB5002,DRV865
TRP008425,,MANDI027,WH-West,11.2,494.2,HR67AB6866,DRV270
TRP009141,,mandi_050,Export-Terminal,12.5,565.1,PB53BC9097,DRV902
TRP001621,,MANDI-018,WH-Central,8.1,441.09876718725405,UP64BC6207,DRV645
TRP002147,,MANDI052,WH-Central,17.1,1005.9,DL51BC5056,DRV466
TRP001802,,MANDI-057,WH-North,22.5,922.297422300622,HR12CD2201,DRV228
TRP002096,,mandi057,WH-West,2.6,127.2,RJ95BC1581,DRV343
TRP006622,,MANDI-037,Export-Terminal,22.2,961.2,UP34BC7374,DRV865
TRP005736,,mandi047,WH-South,19.9,1027.0,DL18CD3345,DRV883
TRP001358,,MANDI049,Export-Terminal,18.8,861.097593346054,HR12BC1463,DRV418
TRP008457,,MANDI026,WH-West,,582.6,,DRV586
TRP006597,,MANDI004,WH-West,13.0,611.9,,DRV581
TRP008702,,MANDI-014,Export-Terminal,22.7,936.9,RJ58CD4636,DRV958
TRP005225,,mandi038,WH-Central,,863.0,,DRV785
TRP006560,,mandi_038,WH-East,21.5,1048.3,,DRV993
TRP004131,,MANDI018,WH-West,10.8,628.1,PB41CD6721,DRV951
TRP009122,,MANDI-006,WH-Central,23.4,952.2,PB91DF4084,DRV304
TRP005943,,MANDI050,WH-North,8.9,377.0,DL19AB9987,DRV822
TRP001610,,mandi_056,WH-North,22.2,927.4,RJ20DF9208,DRV101
TRP003097,,mandi033,WH-South,,1271.1,RJ63CD6851,
TRP007793,,MANDI-037,WH-North,,1327.9,UP66BC7855,
TRP002416,,MANDI002,WH-North,20.8,1008.5,UP60DF3494,DRV151
TRP002018,,MANDI020,WH-North,20.5,1130.7,UP11AB7790,
TRP006561,,002,WH-West,13.6,624.5,PB58AB4791,DRV411
TRP004126,,MANDI049,WH-East,4.6,252.7,RJ32BC7536,DRV597
TRP002909,,mandi_048,Export-Terminal,,360.1,DL11DF2251,DRV360
TRP003247,,MANDI034,WH-East,14.7,784.797806593872,PB52BC3731,DRV601
TRP000125,,MANDI-033,WH-East,16.4,758.4,RJ10AB7307,DRV922
TRP007008,,mandi_006,WH-East,18.4,936.6973820546381,UP32AB9770,DRV274
TRP009711,,mandi_001,WH-Central,10.2,467.7,RJ34CD3603,DRV220
TRP005803,,mandi_045,WH-Central,17.3,860.4975950229699,,
TRP008118,,011,WH-North,,480.4,PB60DF2214,DRV838
TRP009524,,mandi_037,WH-South,23.4,1044.5,RJ33CD9848,DRV883
TRP003342,,MANDI046,WH-East,19.3,1043.0,PB20AB8097,DRV487
TRP000599,,MANDI038,WH-East,8.7,431.9,HR73DF5935,DRV566
TRP002124,,MANDI037,WH-East,11.1,494.2,PB27AB3421,DRV480
TRP007725,,MANDI055,WH-West,22.5,1255.2,PB29DF3527,DRV403
TRP006827,,MANDI045,WH-West,11.9,704.2,UP17DF7788,DRV768
TRP009193,,MANDI014,WH-North,13.1,730.6,PB37AB2463,
TRP002305,,MANDI-047,WH-South,23.0,1087.8,,DRV631
TRP002198,,MANDI015,WH-North,17.5,870.8,DL63CD4262,DRV289
TRP004052,,mandi_018,WH-West,3.0,167.9,RJ78DF7391,DRV658
TRP009708,,M013,WH-East,12.1,683.5,PB35BC7136,DRV651
TRP003363,,MANDI-022,WH-East,22.5,1348.8,RJ15CD6880,
TRP007468,,MANDI043,Export-Terminal,6.0,297.0,UP46DF1166,DRV983
TRP000726,,mandi_007,WH-Central,20.6,1225.6,PB58CD4648,DRV451
TRP008584,2026-03-17,mandi_005,WH-West,,195.3,DL85AB5556,
TRP000979,,M014,WH-North,2.6,141.4,RJ55BC2255,DRV645
TRP000809,,MANDI-026,WH-East,,448.8,PB62BC1661,DRV505
TRP005538,,mandi031,WH-West,,144.6,RJ41BC5641,DRV683
TRP001476,,MANDI-036,WH-South,21.4,930.0,DL20BC1702,DRV709
TRP007485,2026-03-03,mandi014,WH-East,4.2,170.1,PB65CD5939,DRV128
TRP004907,,MANDI042,WH-North,6.2,302.0,DL74CD1573,DRV918
TRP007024,,mandi_045,WH-West,20.2,922.5,RJ83BC6731,DRV534
TRP009400,,M011,WH-East,,401.8,UP76DF7143,
TRP004931,,MANDI057,WH-North,4.7,266.8,RJ11BC1082,DRV977
TRP008537,,MANDI027,WH-North,,1057.5,UP36CD3555,DRV682
TRP003963,,MANDI035,Export-Terminal,22.3,1309.2,RJ68CD9201,DRV262
TRP009975,,MANDI-014,WH-North,7.3,364.8,,DRV134
TRP005359,2026-05-18,MANDI-022,WH-North,,927.3,RJ10AB1922,DRV249
TRP001236,,MANDI-009,WH-Central,,213.4,UP18AB2612,DRV274
TRP001226,,M026,WH-South,4.4,188.2,RJ99DF4785,DRV375
TRP001765,,mandi_006,WH-North,8.7,470.1,RJ90AB8219,
TRP006841,,MANDI037,WH-Central,2.1,116.3,UP30AB8209,DRV318
TRP007107,2026-02-25,046,WH-Central,13.6,550.898460311626,RJ72CD1797,DRV496
TRP005564,2026-03-28,MANDI030,WH-South,16.1,836.2,RJ51AB2980,
TRP005971,2026-02-02,MANDI027,WH-West,,768.2,RJ23CD8545,DRV751
TRP003218,,MANDI039,WH-North,,595.4,HR72DF7739,DRV301
TRP000288,,M009,Export-Terminal,12.5,718.8,RJ18CD8523,DRV540
TRP005488,,mandi_032,Export-Terminal,21.1,1162.6,RJ49DF8835,DRV836
TRP002967,,MANDI002,WH-East,18.4,1023.4971394607901,DL90BC1002,DRV742
TRP003165,,MANDI027,WH-Central,6.8,398.8,HR86DF6075,DRV244
TRP009854,,MANDI053,WH-Central,4.0,226.0,DL25AB5909,DRV282
TRP009246,,mandi_025,Export-Terminal,,523.598536611304,UP47DF9800,DRV375
TRP001658,,mandi_007,Export-Terminal,23.6,1036.5,UP29CD9633,
TRP001976,,mandi018,Export-Terminal,16.1,879.2,PB80BC7624,DRV230
TRP002398,2026-07-08,mandi_005,Export-Terminal,,690.3,DL31AB7856,DRV672
TRP000453,2026-02-19,MANDI016,WH-East,13.8,727.9,UP99AB6246,DRV345
TRP002711,,mandi_027,WH-Central,19.6,889.2,PB99AB6910,DRV418
TRP005126,,MANDI-020,WH-Central,20.8,1237.7,,DRV951
TRP003682,,MANDI027,WH-West,,841.1,RJ29DF5795,DRV629
TRP000423,,MANDI017,WH-West,2.4,112.699685019278,HR49DF2168,DRV568
TRP006596,2026-03-31,mandi043,Export-Terminal,11.8,637.4,,
TRP000658,,MANDI006,Export-Terminal,,1045.6,PB71DF1133,DRV629
TRP003302,2026-07-27,mandi042,WH-East,6.4,298.19916657274797,,DRV357
TRP006373,,MANDI003,WH-North,18.3,974.2,UP84AB9428,DRV570
TRP002846,2026-04-02,MANDI-035,WH-West,13.6,720.6,PB73AB5152,
TRP006555,,MANDI053,WH-East,21.7,1174.8,PB88AB7945,
TRP008157,,029,WH-North,18.7,845.0,,DRV322
TRP001002,,MANDI035,WH-West,,468.7,RJ51DF3635,DRV140
TRP004199,,MANDI033,WH-South,,652.3,HR20BC2028,DRV222
TRP002419,2026-09-06,MANDI051,Export-Terminal,18.3,1023.0,DL72DF6720,DRV362
TRP008139,,M039,Export-Terminal,4.4,225.0,HR48DF1798,DRV751
TRP002927,,MANDI-011,WH-South,22.8,1090.9,PB40DF8756,DRV520
TRP003848,,MANDI049,WH-North,16.0,770.99784516294,HR93CD8836,
TRP000962,,034,Export-Terminal,5.7,280.7,DL28DF3329,
TRP001581,,mandi_054,WH-West,10.9,556.0984457783541,UP28CD4766,DRV489
TRP008177,,MANDI021,Export-Terminal,,563.3,DL65CD3033,DRV351
TRP002207,,M025,WH-Central,18.5,1087.596960310264,HR52DF4862,
TRP006888,,MANDI011,WH-North,,1133.7,PB77CD4828,
TRP006793,2026-07-05,MANDI013,WH-West,5.5,326.0,,DRV243
TRP006553,,MANDI013,WH-West,3.2,141.0,PB57AB5087,DRV384
TRP004232,,mandi_024,WH-North,,692.598064279964,,DRV448
TRP000758,2026-02-23,MANDI015,WH-South,18.5,973.197280042248,,DRV102
TRP004867,2026-01-18,MANDI-023,WH-South,8.6,413.2,PB69BC8971,DRV302
TRP002285,,mandi044,WH-East,,106.299702906382,PB69DF9512,
TRP007266,,MANDI030,WH-South,14.2,666.7,UP57CD4520,DRV823
TRP005504,,MANDI-027,Export-Terminal,3.2,171.1,,DRV101
TRP004828,,MANDI015,WH-North,18.8,1116.796878700352,DL28DF2839,DRV710
TRP008387,,MANDI-005,WH-East,15.6,925.0,HR37DF1674,DRV195
TRP000808,2026-08-04,MANDI047,WH-West,8.3,410.59885243048404,RJ95DF9100,DRV987
TRP006463,2026-05-28,MANDI007,WH-North,16.2,900.4,,DRV788
TRP008292,,mandi_050,WH-North,20.7,948.0,RJ88BC9250,
TRP001957,,MANDI007,WH-East,21.4,1258.8,UP16BC5953,DRV326
TRP002446,,MANDI008,Export-Terminal,18.6,1104.3,UP52CD1154,DRV753
TRP006408,,mandi004,WH-Central,3.4,200.4,,DRV282
TRP008846,2026-08-10,MANDI-024,WH-West,4.8,209.4,PB56CD8924,DRV733
TRP007069,,M041,WH-Central,3.3,163.1,UP97DF1417,DRV388
TRP008506,,MANDI050,WH-East,18.0,993.2,RJ65BC1467,
TRP002403,2026-04-28,MANDI005,WH-East,5.8,251.8,RJ85DF7357,DRV707
TRP001074,,M009,WH-West,,249.9,DL25AB3202,
TRP007153,,MANDI001,WH-South,10.8,625.9,UP47CD3202,
TRP004241,,MANDI047,Export-Terminal,15.2,800.3,DL57AB3216,
TRP008848,,MANDI010,Export-Terminal,14.3,755.6,,DRV266
TRP002092,,MANDI047,Export-Terminal,23.1,1270.5,RJ46CD6263,DRV247
TRP004528,,mandi_056,WH-South,7.0,289.4,HR64BC5920,DRV382
TRP007837,,mandi_036,WH-Central,12.0,664.2,UP42DF6685,DRV403
TRP007407,,MANDI-004,WH-North,11.7,599.3,DL40BC9771,DRV250
TRP007877,,mandi_034,WH-East,4.8,204.0,,DRV774
TRP008072,,mandi011,WH-South,8.9,490.6,PB23AB7059,
TRP005158,,MANDI-001,Export-Terminal,14.5,739.5,,DRV683
TRP007453,2026-05-23,MANDI-012,WH-South,,392.0,RJ18AB7550,DRV765
TRP001004,,MANDI003,WH-East,20.6,1228.3,DL78AB4882,DRV299
TRP009464,2026-08-30,MANDI-026,WH-North,,563.3,HR38BC3168,DRV173
TRP007158,,MANDI010,Export-Terminal,3.4,155.9,PB92BC6217,DRV310
TRP008142,2026-05-16,MANDI-044,Export-Terminal,22.4,1225.4,PB68DF4183,DRV513
TRP004652,,mandi004,WH-Central,8.2,488.6,DL77CD9358,DRV141
TRP008707,,M031,WH-West,15.5,923.7,PB77CD1714,DRV976
TRP001486,,MANDI004,WH-East,2.0,100.2,HR25CD7208,DRV330
TRP009599,,MANDI037,Export-Terminal,16.4,960.1,DL27CD8938,DRV351
TRP001412,,M034,WH-East,9.4,395.0,RJ23DF6041,DRV766
TRP009809,,MANDI016,WH-North,3.6,177.3,UP52CD4325,DRV522
TRP005870,,MANDI-024,WH-South,,1232.7,RJ83CD2713,DRV831
TRP000710,,mandi_050,WH-North,15.1,775.4,DL80AB9705,DRV235
TRP005381,,MANDI002,WH-West,3.2,186.1,DL84DF1907,DRV996
TRP003604,2026-03-09,MANDI038,WH-West,7.0,408.5,,DRV671
TRP007846,,mandi_017,WH-West,10.9,495.898614028926,RJ28BC7798,DRV944
TRP003077,,mandi_013,WH-South,23.8,1335.7,DL34DF1471,DRV174
TRP007459,,MANDI-016,WH-North,10.1,556.2,DL59AB6182,DRV410
TRP007851,,mandi_029,WH-West,,584.0,UP81CD6391,DRV174
TRP004102,,MANDI017,WH-North,7.9,401.49887786371,RJ46AB5602,DRV852
TRP005590,,MANDI037,WH-West,5.0,259.0,PB23AB1483,DRV127
TRP002723,,MANDI030,WH-South,,466.2,,DRV817
TRP009733,,M005,WH-Central,21.7,1081.1,PB20AB6714,DRV772
TRP001269,,025,WH-South,22.1,1017.2,RJ62BC3094,
TRP002463,,mandi_054,WH-West,13.3,690.0,RJ79DF9204,DRV857
TRP005965,,M051,WH-West,14.8,700.5,HR98AB3752,DRV835
TRP000269,,MANDI026,WH-South,,461.79870933365197,PB96BC2210,DRV274
TRP003581,,MANDI044,WH-West,,620.9,UP31CD3426,
TRP004751,2026-02-12,mandi_016,WH-East,9.2,478.6,PB12BC8767,DRV384
TRP005847,2026-06-18,MANDI001,WH-South,,804.5,RJ18CD3737,
TRP005399,,mandi056,WH-South,8.9,454.6,UP11CD3760,
TRP005639,,MANDI053,WH-Central,14.3,636.1,PB12AB2913,DRV952
TRP007200,,MANDI-023,WH-East,22.3,1296.0,UP17BC3441,DRV488
TRP002822,2026-07-30,MANDI-029,WH-East,15.5,644.8,DL47BC7940,DRV447
TRP005937,,MANDI047,WH-East,5.7,260.9,DL31AB9685,DRV665
TRP000590,,013,WH-East,14.9,610.1,RJ29DF7184,DRV501
TRP006492,,MANDI-034,WH-East,4.8,192.8,,DRV477
TRP009822,,MANDI041,WH-East,16.8,787.7,,DRV677
TRP007367,,M055,WH-West,10.4,490.5,DL96CD9573,DRV961
TRP007264,,MANDI046,Export-Terminal,18.5,742.2,,DRV375
TRP008258,,MANDI057,WH-East,19.1,945.1,PB54CD3682,DRV604
TRP002038,,MANDI008,WH-East,7.4,372.1,PB45DF6873,DRV501
TRP008494,,MANDI011,WH-North,,1106.5,PB10DF2651,DRV392
TRP006877,,MANDI014,WH-East,14.9,706.8,,DRV878
TRP002029,2026-03-13,MANDI053,WH-West,13.9,653.1,,DRV261
TRP007433,,041,WH-East,16.5,685.1,HR94BC8507,DRV926
TRP000678,,MANDI004,WH-South,,582.7,RJ57BC1866,DRV947
TRP009678,,MANDI011,WH-North,13.8,720.1,PB65AB7933,DRV822
TRP001233,,MANDI038,WH-East,6.2,349.3,RJ87AB9391,
TRP005791,,053,WH-Central,9.7,394.6,,DRV362
TRP007734,,MANDI011,WH-East,9.7,510.7,RJ13BC9124,DRV379
TRP005958,2026-03-01,MANDI011,WH-South,12.0,609.6,HR58BC5693,DRV468
TRP004857,,mandi026,WH-Central,9.5,426.1,,DRV714
TRP006718,,mandi052,WH-West,13.7,693.8,UP72DF2334,DRV998
TRP002433,,M056,WH-West,16.8,744.397919506216,RJ20AB7691,DRV952
TRP008849,2026-04-21,MANDI037,WH-North,4.5,228.6,RJ21CD6111,DRV693
TRP006667,2026-08-08,MANDI-037,Export-Terminal,22.2,1183.5,UP76DF5970,DRV384
TRP006578,,mandi_032,Export-Terminal,22.2,1182.4,HR15DF9046,DRV738
TRP006804,,MANDI005,WH-East,5.3,265.9,HR71BC3783,DRV279
TRP000897,,mandi005,WH-Central,22.5,943.4,DL89AB9949,
TRP001612,,MANDI047,WH-Central,19.0,1117.596876464464,RJ19CD8815,
TRP007442,,M055,WH-South,12.7,699.0,PB86AB6254,DRV542
TRP009489,,MANDI056,WH-Central,10.8,567.2,HR96CD5763,DRV968
TRP008115,,M039,WH-East,15.3,717.8,HR26BC5735,DRV864
TRP003807,2026-05-24,MANDI003,Export-Terminal,5.9,299.3,RJ53AB4272,DRV164
TRP006563,,001,WH-North,19.4,962.99730854982,,
TRP008863,,M001,WH-South,,840.8,,DRV431
TRP004702,,MANDI-050,WH-East,2.1,98.8,UP20DF8954,DRV484
TRP003962,,MANDI056,WH-West,5.8,256.8,RJ41BC8296,DRV278
TRP005917,,MANDI043,WH-West,5.5,257.7,,DRV337
TRP001091,,MANDI034,WH-North,23.0,1243.8,DL46AB8932,DRV184
TRP000891,2026-07-29,MANDI021,WH-North,11.3,483.4,PB46DF9021,DRV410
TRP009504,,mandi035,WH-North,17.8,1067.7,RJ65BC8613,DRV833
TRP008166,,MANDI033,WH-East,,915.2,DL41BC3030,DRV120
TRP009482,2026-08-12,mandi_029,Export-Terminal,17.8,825.3,DL96AB4733,DRV825
TRP007909,,MANDI049,WH-North,16.1,815.0,DL35BC7281,DRV347
TRP008415,,MANDI-051,WH-East,13.5,737.4,DL17BC3441,DRV268
TRP007552,,MANDI013,WH-South,4.8,246.6,,DRV388
TRP007413,,007,WH-South,,244.5,,DRV105
TRP002800,,MANDI-030,WH-North,13.3,534.2,RJ60AB7496,DRV563
TRP000585,,039,WH-West,19.2,839.4976537150301,PB30BC9102,DRV917
TRP003269,,MANDI047,WH-East,11.9,669.5,,DRV592
TRP003933,,mandi017,WH-East,22.0,902.5,PB85BC3585,DRV993
TRP004966,,MANDI040,WH-East,6.6,327.3,HR48DF6719,DRV443
TRP001261,2026-04-28,028,WH-South,14.2,596.4,PB54CD9600,DRV342
TRP006474,2026-08-29,mandi_012,WH-East,5.5,290.6,RJ49CD3167,DRV870
TRP000311,,mandi_044,WH-South,4.0,202.0,PB26CD1666,DRV456
TRP001717,2026-05-12,MANDI027,WH-North,13.0,744.1,UP70AB4618,DRV476
TRP005403,,MANDI-004,WH-West,,1194.0,PB64DF4934,DRV837
TRP006770,,mandi_005,WH-Central,13.3,645.1,PB31AB9056,DRV430
TRP006415,,mandi_014,WH-North,16.1,944.3,UP84AB2330,DRV634
TRP004669,2026-07-16,MANDI-019,WH-South,,601.5,RJ25AB4624,DRV543
TRP004299,,MANDI-029,WH-West,2.4,123.1,DL69BC4530,DRV918
TRP003784,2026-07-10,MANDI012,Export-Terminal,,280.3,PB23AB4145,DRV501
TRP001009,,MANDI010,WH-West,4.3,244.6,,DRV719
TRP008688,,MANDI057,WH-East,,471.3,PB97AB3724,DRV949
TRP002186,,MANDI053,WH-South,,1069.7,HR29AB2388,DRV428
TRP003624,,MANDI018,WH-West,4.2,217.0,HR55DF5441,DRV342
TRP007665,,mandi017,WH-Central,22.6,1192.9,HR42DF3341,DRV210
TRP005376,,mandi_013,WH-East,,832.3,DL78CD4088,DRV469
TRP007967,,MANDI-045,WH-South,6.4,349.9,HR39DF7215,DRV901
TRP006659,2026-06-06,mandi_022,WH-Central,,951.5,UP54CD5586,DRV392
TRP007525,,MANDI008,WH-North,16.1,846.7,RJ64BC9751,
TRP004835,,M019,WH-South,17.7,720.5,UP81DF5901,DRV254
TRP006511,,MANDI048,WH-West,8.0,390.2,DL22CD1598,DRV558
TRP004757,,MANDI-057,WH-North,11.6,651.3,UP53AB7762,
TRP000089,,mandi020,WH-South,,1145.1,RJ47CD9999,DRV122
TRP000091,,mandi020,WH-South,15.8,880.4,PB56DF2034,DRV647
TRP009868,,013,WH-North,,924.3,,DRV578
TRP007745,,mandi_030,Export-Terminal,,667.7,HR36CD3890,DRV151
TRP001327,,mandi_031,WH-North,16.0,812.6,PB39AB7724,DRV775
TRP006111,,MANDI-042,WH-North,3.1,169.2,,DRV294
TRP008376,,MANDI-048,WH-East,,777.4,UP12BC7625,DRV522
TRP002118,,MANDI027,Export-Terminal,18.0,1071.9,,DRV925
TRP002938,,MANDI036,Export-Terminal,23.5,1185.2966872524419,UP60AB9175,DRV493
TRP004904,,045,WH-North,,325.6,HR44CD4654,
TRP000984,,MANDI006,WH-Central,11.4,655.9,RJ82CD4350,DRV646
TRP009474,2026-06-19,MANDI-040,WH-North,9.8,508.9,PB82DF4290,DRV415
TRP005806,2026-05-20,mandi_040,WH-Central,7.9,428.8,PB92CD5250,DRV128
TRP008950,,mandi_020,WH-East,2.4,128.299641419462,,DRV409
TRP002926,,MANDI-033,WH-North,14.8,645.4,RJ43DF4984,DRV906
TRP005883,2026-05-22,mandi041,WH-East,12.9,635.2,DL70DF6308,DRV605
TRP003215,,MANDI011,WH-North,21.9,957.5,UP75BC1001,DRV703
TRP007763,2026-06-24,MANDI045,WH-South,6.5,368.1,,DRV871
TRP006890,2026-05-17,M038,WH-Central,23.2,1225.8,PB59BC2441,DRV452
TRP008023,,MANDI039,WH-North,22.5,964.8,UP32CD4106,DRV117
TRP007663,,MANDI006,WH-West,21.2,1208.1,UP55AB1319,
TRP005351,,mandi_036,Export-Terminal,7.9,417.598832866464,DL65BC2090,DRV622
TRP000628,2026-08-21,mandi_023,Export-Terminal,11.3,632.8,RJ70AB4076,DRV908
TRP004948,2026-02-28,MANDI007,Export-Terminal,21.5,988.5,UP28CD5855,DRV169
TRP008144,,MANDI-003,WH-Central,2.5,124.299652598902,PB54BC2927,DRV447
TRP004245,,003,WH-Central,7.8,413.1,DL75AB5882,DRV733
TRP006378,,mandi_057,WH-North,,631.6,,
TRP004766,,MANDI003,Export-Terminal,19.8,1055.7970491868118,,DRV898
TRP001602,,mandi_034,Export-Terminal,20.7,1210.396617101456,PB45DF1978,DRV509
TRP009981,,MANDI007,Export-Terminal,8.3,459.1,DL76BC3692,DRV285
TRP001270,,MANDI040,WH-Central,,1054.8970517021862,,DRV124
TRP000129,,MANDI025,WH-North,15.0,854.0,UP10AB3391,
TRP006724,,MANDI016,WH-East,12.8,578.4,PB87CD2244,DRV100
TRP001712,,MANDI-013,WH-North,11.6,689.9,HR48AB1982,DRV292
TRP004183,,mandi_036,WH-North,14.2,756.6,,DRV114
TRP004236,,MANDI003,WH-South,20.0,1177.3,UP58BC1768,DRV922
TRP008119,2026-07-10,mandi_034,WH-North,5.1,283.3,HR70CD6539,DRV226
TRP002399,2026-06-17,MANDI005,WH-West,7.7,321.29910201148203,,
TRP006071,,mandi_057,WH-North,,227.1,RJ66DF2892,DRV163
TRP006604,,M003,WH-East,21.7,1030.7,HR35CD8179,DRV823
TRP008762,,mandi050,WH-South,21.9,1113.2,HR38DF3917,DRV495
TRP001187,2026-04-22,mandi_001,WH-North,,527.2,RJ37BC5041,DRV672
TRP008448,,MANDI029,WH-West,22.5,925.5,RJ92BC5877,DRV720
TRP005441,,MANDI-018,WH-East,,107.6,UP21DF7459,DRV536
TRP006551,,MANDI042,WH-Central,3.7,204.2,PB47CD6196,DRV596
TRP001978,,MANDI056,WH-West,5.1,242.49932224645,,
TRP008695,,MANDI029,WH-North,10.1,438.098775571834,DL44AB2270,DRV522
TRP004248,,MANDI-042,WH-West,19.6,1155.99676914184,DL27CD2728,DRV766
TRP008266,2026-04-29,mandi_044,WH-North,2.1,117.6,RJ60DF1118,DRV953
TRP000916,,MANDI047,WH-Central,10.8,449.59874343094407,HR60DF2403,DRV147
TRP001306,,mandi_052,WH-East,16.3,974.9,HR67AB9082,DRV990
TRP009307,,MANDI037,WH-North,18.4,877.3,DL74CD2850,DRV182
TRP003050,,mandi005,WH-South,7.4,366.9,DL53DF3618,DRV993
TRP009901,,mandi_003,WH-South,7.3,415.0,,DRV492
TRP001274,,mandi031,WH-East,19.4,823.2,PB36BC2184,DRV241
TRP008451,2026-05-04,018,WH-South,19.3,940.2,HR10BC2917,DRV946
TRP002797,,MANDI003,Export-Terminal,12.0,642.6,HR21BC8683,DRV774
TRP001399,2026-08-17,mandi_039,WH-Central,10.8,570.9,UP55BC3664,DRV533
TRP003359,,007,WH-North,12.9,581.6,PB15AB5210,DRV524
TRP000184,,mandi_001,WH-Central,11.1,592.3,,DRV747
TRP009150,,MANDI017,WH-East,5.1,301.9,RJ86DF7847,DRV573
TRP006212,2026-03-14,mandi_004,WH-South,4.7,267.6,PB86AB3239,DRV902
TRP006671,,MANDI-053,WH-Central,22.1,1084.4,HR33CD1824,DRV274
TRP009381,2026-07-22,037,WH-East,5.6,332.3,,DRV278
TRP006727,,MANDI055,WH-West,9.6,406.6,RJ99CD9925,DRV916
TRP007609,,MANDI003,WH-Central,18.1,1000.2,UP77AB9310,
TRP004568,,MANDI022,WH-West,2.1,99.2,PB22DF6611,
TRP007801,2026-09-06,M011,WH-North,14.5,630.1982386792281,DL76BC5873,
TRP008835,2026-09-02,mandi_041,WH-North,4.8,287.4,PB82DF4053,DRV752
TRP002657,2026-07-08,008,Export-Terminal,19.9,1168.3,UP50BC3214,DRV167
TRP008643,,MANDI-023,WH-Central,6.2,359.8,HR53AB2563,
TRP007475,,mandi_009,WH-South,6.7,366.7,UP91CD1210,DRV603
TRP001962,,MANDI013,Export-Terminal,2.3,118.8,,
TRP004993,,MANDI012,Export-Terminal,9.5,405.2,HR76DF1706,DRV330
TRP004892,,MANDI-003,WH-South,6.3,331.6,,DRV916
TRP007727,2026-07-18,MANDI021,WH-East,16.5,690.1,UP50CD8524,DRV614
TRP009855,,MANDI047,WH-North,20.9,930.7,DL40DF2603,DRV487
TRP004641,,MANDI026,Export-Terminal,15.5,793.3,UP62DF8517,DRV564
TRP001122,,MANDI011,WH-South,16.9,819.7,RJ78BC1965,DRV222
TRP001252,,MANDI011,WH-West,16.7,781.8978146989659,DL86AB1869,DRV246
TRP003177,,mandi003,WH-East,22.1,1282.2,,DRV859
TRP005073,,MANDI015,WH-North,6.0,281.4,RJ28AB9752,
TRP003360,,MANDI-002,WH-West,,338.6,UP51DF6980,DRV816
TRP009239,,MANDI029,WH-Central,,1019.6,HR71DF5244,DRV762
TRP007984,,M055,WH-West,10.8,557.8984407476061,HR19CD2552,
TRP007135,,mandi_041,WH-West,19.1,920.7,UP99BC8109,
TRP003290,,mandi031,WH-Central,7.3,435.2,UP98BC5491,DRV230
TRP007033,,011,WH-North,23.5,1340.9,,DRV515
TRP009077,,MANDI009,WH-East,15.7,809.5,RJ66CD8340,DRV480
TRP003191,2026-06-15,MANDI-007,WH-Central,2.4,132.7,HR57AB2894,DRV851
TRP006162,,MANDI041,WH-West,,135.5,RJ14AB3240,DRV493
TRP008335,2026-09-01,mandi_019,WH-Central,,149.0,,DRV625
TRP001052,,mandi048,WH-Central,15.1,868.4,PB70BC6056,DRV941
TRP004070,,MANDI023,Export-Terminal,18.8,974.2,DL23DF8900,DRV939
TRP007397,,M019,Export-Terminal,,956.7,PB60AB7599,DRV808
TRP006282,,MANDI-028,WH-North,9.3,412.6,PB47BC2402,DRV721
TRP000273,,mandi_007,WH-South,13.7,818.297712966062,RJ56AB2555,DRV100
TRP002043,,mandi011,WH-North,7.4,424.4,,DRV180
TRP004764,,mandi048,WH-North,13.3,744.597918947244,DL95AB5959,DRV104
TRP005432,,mandi_005,WH-West,9.2,469.3,DL18BC1851,DRV610
TRP005688,,MANDI029,WH-East,22.8,1020.9,HR43DF8879,DRV790
TRP005776,,MANDI010,WH-Central,,1342.8,,DRV932
TRP001087,,mandi056,WH-North,16.3,674.0,DL91CD8204,DRV501
TRP006330,,MANDI036,WH-North,4.3,213.2,PB10BC1258,DRV783
TRP008674,,mandi_054,Export-Terminal,11.0,617.49827417395,PB65BC6928,DRV279
TRP005969,,MANDI051,WH-Central,12.3,708.5,,DRV771
TRP007282,,MANDI-016,WH-East,14.0,701.0,DL97DF1173,DRV480
TRP004323,,mandi_006,WH-North,,682.6,HR44CD1392,DRV764
TRP007566,,MANDI002,WH-South,18.1,820.2,UP95AB6589,DRV182
TRP008303,,M038,WH-East,4.3,241.4,RJ80BC4536,DRV664
TRP006110,,006,WH-South,,532.2,PB66CD7096,DRV762
TRP006023,,MANDI016,WH-South,3.7,161.1,,
TRP005594,2026-07-25,043,Export-Terminal,20.5,896.49749440801,UP16BC8603,DRV674
TRP009129,,017,WH-South,9.0,390.6,HR25AB4640,DRV707
TRP004710,,MANDI007,WH-North,8.8,514.2,,DRV325
TRP004218,,006,WH-West,12.8,712.6,HR75BC4910,DRV463
TRP008486,,mandi_030,WH-North,4.2,225.8,,
TRP006144,,mandi_001,WH-South,13.0,759.3,DL47CD5527,DRV122
TRP007396,,MANDI-020,WH-Central,9.7,570.198406370828,HR49CD6903,DRV471
TRP003479,,MANDI050,WH-Central,19.0,916.0,RJ40CD9062,DRV379
TRP007746,,mandi_049,WH-East,,1092.3,PB70BC4945,DRV437
TRP003925,,mandi_012,Export-Terminal,6.1,254.69928814915798,RJ83CD7923,DRV732
TRP001749,,MANDI-002,WH-East,3.5,141.9,DL41AB5135,
TRP000733,,MANDI043,WH-West,6.8,328.4,PB83BC2637,
TRP002554,,MANDI047,WH-Central,21.0,1031.6,UP25DF3660,DRV392
TRP005959,,MANDI-025,WH-East,18.1,1058.5,,DRV770
TRP005404,,MANDI011,WH-West,19.8,997.7,,DRV487
TRP002663,,MANDI-039,WH-West,7.6,311.3,DL57CD7018,DRV581
TRP006513,2026-04-26,MANDI014,WH-South,20.6,964.9,DL63DF8647,DRV128
TRP006366,,MANDI049,WH-South,22.6,928.2,RJ48BC2413,DRV299
TRP003114,,MANDI014,WH-East,18.9,830.3,UP60BC9895,DRV224
TRP003304,,mandi043,WH-West,9.2,461.0,DL50BC6047,DRV333
TRP001345,,mandi001,WH-South,13.9,693.6,UP33DF6893,
TRP009149,,MANDI021,WH-Central,10.8,626.9,PB49AB9062,DRV840
TRP001691,,MANDI005,Export-Terminal,5.4,239.3,HR92CD3463,DRV966
TRP005823,,MANDI033,WH-North,22.7,908.9,RJ59BC4991,DRV709
TRP007093,,M049,WH-North,15.0,758.0,UP94CD3200,
TRP005049,,MANDI021,WH-East,10.1,567.6,PB55BC5687,DRV334
TRP002628,,MANDI-046,WH-North,19.5,838.8,UP30BC7542,DRV739
TRP003309,,MANDI022,WH-South,15.4,654.3,,DRV962
TRP001505,,MANDI-020,WH-North,8.3,447.49874930014994,DL55AB3305,DRV701
TRP001807,2026-03-01,MANDI035,Export-Terminal,9.1,481.2,,DRV242
TRP006806,,MANDI-018,WH-South,13.2,727.2,PB95AB4272,DRV644
TRP005867,,MANDI015,WH-Central,4.2,223.0,HR22CD3181,DRV741
TRP003792,,M016,WH-East,18.8,1106.9,PB62BC2803,DRV419
TRP005218,,MANDI-039,WH-West,,444.4,PB12BC8142,
TRP009900,,MANDI001,WH-Central,,1015.3,,DRV493
TRP009369,,MANDI003,WH-West,10.9,459.0,HR92DF1298,
TRP008606,,MANDI-022,Export-Terminal,,173.9,UP47AB7202,
TRP006138,,mandi_019,WH-Central,9.5,477.8,PB85BC7371,DRV452
TRP008865,,MANDI024,Export-Terminal,,291.3,RJ99AB7378,DRV347
TRP001849,,mandi_051,WH-West,6.4,343.8,PB13AB5986,DRV672
TRP004513,,MANDI011,WH-West,9.5,484.2,DL47BC6782,
TRP002432,,MANDI-046,Export-Terminal,,130.3,,DRV919
TRP004661,2026-07-15,MANDI020,WH-East,14.8,843.0,RJ30DF9194,DRV788
TRP007424,,MANDI033,Export-Terminal,22.4,1294.1,,
TRP006095,,MANDI-025,WH-East,8.6,417.098834263894,,DRV167
TRP009752,2026-02-03,M015,WH-Central,,425.7,UP35BC8151,DRV424
TRP000143,,MANDI023,Export-Terminal,20.9,1094.4,DL17BC6650,
TRP009113,,MANDI-037,Export-Terminal,17.1,817.9,HR21BC1115,DRV964
TRP006040,,mandi001,WH-West,2.8,139.6,DL38CD7324,DRV921
TRP005291,,MANDI020,WH-East,8.1,467.9,DL80DF2490,DRV810
TRP008084,2026-06-30,mandi_002,Export-Terminal,23.2,1143.6,DL39DF1554,DRV569
TRP003410,,MANDI020,WH-Central,12.4,560.0984345989141,RJ47BC6815,DRV874
TRP001118,,MANDI008,WH-North,24.0,1249.2,PB65AB8780,DRV910
TRP001757,,MANDI023,Export-Terminal,18.5,847.4,RJ94DF1790,DRV204
TRP000498,,MANDI041,WH-Central,13.2,652.098177471794,DL67CD7601,DRV149
TRP007753,,MANDI053,WH-Central,10.4,576.2,DL60CD2417,DRV297
TRP000871,2026-09-05,M046,Export-Terminal,16.9,997.3,RJ33AB1830,DRV589
TRP003358,,MANDI-031,WH-West,9.0,493.0,PB26CD6852,DRV906
TRP000913,2026-01-30,mandi037,WH-Central,15.9,857.99760201012,,DRV722
TRP000722,,MANDI-013,WH-West,16.6,721.597983229024,HR29AB3943,
TRP002806,,MANDI056,WH-North,7.7,386.7,RJ18BC7614,DRV247
TRP004909,,MANDI006,WH-West,12.3,662.2,DL29CD8728,DRV527
TRP000887,2026-03-10,MANDI049,WH-East,20.1,1201.1,RJ76AB2630,DRV512
TRP009979,,MANDI011,Export-Terminal,5.0,249.8,UP90AB3455,DRV738
TRP007183,,MANDI036,Export-Terminal,18.4,881.5,PB23AB6087,DRV514
TRP007809,,mandi048,WH-Central,2.9,123.9,PB89CD4420,
TRP001521,,MANDI006,WH-West,18.7,1059.5,UP45CD7816,DRV967
TRP009038,,MANDI025,WH-East,8.2,435.4,,DRV377
TRP002747,,015,WH-West,7.8,450.5,RJ10DF5641,DRV312
TRP006190,,mandi018,WH-East,5.2,244.2,PB44DF9123,DRV843
TRP008474,,MANDI055,WH-North,2.5,135.0,DL49CD5156,DRV520
TRP000315,,MANDI034,WH-West,23.4,1134.596828951844,PB40BC2201,DRV858
TRP001800,,M003,WH-North,,593.7,PB81BC5600,DRV288
TRP000328,,MANDI028,WH-Central,15.3,831.6,HR99AB1018,DRV383
TRP006157,,MANDI-027,WH-West,7.9,349.7,,DRV478
TRP004205,,MANDI025,WH-East,,877.0,UP17AB7543,DRV904
TRP005448,,M023,WH-West,18.2,821.5,RJ14BC9105,DRV697
TRP003130,,MANDI021,WH-East,6.4,298.3,,DRV271
TRP007478,,MANDI-049,WH-Central,15.4,800.8,DL72BC3046,DRV545
TRP008063,2026-03-24,mandi006,WH-West,2.1,84.4,RJ94AB7543,DRV840
TRP003969,,MANDI010,WH-West,18.9,1089.0,HR45BC3450,DRV652
TRP006339,,MANDI-015,Export-Terminal,21.9,888.8,UP50AB2568,DRV494
TRP006018,,MANDI046,WH-Central,13.4,792.0,UP76DF7138,
TRP001974,,MANDI-050,WH-North,,850.7,,DRV836
TRP000337,,mandi_005,Export-Terminal,,148.9,HR96DF9304,DRV413
TRP002765,,MANDI057,WH-North,6.1,300.0,HR13CD6595,DRV996
TRP008260,,MANDI023,WH-North,16.0,909.2,DL46DF5337,DRV272
TRP000276,,mandi047,WH-Central,2.1,95.899731972926,HR90AB8575,DRV119
TRP002986,,MANDI-053,WH-Central,12.0,665.3,UP61BC2982,DRV789
TRP006308,,M007,WH-South,22.9,1290.9,PB15BC4099,DRV717
TRP006380,,MANDI-004,WH-Central,11.7,604.7,PB32BC9441,DRV999
TRP003478,,MANDI-054,WH-East,6.5,287.8,HR77BC4602,DRV668
TRP006502,2026-02-10,MANDI051,WH-East,18.3,1042.6,,DRV610
TRP003559,,MANDI035,WH-South,16.4,962.8,RJ63DF6404,
TRP002810,,MANDI036,WH-West,17.8,749.4,DL14BC3961,DRV238
TRP009478,,MANDI045,Export-Terminal,12.9,520.7,DL25CD9590,DRV684
TRP004862,2026-02-21,MANDI035,Export-Terminal,,757.3,PB53CD8595,DRV246
TRP007182,,MANDI030,WH-Central,10.5,533.9985075447601,PB91AB1116,DRV658
TRP005247,,M052,WH-East,15.4,792.0,PB54BC9646,
TRP003417,,mandi034,WH-West,18.7,1001.1,UP23AB4973,DRV100
TRP000308,,M054,Export-Terminal,22.9,989.1,RJ16AB6051,DRV800
TRP003909,2026-05-14,MANDI003,WH-East,5.0,239.7,,
TRP007685,,MANDI043,WH-West,17.6,876.7,UP49CD6774,DRV248
TRP000349,,M018,Export-Terminal,4.9,233.0,DL22AB2762,DRV317
TRP000827,,MANDI050,WH-Central,10.6,569.4,PB68DF7067,DRV862
TRP005297,,MANDI045,WH-Central,8.1,329.2,HR12BC4059,DRV805
TRP009893,,MANDI-019,Export-Terminal,13.5,727.4,HR42BC8002,DRV178
TRP004483,,MANDI009,WH-North,16.6,853.4,DL90CD9639,DRV290
TRP007172,,MANDI013,WH-East,14.1,767.6,HR29CD8215,DRV440
TRP003683,2026-03-30,MANDI010,WH-East,,421.8,PB95DF8443,DRV359
TRP006409,,MANDI-050,WH-South,7.9,394.7,HR62DF9810,DRV114
TRP008722,,M012,WH-North,23.4,1313.4,RJ76DF8391,DRV659
TRP002054,,M035,WH-East,9.0,524.5,,
TRP000072,,mandi029,WH-South,,857.2,DL85DF4744,DRV122
TRP007916,,MANDI005,WH-South,15.0,754.1,DL75AB4908,DRV742
TRP007636,,MANDI042,WH-South,7.5,390.4,PB37AB6161,
TRP006849,,mandi_024,Export-Terminal,10.0,517.9,PB37AB1258,
TRP009103,,mandi038,WH-North,,310.4,UP43CD4024,DRV238
TRP005357,2026-06-13,MANDI-055,WH-North,23.4,1403.6,DL56CD6158,DRV262
TRP001667,2026-04-03,mandi_046,Export-Terminal,23.5,1326.7,RJ40DF4317,DRV523
TRP007965,,mandi041,WH-West,20.8,1019.8,DL37DF3574,DRV704
TRP007059,,MANDI-038,WH-East,11.5,498.5,,DRV564
TRP002689,,022,WH-North,10.8,440.1,HR56DF4819,DRV208
TRP001446,,MANDI004,WH-Central,18.2,728.9,,DRV934
TRP005715,,MANDI052,WH-Central,10.7,435.1,RJ73DF7323,DRV227
TRP007530,,mandi025,WH-North,3.8,181.8,RJ60DF2731,DRV593
TRP001696,,046,WH-North,23.6,1026.3,,DRV209
TRP002893,2026-03-16,023,WH-West,22.1,961.3,HR31BC2324,DRV483
TRP005939,,MANDI-011,WH-West,19.4,803.2,,DRV371
TRP001575,2026-04-04,M005,WH-West,,230.5,RJ62BC6689,DRV833
TRP003204,,039,WH-North,19.9,1053.9,RJ61DF6324,DRV899
TRP004406,,mandi_032,WH-West,3.7,221.2,PB72CD6701,DRV163
TRP001631,,007,WH-North,17.4,929.297402736602,PB47DF9362,
TRP008130,,mandi017,WH-East,4.2,207.599419787064,UP98CD2388,DRV387
TRP001882,,mandi021,WH-West,7.7,311.5,PB16BC8369,DRV546
TRP005113,,MANDI-049,WH-South,20.4,911.9,PB90CD5975,DRV186
TRP005075,,MANDI015,WH-North,13.7,699.0,UP99DF3325,DRV404
TRP008546,,011,WH-East,17.1,956.1,HR29AB5473,DRV893
TRP009177,,mandi019,WH-Central,6.6,292.9,UP51DF1559,DRV998
TRP006096,,mandi053,WH-East,18.9,771.1,RJ15DF9911,DRV222
TRP000849,,MANDI042,WH-North,17.9,1051.4,PB63BC1395,DRV733
TRP006536,,MANDI043,WH-East,,853.0,PB46DF7878,
TRP006747,,mandi038,WH-East,18.6,948.9,RJ30DF7035,DRV921
TRP006401,,MANDI041,WH-Central,21.8,1302.2,PB84BC3257,DRV322
TRP002878,2026-08-29,MANDI002,WH-Central,7.1,419.9988261588,RJ60DF9645,DRV854
TRP000187,,MANDI021,WH-East,4.8,282.9,UP21DF8785,DRV616
TRP003780,,MANDI031,WH-North,4.6,223.0,RJ93DF5788,
TRP001831,,mandi_051,WH-Central,19.1,769.6,,DRV525
TRP002960,,MANDI024,Export-Terminal,23.3,1286.7,,DRV755
TRP009612,,mandi_002,WH-West,18.0,783.6,UP73DF3393,DRV428
TRP006959,,mandi_018,WH-West,18.6,757.4,HR64CD7253,DRV830
TRP005447,,MANDI053,Export-Terminal,11.3,580.5,DL86AB9610,DRV957
TRP001235,,mandi016,WH-North,22.8,1252.5,RJ77CD2108,DRV964
TRP006509,,MANDI-052,Export-Terminal,10.6,604.6,PB49BC3293,DRV548
TRP003916,2026-04-23,MANDI-003,WH-West,10.3,595.9,DL34CD3322,DRV717
TRP000447,,mandi_039,WH-West,16.0,676.8,UP81CD5324,DRV756
TRP000845,,mandi036,Export-Terminal,17.9,952.6,HR36CD3009,DRV964
TRP008079,,MANDI-007,WH-East,14.0,785.0,UP22AB1883,DRV630
TRP008591,2026-02-07,MANDI055,WH-Central,14.7,738.097937113834,,DRV361
TRP005901,,038,WH-West,6.5,335.3,HR52AB5839,DRV610
TRP002441,,mandi005,WH-Central,2.9,165.3,HR77CD1184,DRV596
TRP003104,,mandi007,WH-Central,13.3,749.8,RJ69BC9193,DRV432
TRP009102,,MANDI025,WH-South,15.2,757.2,UP84CD8238,DRV660
TRP007403,2026-05-20,MANDI017,WH-West,15.1,867.5,HR51DF3012,DRV864
TRP008080,,mandi056,WH-Central,15.4,913.3,,DRV795
TRP001295,,MANDI054,WH-West,,825.0,DL75BC6472,DRV378
TRP005983,,MANDI-036,WH-North,18.2,883.6975301822181,DL71AB3028,DRV821
TRP005519,,mandi030,WH-North,19.6,866.8,UP31BC7674,DRV308
TRP009380,,MANDI020,WH-North,16.8,831.6,UP95CD4864,DRV191
TRP005068,,mandi032,WH-West,17.7,998.0,PB85DF6542,DRV136
TRP003443,,MANDI022,WH-South,2.8,138.599612632404,,DRV772
TRP008786,,M028,WH-South,3.9,186.799477920152,UP11DF9076,DRV743
TRP007915,,040,WH-East,7.5,431.1,,DRV616
TRP008675,,mandi_015,WH-East,5.9,262.2,HR72DF8894,DRV289
TRP007279,,025,WH-North,23.8,1367.8,UP19DF5533,
TRP000777,,MANDI014,WH-South,15.2,654.2,RJ14AB4725,DRV577
TRP006844,,MANDI-015,Export-Terminal,14.1,610.298294296942,DL96AB4280,DRV619
TRP002154,2026-08-01,MANDI-016,WH-North,20.2,835.6,UP64DF3273,
TRP004921,,MANDI-009,WH-Central,11.0,639.6,DL69BC3501,DRV846
TRP005858,2026-05-14,MANDI039,WH-North,,968.0,UP36AB1455,DRV687
TRP009871,,mandi_027,Export-Terminal,4.3,242.1,UP58AB1162,DRV637
TRP009806,,MANDI046,Export-Terminal,15.3,775.597832306584,HR14BC8849,DRV400
TRP007653,,MANDI-041,WH-West,21.8,1187.7,,DRV649
TRP009372,,mandi_016,WH-Central,20.5,1211.7,UP51BC1972,DRV180
TRP007515,,MANDI-005,WH-West,,1099.2,,DRV460
TRP003184,,MANDI028,Export-Terminal,3.2,148.2,PB85AB3392,DRV812
TRP007404,,MANDI002,WH-West,13.7,752.1,DL42BC6075,DRV211
TRP003200,,mandi031,WH-North,23.6,1181.0,DL85AB1447,
TRP007648,2026-07-28,mandi_017,Export-Terminal,9.8,394.3,,DRV784
TRP001290,,MANDI050,WH-South,6.0,320.5,DL36DF6538,DRV918
TRP004582,2026-07-13,MANDI-025,WH-North,13.2,702.3,PB96DF7672,DRV357
TRP006753,,028,WH-West,13.0,628.6,DL47AB8783,DRV147
TRP009296,,MANDI-016,WH-North,7.8,432.9,PB85BC8139,
TRP007783,,MANDI008,WH-South,10.6,591.598346560824,UP27BC2169,
TRP007388,,MANDI031,WH-South,17.3,759.1,DL37AB5123,DRV708
TRP004107,,mandi_015,WH-North,18.6,1010.2,PB54BC9504,DRV543
TRP004127,,mandi_025,Export-Terminal,4.2,187.6,PB67DF8293,DRV948
TRP008545,2026-02-15,MANDI023,Export-Terminal,,120.1,DL65CD2383,DRV245
TRP003967,,mandi_009,WH-Central,13.9,828.9,HR53AB7413,DRV972
TRP001880,,MANDI053,WH-North,,201.5,PB42AB1316,DRV257
TRP008834,,mandi_023,WH-West,23.0,930.6,DL83BC8607,DRV973
TRP008110,2026-03-26,MANDI055,Export-Terminal,17.8,1018.197154273548,PB11AB2036,DRV481
TRP005458,,MANDI044,WH-South,3.0,130.3,,DRV539
TRP001514,2026-08-30,MANDI-043,WH-South,8.9,392.598902737964,PB18BC5124,DRV423
TRP003588,,MANDI057,WH-Central,,1076.296991892182,RJ66AB4471,DRV741
TRP008019,,MANDI014,WH-East,16.1,680.3,DL43CD1584,DRV226
TRP003866,,M023,Export-Terminal,,949.397346559916,HR25DF5243,DRV292
TRP002149,,MANDI047,Export-Terminal,3.7,199.5,,
TRP004132,2026-04-26,mandi_031,WH-West,,1076.3,UP26CD1775,DRV170
TRP001037,,MANDI-007,WH-Central,14.7,731.99795416248,RJ91BC9727,
TRP000637,,mandi_050,WH-West,9.1,483.298649244162,UP97AB4040,DRV585
TRP006014,,MANDI003,WH-North,,359.8,DL15CD2085,DRV998
TRP004135,,MANDI011,WH-Central,10.4,485.3,HR10CD4940,DRV162
TRP007040,,MANDI006,WH-East,16.6,806.0,,DRV346
TRP001084,,MANDI015,WH-South,7.3,311.0,,DRV538
TRP000862,,MANDI013,WH-West,22.2,1177.7,DL74DF6524,
TRP005213,2026-08-21,MANDI034,WH-South,20.9,844.3,RJ33CD5531,DRV944
TRP000904,2026-06-10,MANDI032,Export-Terminal,18.4,928.8,UP94CD8118,
TRP000192,,mandi_056,WH-West,20.4,918.5,,DRV730
TRP000110,,MANDI024,WH-North,10.5,568.198411960548,DL99CD5879,DRV855
TRP004456,,mandi028,WH-South,6.1,360.3,UP24BC5177,DRV119
TRP001943,,MANDI045,Export-Terminal,,763.9,RJ60AB2338,
TRP007804,,MANDI-027,WH-West,3.8,226.2,HR53DF4289,DRV813
TRP004332,,MANDI-020,WH-West,,273.8,DL80DF9559,DRV490
TRP005310,,M007,WH-South,18.9,1004.6,HR13AB8691,DRV931
TRP008883,,MANDI030,WH-North,17.6,997.7,RJ22CD3389,DRV470
TRP002041,,MANDI049,WH-South,,944.4,PB32DF8785,
TRP007976,,MANDI-020,WH-North,19.1,833.297671043162,PB94AB6198,DRV649
TRP008347,,MANDI015,WH-East,20.7,1096.7969345975519,UP46BC1408,DRV676
TRP004879,2026-08-05,MANDI-056,WH-South,13.5,665.9,HR52CD4190,DRV324
TRP004660,,mandi_019,Export-Terminal,2.7,131.09963359385398,PB91CD1000,DRV596
TRP006992,2026-02-20,MANDI047,WH-West,5.3,301.9,DL42AB1232,DRV544
TRP002776,,MANDI004,WH-North,20.5,1125.9,,DRV933
TRP004146,,M022,Export-Terminal,17.3,761.1,RJ14AB2335,DRV259
TRP002324,,MANDI020,WH-Central,10.5,485.4,DL34CD8633,
TRP000763,,mandi_030,Export-Terminal,21.0,1189.5,PB48AB3941,DRV778
TRP002618,2026-06-02,MANDI040,WH-East,2.5,122.6,RJ81BC3956,DRV221
TRP002412,,MANDI049,WH-Central,2.5,115.3,,DRV713
TRP001095,,M023,WH-West,23.1,1008.0,PB79CD9990,DRV404
TRP006730,,MANDI003,WH-North,,236.599338736124,PB79CD6465,DRV217
TRP009588,2026-01-25,mandi_049,Export-Terminal,16.1,648.1,UP21CD1976,DRV391
TRP008099,,MANDI020,WH-East,17.4,866.5,,DRV297
TRP003136,,mandi_026,WH-Central,5.2,272.8,PB67CD7462,DRV771
TRP006203,2026-04-28,MANDI-021,WH-North,,897.3,DL60AB9900,
TRP005041,,MANDI-012,WH-Central,10.2,604.6,HR44DF2050,DRV514
TRP005429,,MANDI052,Export-Terminal,11.0,620.99826439194,PB24DF3509,DRV723
TRP003806,,MANDI056,WH-East,9.2,548.0,DL58CD5365,DRV510
TRP000885,,MANDI025,WH-West,16.8,879.7,UP68BC5391,DRV887
TRP002655,,mandi046,WH-North,20.9,1063.9,UP68AB4454,DRV589
TRP005805,,M007,WH-West,3.8,225.9,,DRV678
TRP007523,,mandi_011,WH-Central,6.7,349.5,DL38CD5618,DRV141
TRP000465,,mandi_007,WH-West,16.7,873.5,RJ78BC9422,DRV953
TRP008907,,mandi_023,WH-West,23.7,954.197333144588,PB63CD5850,DRV639
TRP008237,,MANDI-030,WH-Central,3.5,205.2,,DRV991
TRP006197,,M038,WH-South,5.4,268.49924958009,RJ32CD7791,DRV705
TRP007629,,M051,WH-West,18.3,1037.5,PB68DF1222,DRV929
TRP005193,,M019,WH-Central,,95.1,UP29BC7227,DRV546
TRP008986,,MANDI053,WH-Central,17.3,794.197780322188,HR44AB8489,DRV596
TRP002928,,MANDI018,WH-South,7.2,307.5,RJ73AB7277,
TRP005301,,MANDI006,WH-South,17.6,905.0,UP68CD7959,DRV286
TRP002203,,MANDI037,WH-North,8.1,479.9,DL47CD2395,DRV610
TRP006655,,MANDI-010,WH-North,,1020.697147286398,RJ88BC4756,DRV164
TRP009479,,mandi_042,WH-East,22.9,1142.8,RJ38DF6092,DRV809
TRP001263,,MANDI008,WH-North,22.0,1255.0,UP61DF9293,DRV456
TRP005840,2026-03-21,MANDI-031,WH-East,13.5,719.297989657202,PB28DF9215,DRV320
TRP000976,,MANDI001,WH-West,6.3,340.2,PB92AB6002,DRV962
TRP006999,2026-03-21,mandi_020,WH-West,,943.2,RJ89BC7159,DRV102
TRP004926,,MANDI003,WH-Central,,175.2,HR11BC7764,DRV482
TRP000942,,MANDI-009,WH-West,20.4,1058.6,RJ41CD7239,DRV307
TRP005264,,015,WH-North,20.0,1098.696929287318,,
TRP004724,,MANDI050,WH-West,,878.99754331806,HR40AB8819,DRV351
TRP002388,2026-02-01,mandi_045,WH-East,10.6,567.0,,DRV400
TRP007641,,MANDI048,Export-Terminal,2.5,138.5,PB54BC5014,DRV133
TRP005022,,MANDI044,WH-North,6.2,255.9,DL70DF8337,DRV951
TRP004392,,M017,WH-West,8.9,438.4,HR30CD6697,DRV439
TRP005149,,mandi050,Export-Terminal,21.8,964.4,RJ91DF6739,DRV700
TRP003222,,mandi020,WH-North,22.6,995.7,HR21CD6318,DRV680
TRP003883,,004,WH-Central,,752.4,HR62DF5926,DRV485
TRP009816,,mandi_047,WH-East,19.2,1095.3,PB10BC9592,DRV413
TRP007225,,008,WH-West,4.3,179.6,HR26DF9974,DRV443
TRP009076,,MANDI040,WH-North,9.8,548.0,DL54AB2726,
TRP002790,,002,WH-North,,1110.7,,DRV498
TRP000945,,MANDI031,WH-East,5.8,234.4,,DRV572
TRP009267,,023,Export-Terminal,4.3,253.099292620934,HR80DF8869,DRV208
TRP001858,,mandi022,WH-East,2.1,94.1,UP38BC6177,DRV392
TRP009018,,MANDI-050,WH-North,19.1,986.297243429582,PB22DF9031,
TRP004109,,mandi015,Export-Terminal,23.4,1015.5,HR61CD3933,DRV756
TRP005214,,MANDI030,WH-West,17.4,991.6,DL26BC2887,DRV482
TRP008853,,MANDI027,WH-East,5.8,243.5,RJ58DF6451,DRV216
TRP003256,,mandi_013,WH-Central,,613.2,UP26DF5617,
TRP002691,,mandi051,WH-West,2.0,88.0,HR74DF3505,DRV642
TRP009932,,MANDI-016,WH-South,9.2,394.7,,DRV287
TRP007408,,mandi_027,WH-Central,21.7,1095.1,RJ75AB4133,DRV632
TRP001320,,003,WH-West,7.9,403.5,PB97AB5057,DRV467
TRP007602,,MANDI036,Export-Terminal,2.2,105.2,UP32AB3318,DRV915
TRP005854,2026-02-16,mandi_051,WH-North,20.7,1126.9,UP38CD5638,DRV530
TRP005163,,MANDI037,WH-East,,496.1,RJ18DF5586,DRV475
TRP009429,,MANDI028,Export-Terminal,2.8,117.49967160395,PB91AB2951,DRV734
TRP009980,,MANDI024,WH-East,20.0,1149.2,,DRV891
TRP006495,,MANDI038,WH-West,4.1,219.89938541028602,HR79DF4377,DRV510
TRP008585,,MANDI004,WH-South,,300.9,UP63BC7668,DRV343
TRP003476,,mandi_009,WH-West,9.4,552.9,RJ39DF9603,DRV414
TRP003506,,mandi053,WH-North,10.6,471.19868306196804,PB19CD8742,DRV982
TRP004750,,MANDI-019,WH-West,,504.6,RJ77DF4843,DRV421
TRP002478,,M021,WH-North,3.5,168.6,RJ10DF5040,DRV588
TRP005988,,MANDI028,WH-South,14.0,771.5,RJ78BC8509,
TRP009048,2026-04-04,mandi034,WH-West,8.7,474.6,,DRV306
TRP007991,2026-06-30,mandi_044,WH-Central,3.7,179.2,DL42DF9596,DRV841
TRP004502,,MANDI026,WH-North,,1332.2,UP35DF7865,DRV404
TRP005842,,MANDI043,WH-South,18.5,981.9,,
TRP004322,,M042,WH-East,,553.298453603962,UP88DF2430,DRV866
TRP007662,,mandi055,WH-North,23.6,983.4,UP69CD9676,
TRP001875,,mandi020,WH-East,15.0,789.4,RJ21BC1147,DRV628
TRP008856,,mandi006,WH-Central,23.3,1272.5,UP53AB1609,DRV236
TRP005762,,033,WH-South,10.6,471.1,DL20CD7848,DRV145
TRP009583,,mandi_010,WH-East,8.9,436.598779764124,RJ38CD9199,DRV707
TRP005097,2026-01-12,mandi_006,WH-Central,8.2,411.0,,DRV114
TRP002905,,mandi_020,Export-Terminal,,799.7,HR90BC7320,DRV262
TRP000571,,MANDI019,Export-Terminal,15.9,825.7,PB48AB3640,DRV974
TRP001449,,MANDI-048,WH-South,9.2,455.4,PB42AB9123,DRV721
TRP006501,,MANDI-014,WH-West,10.6,495.6,,DRV449
TRP006812,,MANDI-016,WH-West,18.2,1038.4,,DRV759
TRP006926,2026-04-10,MANDI030,WH-North,20.6,1046.0,DL45DF9043,
TRP008956,,mandi_006,WH-North,24.0,1026.6,PB96AB8319,DRV146
TRP007123,,MANDI048,WH-South,21.2,1262.7,PB25BC1407,DRV866
TRP007088,,MANDI046,WH-North,23.0,1289.8,PB60CD4022,DRV993
TRP003227,,044,WH-North,,557.4,DL22CD5001,DRV713
TRP000511,,mandi032,WH-East,9.3,489.5,,DRV816
TRP003979,,mandi_046,WH-North,11.9,607.5,RJ21BC9420,DRV989
TRP004384,,mandi_003,WH-North,15.0,643.5,RJ13BC4538,DRV347
TRP008256,,MANDI019,WH-South,11.2,581.1,PB27DF8584,DRV805
TRP003540,,M052,WH-South,11.8,524.6,DL72BC5113,DRV822
TRP007472,,MANDI043,Export-Terminal,14.4,636.2,UP56CD8299,DRV539
TRP007493,,MANDI037,WH-South,19.2,912.4,RJ25AB7917,DRV938
TRP005682,,mandi012,WH-Central,20.8,1023.2,UP24DF6403,DRV606
TRP002828,,MANDI018,WH-East,,270.9,DL60DF9090,DRV709
TRP009643,,MANDI018,WH-Central,21.1,1165.096743708614,RJ29AB3627,
TRP004997,,M023,Export-Terminal,,1424.096019839874,PB98CD7144,DRV423
TRP001339,,MANDI032,WH-North,21.3,1261.9,PB33CD8599,DRV993
TRP003263,,M039,WH-East,,840.2,RJ51BC5735,
TRP005203,,mandi022,WH-Central,3.7,165.0,DL13AB9916,DRV161
TRP005911,,mandi_026,WH-North,3.6,202.1,UP45DF5081,DRV918
TRP000651,,mandi035,WH-North,10.1,494.3,HR32DF4639,DRV607
TRP002903,,MANDI-028,WH-North,11.3,623.398257684276,UP75CD4411,DRV687
TRP002259,,mandi_015,WH-North,12.3,725.4,HR77AB1709,DRV233
TRP005396,,MANDI-052,Export-Terminal,16.1,846.0,RJ68DF8271,DRV878
TRP008050,,035,Export-Terminal,14.5,592.9,RJ42DF8078,DRV667
TRP003522,,MANDI-041,WH-West,20.9,989.6,,DRV282
TRP002731,,MANDI049,WH-South,19.6,801.3,,DRV846
TRP005999,,MANDI-040,WH-South,14.2,599.098325599374,RJ50DF5543,DRV516
TRP004479,2026-08-26,MANDI-029,Export-Terminal,7.6,357.8,PB88DF8546,DRV700
TRP005661,,MANDI013,WH-South,15.6,765.5,RJ55CD4894,DRV523
TRP001597,,M044,WH-South,14.8,836.8,,DRV367
TRP007693,,mandi023,Export-Terminal,19.2,932.9,RJ47CD7882,
TRP002585,,MANDI-015,WH-Central,4.3,232.7,HR11AB9908,DRV845
TRP005941,,MANDI001,WH-West,22.4,1273.3,UP54BC7134,DRV633
TRP003197,,mandi027,WH-West,13.4,562.9,,DRV129
TRP006692,2026-05-03,mandi_047,WH-South,20.3,1197.7,,DRV492
TRP005328,,MANDI045,WH-Central,10.3,540.5,RJ52BC6759,DRV410
TRP008272,,057,WH-Central,11.9,601.6,DL70DF7051,DRV840
TRP007947,,MANDI008,WH-West,8.1,464.1,RJ27AB7478,DRV826
TRP001259,,mandi_025,WH-North,22.7,1064.4,UP78CD3209,DRV603
TRP005770,,mandi_046,WH-Central,2.6,137.8,UP38CD1573,DRV246
TRP000992,,mandi_050,WH-South,16.4,931.2,DL83AB1537,
TRP003505,,MANDI048,WH-North,20.1,1052.9,DL81AB7311,DRV255
TRP000114,,MANDI-034,WH-North,14.3,575.8,UP20CD6762,DRV931
TRP000920,2026-02-20,MANDI040,WH-South,10.8,630.9,DL24DF8124,DRV256
TRP002510,,MANDI-025,WH-North,20.0,987.4,HR71AB8215,DRV526
TRP009779,,MANDI004,WH-Central,10.4,466.3,RJ98AB5782,DRV495
TRP000166,,021,WH-South,15.9,816.6,PB13DF8303,DRV534
TRP006459,,MANDI008,Export-Terminal,15.8,676.0,,DRV367
TRP006968,,MANDI034,WH-East,23.1,995.7,,DRV810
TRP004604,,MANDI002,WH-West,7.4,386.1,UP86BC8784,DRV697
TRP000950,,mandi051,WH-East,17.6,870.0,HR37DF7021,DRV981
TRP004595,,MANDI044,Export-Terminal,,738.8,RJ84BC7987,DRV721
TRP006245,,mandi019,WH-East,,870.5,PB81BC5063,DRV471
TRP003771,,MANDI-003,WH-Central,14.9,723.797977080332,PB80AB4506,DRV363
TRP002507,,MANDI-036,WH-East,17.3,980.1,DL66AB9845,DRV238
TRP005108,,MANDI-051,WH-North,,1282.0,HR24AB2157,DRV454
TRP002851,,MANDI023,WH-Central,7.6,338.99905254246,RJ30AB5674,DRV986
TRP007078,,MANDI039,Export-Terminal,18.2,900.4974832285701,PB73AB6935,
TRP005860,,MANDI-042,WH-East,15.6,813.6,PB96DF6469,
TRP008093,,MANDI030,Export-Terminal,14.5,849.8,PB86DF6162,DRV385
TRP004447,,mandi_007,WH-South,11.4,591.0983479582541,UP75AB9081,DRV508
TRP004461,2026-04-01,M045,WH-West,5.7,242.3,RJ91AB9016,DRV295
TRP007421,,mandi031,Export-Terminal,17.9,833.6,,DRV117
TRP002506,,MANDI053,WH-Central,10.9,521.3,UP33CD6477,DRV556
TRP001115,,mandi_019,WH-East,7.2,365.5,,DRV663
TRP008732,,mandi_036,WH-West,8.9,446.3,DL68AB5212,DRV308
TRP000299,,MANDI042,WH-Central,15.9,822.5,DL36AB2884,
TRP001676,,MANDI014,WH-West,18.2,764.2,HR31BC4499,DRV389
TRP003348,,M047,WH-Central,,534.8,RJ20BC6780,
TRP002736,,mandi_035,WH-West,5.2,263.8,UP96CD5530,DRV165
TRP005670,,MANDI-022,WH-Central,18.6,970.9,UP94CD3345,
TRP008333,,M025,WH-North,7.5,443.7,,DRV307
TRP004989,,MANDI022,WH-West,8.1,324.7,HR15CD5841,
TRP004626,,MANDI016,Export-Terminal,11.7,474.0,UP58AB1829,DRV996
TRP006348,,MANDI050,WH-Central,12.3,718.8,UP56AB6350,DRV406
TRP004326,,MANDI-052,WH-Central,7.5,385.9,HR37DF5363,DRV562
TRP009431,,M028,WH-North,,302.4,PB24BC6708,DRV940
TRP008263,,MANDI050,WH-West,4.1,190.9,,
TRP004551,2026-01-13,MANDI022,WH-Central,18.3,925.7,UP48DF8798,DRV238
TRP008385,,M016,WH-North,23.3,1098.5,DL63DF4793,DRV742
TRP008342,,MANDI001,Export-Terminal,23.8,1196.1,,DRV878
TRP002104,,MANDI026,WH-West,23.1,1148.8,PB95DF3707,DRV432
TRP005337,2026-04-12,MANDI030,WH-Central,7.8,438.99877305646004,HR73AB6624,DRV764
TRP006344,2026-07-19,MANDI050,WH-Central,6.1,300.6,,DRV459
TRP007373,,050,Export-Terminal,19.2,856.197607040868,PB64BC3072,DRV876
TRP008607,2026-06-19,mandi033,WH-West,18.8,929.9974007802001,UP87AB6525,DRV609
TRP001838,2026-02-27,MANDI027,WH-East,15.0,719.2,UP13BC8573,DRV272
TRP008373,2026-06-24,MANDI005,WH-Central,23.5,1143.8,DL46AB1702,
TRP008652,,M040,Export-Terminal,16.7,754.4,HR83DF1720,DRV159
TRP009832,,MANDI046,Export-Terminal,,313.9,PB53DF9931,DRV450
TRP005711,,MANDI-003,WH-North,13.6,752.5,UP15CD3951,DRV849
TRP000608,,mandi003,WH-Central,17.4,723.7,HR75BC2169,DRV293
TRP006577,,MANDI017,WH-West,9.7,426.0,PB75BC3842,DRV495
TRP001094,,MANDI-004,WH-Central,4.8,221.79938010005202,DL39AB4427,DRV120
TRP009573,2026-07-10,MANDI010,WH-North,7.6,343.7,RJ55BC8449,DRV168
TRP006903,2026-08-21,MANDI049,Export-Terminal,18.6,976.6,DL85BC8975,DRV990
TRP009326,,mandi_055,Export-Terminal,16.3,682.6,HR86DF6799,DRV480
TRP004488,,mandi007,Export-Terminal,,624.8,RJ13BC8548,DRV662
TRP000161,,MANDI004,WH-Central,,524.0,UP53DF2007,DRV190
TRP000204,,MANDI-031,WH-West,15.3,841.3,RJ65BC3872,DRV307
TRP007666,,mandi040,WH-West,14.7,860.7,HR70BC5962,
TRP006426,2026-03-04,mandi004,Export-Terminal,3.6,202.9,DL58DF9056,DRV736
TRP004934,,MANDI-010,WH-Central,,181.3,RJ46BC8871,DRV610
TRP002935,,MANDI033,WH-Central,15.8,929.2,DL40DF3151,DRV208
TRP007966,,MANDI052,WH-East,4.3,227.1,HR70DF1389,DRV313
TRP002436,,MANDI013,WH-South,16.6,700.4,HR92AB7711,DRV479
TRP001231,,MANDI018,Export-Terminal,4.7,250.8,UP80DF1039,DRV790
TRP009024,,MANDI008,Export-Terminal,4.0,199.69944186645802,HR62AB9387,DRV591
TRP003047,2026-06-21,049,WH-North,17.9,947.597351590664,UP69DF6482,DRV450
TRP005706,,mandi045,Export-Terminal,5.1,241.9,HR89CD2222,DRV692
TRP008363,2026-09-04,mandi_050,WH-South,22.8,1107.6,HR86DF6990,DRV997
TRP006290,,MANDI-010,WH-North,16.3,895.3974974823559,,DRV421
TRP009784,,mandi051,WH-East,11.3,627.2,PB10DF4182,DRV183
TRP006988,,MANDI023,WH-East,7.1,365.3,UP75AB6036,DRV407
TRP004252,,M018,WH-North,,174.9,UP14AB8215,DRV736
TRP006087,,mandi038,WH-South,13.3,654.3,HR95AB8660,DRV850
TRP003294,2026-07-31,MANDI-010,WH-North,6.6,296.9,,DRV185
TRP004035,2026-05-11,043,WH-North,22.3,973.8,DL22CD7374,
TRP002726,,MANDI037,WH-West,21.0,1017.6,,DRV464
TRP004291,,032,Export-Terminal,22.0,1120.5,DL42AB4744,DRV221
TRP004335,,MANDI024,WH-North,11.5,615.9,DL22CD2751,DRV429
TRP006465,,MANDI-001,Export-Terminal,17.0,758.697879539718,PB75DF3472,DRV577
TRP003878,,mandi_031,WH-East,23.6,1157.5,RJ95DF5891,DRV743
TRP005928,2026-03-29,MANDI056,Export-Terminal,3.3,147.0,RJ35DF4129,DRV750
TRP006142,,MANDI-034,WH-North,,251.2,,DRV110
TRP004754,,M011,WH-South,13.1,742.6,UP45BC6948,DRV549
TRP004887,,MANDI053,WH-North,,747.8,HR69DF5305,DRV969
TRP000858,,MANDI045,WH-Central,17.4,932.7,DL90DF4040,DRV250
TRP009367,2026-03-22,MANDI030,WH-West,5.3,241.8,DL34DF4703,DRV725
TRP008709,,MANDI028,WH-Central,15.1,643.7,,DRV801
TRP002562,,mandi_006,WH-Central,20.1,825.0,UP19DF2347,DRV534
TRP003802,,M033,WH-East,9.3,515.198560088128,DL27AB6730,
TRP002641,2026-05-04,mandi053,Export-Terminal,7.2,353.7,PB70CD3141,
TRP005456,,M024,Export-Terminal,2.4,109.4,HR69DF5908,DRV701
TRP006108,,mandi033,WH-Central,7.4,362.3,RJ73CD7737,DRV337
TRP004491,,MANDI053,WH-West,4.0,187.3,HR94AB1749,DRV627
TRP002348,,MANDI-037,WH-North,21.4,1013.49716740939,,DRV565
TRP000650,,mandi003,WH-Central,5.0,239.0,DL83AB1726,DRV562
TRP002782,,MANDI-038,WH-South,23.9,1117.0,PB30DF1221,DRV883
TRP009415,,mandi_055,WH-Central,3.0,157.7,PB59CD2999,DRV833
TRP008900,,MANDI020,WH-Central,,921.8,,DRV944
TRP009026,2026-04-24,003,WH-South,,253.49929150299002,UP38BC1705,DRV472
TRP008211,,MANDI-041,Export-Terminal,20.3,1162.8,,DRV919
TRP000616,2026-04-17,MANDI042,WH-Central,17.9,894.7,,
TRP009829,,M051,WH-West,,459.4,RJ35CD9221,
TRP002576,,MANDI033,WH-Central,3.6,182.7,HR13BC3876,
TRP000054,,MANDI055,WH-West,20.5,1073.2,PB53BC2295,DRV354
TRP003341,,mandi057,WH-Central,17.6,750.6,RJ22AB3563,DRV698
TRP007661,,MANDI046,Export-Terminal,11.3,656.2,DL31BC6739,DRV237
TRP001706,,MANDI042,Export-Terminal,23.9,1421.6,UP82BC1359,DRV684
TRP009424,,MANDI045,WH-West,21.3,1056.1,,DRV511
TRP005964,,MANDI007,Export-Terminal,21.7,1103.4,PB31DF9748,DRV179
TRP001494,,MANDI056,WH-South,4.2,191.1,DL83DF5705,DRV479
TRP004956,2026-04-06,MANDI018,Export-Terminal,17.1,748.9,HR14BC4388,DRV204
TRP006146,,MANDI049,WH-South,12.5,732.6,PB64DF6016,DRV904
TRP000804,,030,WH-West,2.7,135.5,,
TRP004954,,051,WH-South,,745.5,RJ70DF9214,DRV993
TRP007553,2026-02-04,MANDI030,WH-South,3.9,209.4,,DRV877
TRP007400,,mandi_024,WH-West,4.4,218.3,PB90CD2884,
TRP000991,,MANDI006,WH-South,13.3,705.0,PB40BC3332,DRV743
TRP002775,,MANDI011,WH-East,23.8,1318.4,UP77BC4530,DRV694
TRP008684,,mandi_023,WH-South,,276.3,UP81DF3567,
TRP008580,2026-01-09,mandi008,Export-Terminal,13.4,562.49842789125,HR20DF5377,DRV926
TRP003514,2026-07-25,mandi_039,WH-North,20.3,924.8,UP76CD6291,DRV366
TRP008324,,MANDI-025,WH-East,3.4,203.599430966504,PB19BC5198,
TRP008735,,MANDI023,WH-East,23.5,1124.2,RJ58CD2592,DRV925
TRP000220,,mandi027,Export-Terminal,14.1,581.3,HR69BC2901,DRV913
TRP009923,,mandi_014,WH-South,5.6,224.3,DL80AB6096,DRV119
TRP001289,,M031,WH-West,,374.9,,
TRP003164,,M048,WH-Central,11.4,664.7,DL18BC6814,DRV450
TRP004679,,MANDI003,Export-Terminal,2.2,113.9,RJ87BC6772,DRV554
TRP002619,2026-03-19,MANDI032,WH-Central,23.6,1130.7,UP18BC7894,DRV145
TRP003613,,MANDI-015,WH-East,20.5,831.0,,DRV446
TRP000044,,MANDI045,WH-South,2.9,135.3,PB17DF1019,DRV549
TRP008340,,MANDI001,WH-North,,139.5,,DRV222
TRP008507,,MANDI043,WH-South,9.2,375.49895053007003,DL78DF5085,
TRP003793,,mandi_024,WH-East,,310.0,RJ49DF6205,DRV872
TRP003572,,mandi_001,WH-South,,1046.8970740610662,UP92DF2356,DRV470
TRP006177,,mandi036,WH-West,4.1,196.7,PB73AB4041,DRV497
TRP001504,,MANDI047,WH-West,8.4,404.0,RJ18DF5391,DRV363
TRP006063,,MANDI050,WH-East,,174.1,UP73DF6972,DRV766
TRP008206,,MANDI038,WH-West,12.7,715.8,RJ87CD6872,DRV891
TRP003440,,MANDI053,WH-North,15.9,894.8,PB87AB4194,DRV424
TRP001893,,mandi_023,WH-West,13.4,744.1,PB98BC4749,DRV141
TRP009697,,mandi031,WH-North,22.3,1134.1,,DRV407
TRP005256,,MANDI034,WH-South,,938.1,PB21BC7801,DRV301
TRP001956,,M045,WH-North,2.1,121.8,PB47AB9356,DRV675
TRP005168,,mandi_017,WH-East,,626.6982484612382,,DRV762
TRP004815,,MANDI029,WH-South,,442.6,HR72CD4490,DRV955
TRP006836,,MANDI034,WH-East,6.8,272.49923840065003,,
TRP001506,,MANDI020,Export-Terminal,15.8,655.6,PB98CD5819,DRV644
TRP000671,,MANDI-053,WH-West,,641.3,HR52DF6124,DRV829
TRP009266,,MANDI040,Export-Terminal,15.6,772.2,HR39DF9505,DRV796
TRP007681,,mandi_040,WH-West,17.4,1016.9,PB15DF6450,DRV524
TRP000898,,MANDI028,WH-Central,14.6,619.1,,DRV213
TRP007094,2026-08-18,MANDI-033,Export-Terminal,19.8,1072.5,DL97AB3931,DRV436
TRP002667,,MANDI048,WH-Central,3.8,159.2,PB18CD9835,DRV883
TRP003194,,MANDI032,Export-Terminal,5.0,274.3,DL13DF6471,DRV233
TRP002891,,MANDI031,Export-Terminal,,595.7,PB56AB3367,DRV419
TRP008167,,M038,WH-West,12.9,719.8,PB23DF2468,
TRP006210,,mandi008,WH-Central,7.8,410.698852150998,PB28DF6109,DRV655
TRP002622,,mandi_016,WH-South,5.7,317.3,UP16AB8621,DRV767
TRP008508,,MANDI-039,WH-Central,,875.8,DL84DF9763,DRV550
TRP006493,,MANDI-056,WH-West,8.5,367.6,DL34CD8891,DRV742
TRP005814,,MANDI-017,WH-Central,17.0,917.0974368338941,PB59CD1409,DRV527
TRP000003,2026-08-12,MANDI033,WH-East,7.6,360.7,HR81DF8884,DRV878
TRP002371,,MANDI011,WH-South,,419.3,DL30BC3900,DRV307
TRP003805,,MANDI015,WH-West,3.8,154.2,PB74BC9857,DRV469
TRP001770,,MANDI002,Export-Terminal,23.7,1191.096671042254,PB78CD4899,DRV648
TRP008844,,M041,WH-West,3.6,207.4,RJ45CD8833,DRV456
TRP006568,,MANDI027,Export-Terminal,18.4,874.6,RJ22DF3983,DRV184
TRP000532,2026-01-15,MANDI-005,WH-West,5.2,222.6,HR53AB3782,DRV171
TRP008970,2026-08-02,MANDI-050,WH-West,,1050.1,RJ42AB7607,
TRP009242,,mandi_029,WH-Central,,804.9,RJ11DF7873,DRV905
TRP008664,,MANDI-041,WH-Central,11.3,497.0,,DRV944
TRP006623,,MANDI037,WH-Central,12.0,483.8,DL53AB8608,DRV983
TRP003121,2026-06-12,MANDI022,WH-South,12.7,669.398129120716,UP85DF1220,
TRP009386,,mandi_003,WH-Central,13.2,683.0980908311341,PB44DF4714,DRV700
TRP000732,2026-07-22,mandi051,WH-South,2.0,92.3,UP32BC9645,DRV410
TRP003407,,M052,Export-Terminal,6.1,257.4,DL53BC3795,DRV706
TRP002340,,MANDI052,WH-West,10.2,491.0,RJ87CD4646,
TRP009550,2026-05-19,MANDI042,WH-Central,15.6,733.2,DL96CD3365,DRV179
TRP007635,,MANDI043,WH-West,12.6,622.098261317594,DL14CD2916,DRV271
TRP002566,,MANDI-044,WH-North,22.6,1139.0,HR55AB4357,DRV837
TRP002582,,M041,WH-East,8.6,382.1,DL11DF5293,DRV970
TRP009306,,MANDI006,WH-West,23.9,1220.3,UP10AB5119,DRV726
TRP007320,,MANDI-050,WH-North,16.0,794.9,RJ16AB1850,DRV817
TRP007617,2026-02-10,MANDI037,Export-Terminal,13.0,735.7,PB77BC3112,DRV714
TRP005984,,MANDI018,WH-West,19.8,931.9,PB67CD3703,DRV611
TRP006516,,mandi_041,WH-South,3.1,158.8,,DRV189
TRP009337,,M050,WH-South,8.9,514.0,RJ15DF8390,DRV100
TRP001256,,001,WH-East,10.8,532.5,RJ37BC7898,DRV976
TRP002105,,mandi039,Export-Terminal,23.2,1365.8,DL29CD5881,DRV630
TRP008128,,039,WH-North,5.1,262.0,RJ50DF9571,DRV174
TRP008077,,MANDI-021,WH-Central,6.3,350.7,PB49AB1159,DRV198
TRP006791,,MANDI030,WH-South,22.1,1249.6,UP72CD5623,DRV610
TRP009517,2026-07-05,mandi_049,Export-Terminal,5.9,352.7,,DRV407
TRP004995,,MANDI042,WH-Central,8.6,480.6,PB59CD1164,DRV410
TRP009331,2026-08-28,MANDI027,Export-Terminal,21.5,1050.5,HR17AB9456,DRV497
TRP000108,,MANDI035,WH-Central,8.8,483.2,RJ26BC7932,DRV885
TRP005058,,MANDI010,WH-Central,6.1,250.6,DL65BC5738,DRV119
TRP007560,2026-06-26,MANDI010,WH-South,13.8,630.698237281798,PB13DF3579,DRV871
TRP004435,,022,WH-North,19.9,1160.2,UP49AB2316,DRV293
TRP003485,,M041,WH-South,,1196.5,RJ49BC8141,DRV496
TRP009872,,MANDI032,Export-Terminal,11.6,665.9,DL24DF9597,DRV199
TRP005319,,MANDI052,WH-South,20.2,906.3,,DRV692
TRP003817,,M023,WH-Central,13.5,730.8,UP76BC9026,DRV585
TRP008049,,mandi_044,WH-East,,994.097221629674,DL21BC2369,DRV265
TRP009262,,MANDI041,WH-Central,11.7,549.8,UP74DF4424,DRV932
TRP002547,,mandi014,WH-West,15.8,727.0,UP82DF8713,
TRP006055,,mandi_036,WH-East,22.0,1185.796685855012,PB64AB6904,DRV565
TRP001622,,MANDI032,WH-South,18.3,788.6,,DRV665
TRP009799,,MANDI-021,WH-Central,,127.8,PB35AB2127,
TRP009027,,MANDI-053,WH-North,16.7,985.9,DL79DF8554,DRV347
TRP006811,,MANDI-002,WH-North,16.0,923.8,RJ97AB7264,
TRP009261,2026-07-04,MANDI-044,Export-Terminal,21.6,1012.3,,
TRP001097,,MANDI021,Export-Terminal,3.4,152.3,PB53BC7024,
TRP006943,,MANDI036,WH-Central,10.7,590.0,RJ58DF8950,DRV433
TRP009860,,mandi_012,WH-West,6.7,390.398908886656,,DRV895
TRP007406,,MANDI018,WH-South,,533.1,HR50CD3764,DRV471
TRP002464,,046,WH-South,10.8,612.0,UP31BC8354,DRV560
TRP007785,,mandi012,WH-East,17.9,1066.8,DL70BC6753,DRV778
TRP001789,,MANDI049,WH-South,22.9,1142.6,UP57CD1916,DRV774
TRP000251,,MANDI037,WH-Central,18.3,979.1,,DRV241
TRP008041,2026-08-15,MANDI-031,WH-West,10.0,462.198708215708,RJ60CD3144,DRV509
TRP006752,2026-03-22,MANDI007,WH-East,,944.5,UP72DF1895,DRV527
TRP008514,,038,WH-Central,,1274.296438509902,,DRV359
TRP000193,,mandi_046,Export-Terminal,,616.99827557138,RJ29CD5067,DRV396
TRP000821,,MANDI016,WH-North,17.9,819.0,HR11CD2908,DRV687
TRP004000,,M014,WH-Central,15.1,712.0,RJ45BC1017,DRV714
TRP008352,,M022,WH-South,21.1,1259.1,DL29CD1946,DRV901
TRP007830,2026-04-21,039,WH-Central,22.2,1316.9,UP36DF6731,
TRP006232,,055,WH-Central,6.4,295.0,,DRV151
TRP004401,,043,WH-Central,13.2,547.2,,DRV755
TRP009912,,016,WH-East,8.7,470.4,,DRV150
TRP005389,,MANDI-046,WH-North,5.6,322.3,HR36AB2881,DRV878
TRP004167,,mandi041,WH-North,20.6,918.8,DL53AB8282,DRV368
TRP004952,,MANDI033,WH-South,2.3,134.3,UP46CD3608,DRV629
TRP002688,2026-03-14,MANDI024,WH-Central,10.4,615.6,DL75DF2102,DRV151
TRP004391,,MANDI-056,WH-South,16.5,743.2979225805619,,DRV342
TRP006391,,M004,WH-East,19.5,801.49775991971,UP63DF6660,DRV814
TRP006519,2026-05-29,mandi_050,WH-East,,630.9,RJ48DF1799,DRV745
TRP004928,,M040,WH-West,9.3,426.3,PB44BC1334,DRV565
TRP007345,,MANDI031,WH-East,3.1,165.4,PB31DF2223,DRV468
TRP005553,,mandi_021,WH-Central,19.8,810.6,,DRV866
TRP002608,2026-08-11,mandi_040,WH-South,6.3,375.49895053007003,,DRV397
TRP009772,,mandi_038,WH-South,9.5,433.49878842819,HR70BC9863,DRV142
TRP000239,,MANDI038,WH-North,,539.2,UP56DF6172,DRV290
TRP004016,2026-07-25,M022,WH-South,11.9,484.0,RJ92DF9305,DRV158
TRP009633,,mandi_011,WH-North,18.1,803.3,DL13CD6265,
TRP002978,,MANDI008,Export-Terminal,21.9,1305.49635131027,,DRV300
TRP008645,,MANDI-043,Export-Terminal,18.9,1128.9,,DRV751
TRP009235,,mandi_033,WH-West,19.3,857.2,HR73BC2425,DRV718
TRP009108,,M032,WH-East,8.5,506.198585241868,PB36DF5505,DRV882
TRP005474,2026-08-08,MANDI041,Export-Terminal,13.1,766.8,,DRV523
TRP000946,,mandi_055,WH-Central,12.3,517.1,PB20DF2444,DRV655
TRP006998,,MANDI029,Export-Terminal,21.7,883.6,,DRV791
TRP008271,,MANDI039,WH-North,3.7,198.4,HR99AB9195,DRV585
TRP005098,2026-07-26,002,WH-South,13.0,573.5,PB65AB3042,DRV817
TRP009820,,MANDI-042,WH-East,3.4,182.3,UP10BC4331,DRV930
TRP006871,,MANDI-051,WH-South,6.9,375.9,DL71BC3009,
TRP003553,,044,Export-Terminal,5.6,317.2,PB93BC1715,DRV351
TRP004852,2026-03-07,mandi_032,WH-North,6.6,390.298909166142,,DRV515
TRP003361,,MANDI006,Export-Terminal,4.8,281.0,DL23CD9479,DRV480
TRP008649,2026-07-27,mandi_022,WH-West,9.6,408.3,RJ69DF9162,DRV394
TRP005629,,MANDI026,WH-Central,20.0,1115.4,UP72DF1440,DRV757
TRP002411,,MANDI042,WH-West,22.2,1119.6,UP27CD5416,
TRP008145,,mandi_046,WH-East,5.6,265.3,UP39AB4413,DRV256
TRP004508,2026-03-23,MANDI051,Export-Terminal,6.5,265.9,PB42CD8040,DRV872
TRP008797,2026-08-17,mandi055,WH-West,13.2,734.5,PB68CD2373,DRV875
TRP003983,,mandi016,WH-West,5.2,245.7,HR28DF6508,DRV295
TRP000147,,M040,WH-East,3.0,159.9,HR28AB1489,DRV960
TRP007251,2026-01-08,M015,WH-Central,2.7,134.1,RJ38AB3748,DRV149
TRP002295,,mandi_021,WH-Central,,619.598268304744,DL35AB4793,
TRP002254,,mandi042,WH-West,19.6,1017.9,UP19DF7460,DRV640
TRP003612,,mandi041,WH-North,21.0,985.8,PB38DF6383,DRV179
TRP005354,,mandi_040,WH-South,18.5,1049.197067632888,RJ69CD3923,DRV635
TRP001737,,MANDI027,WH-East,6.6,377.6,DL80CD9764,
TRP006396,2026-08-16,mandi019,WH-East,9.8,533.698508383218,HR64DF5298,DRV251
TRP008538,,MANDI026,Export-Terminal,20.5,1164.5,PB94AB8896,DRV881
TRP000115,2026-08-30,MANDI010,Export-Terminal,15.9,869.2,HR42DF3377,DRV285
TRP009218,2026-06-19,mandi_006,Export-Terminal,,635.1,DL10CD7972,DRV276
TRP008751,,MANDI005,WH-West,7.0,344.4,,DRV567
TRP009853,,MANDI005,WH-West,5.5,311.799128562652,UP37CD6485,DRV248
TRP000499,,MANDI-016,Export-Terminal,11.4,610.4,DL28AB9826,DRV749
TRP008164,,MANDI036,WH-South,20.7,911.8,RJ45AB8565,DRV553
TRP000721,2026-01-13,MANDI005,WH-West,19.0,1036.5,,DRV471
TRP008013,,mandi_041,Export-Terminal,14.2,594.0983395736741,DL83AB4141,
TRP009201,,mandi041,WH-North,22.4,1328.9,UP56AB6570,DRV853
TRP006248,,MANDI051,Export-Terminal,5.0,227.5,DL33CD6436,DRV276
TRP006681,,MANDI031,Export-Terminal,,1124.2,DL32BC6198,DRV433
TRP003090,,mandi_031,WH-Central,23.4,1324.7,UP56BC5121,DRV245
TRP007863,,MANDI037,WH-North,14.4,677.6,RJ79BC5121,DRV739
TRP007950,,MANDI-037,WH-South,2.4,120.2,HR34BC8833,
TRP009194,2026-05-31,MANDI045,Export-Terminal,19.7,840.9,,DRV390
TRP000597,,mandi_021,WH-South,17.2,888.99751536946,DL87AB9417,DRV813
TRP009456,,M027,WH-Central,18.0,956.7,,DRV152
TRP007170,,M055,Export-Terminal,20.4,1152.2,HR69CD5714,DRV675
TRP007334,,MANDI033,Export-Terminal,11.6,603.7,PB12CD7180,DRV132
TRP005165,,MANDI027,WH-North,10.5,475.7,PB53DF8826,DRV529
TRP009510,,M046,WH-South,5.5,303.5,PB39AB5912,DRV359
TRP001648,2026-08-24,MANDI016,WH-North,23.3,1022.1,RJ57AB5537,DRV117
TRP006682,,mandi005,WH-Central,,851.6,DL44DF4102,DRV241
TRP007540,,MANDI-006,WH-West,17.5,746.8,,DRV477
TRP002701,,MANDI047,Export-Terminal,16.1,948.9,,DRV886
TRP008076,,mandi_053,WH-North,10.9,444.298758243702,RJ23DF1062,DRV667
TRP001701,,mandi009,WH-Central,,142.5,,DRV959
TRP009304,,MANDI019,WH-Central,21.9,911.9,DL72DF3681,
TRP005405,,mandi038,Export-Terminal,22.7,1201.1,RJ90DF2380,
TRP007854,,MANDI016,WH-East,4.0,200.4,HR96DF1321,
TRP008609,,MANDI050,Export-Terminal,22.2,924.9,DL75DF9909,DRV208
TRP002943,,M043,WH-North,,807.6,RJ27BC5163,DRV160
TRP006876,,M041,WH-South,15.1,661.2,,DRV777
TRP000087,2026-01-27,MANDI009,WH-Central,23.0,1140.0,UP49AB3867,
TRP002309,,MANDI018,Export-Terminal,,620.798264950912,DL68CD1796,DRV533
TRP002678,,MANDI049,WH-East,8.0,351.6,HR70AB9500,DRV155
TRP008549,2026-03-23,MANDI038,Export-Terminal,3.4,140.6,,DRV651
TRP009946,,M018,WH-North,,1023.3,RJ79AB7729,
TRP002595,2026-08-22,MANDI010,Export-Terminal,22.9,959.8,DL40BC5979,
TRP007278,,mandi_006,WH-Central,6.2,303.6,RJ25BC4762,DRV981
TRP001030,,MANDI048,WH-North,16.0,727.9,,DRV676
TRP000137,,MANDI-047,WH-Central,9.3,542.7,DL93AB9073,DRV204
TRP008516,,mandi_032,WH-East,5.5,232.6,PB24BC5145,DRV749
TRP006693,,MANDI005,WH-West,23.0,964.5,RJ80CD5972,
TRP002855,,MANDI019,WH-East,14.0,774.5978351014442,,DRV615
TRP004410,2026-03-19,MANDI019,WH-East,3.0,137.0,UP94BC8448,
TRP001201,,MANDI040,Export-Terminal,22.1,1156.3967680238961,HR52DF8944,DRV882
TRP004718,,MANDI040,WH-South,23.9,1409.9,,DRV268
TRP009897,,mandi_019,WH-South,17.4,908.4,DL80AB8005,DRV144
TRP009714,2026-08-12,MANDI048,WH-Central,23.2,1246.5,RJ79CD5752,DRV353
TRP000567,2026-04-25,MANDI004,WH-Central,22.6,980.6,HR94BC2292,
TRP007906,,MANDI024,WH-West,14.7,749.7,UP66CD8265,DRV748
TRP005934,,M001,WH-Central,17.7,929.2,,DRV891
TRP005431,,MANDI018,WH-North,2.4,123.0,DL99BC3447,DRV523
TRP005869,,MANDI041,WH-South,17.0,757.9,PB93BC5957,DRV598
TRP003928,,mandi_010,WH-West,2.8,163.3,UP62AB7159,
TRP006602,,MANDI-020,WH-South,13.8,599.5,HR41BC6382,DRV817
TRP008766,,MANDI-033,WH-South,10.0,435.1,UP65DF5368,
TRP008858,,MANDI016,WH-Central,11.8,626.9,,DRV810
TRP007920,,MANDI-036,WH-Central,9.2,411.9,HR55BC3722,DRV681
TRP008316,,MANDI-038,WH-North,15.0,708.1,,DRV354
TRP007449,,MANDI004,WH-North,20.0,1100.1,RJ98AB1811,
TRP009272,2026-06-22,017,WH-South,14.3,584.7,RJ25CD2315,DRV667
TRP008608,,MANDI043,WH-West,11.6,507.9,HR41DF6981,DRV162
TRP002331,,mandi_024,WH-South,,676.7,DL13BC8055,DRV652
TRP003516,,MANDI013,WH-Central,7.0,339.9,UP46DF2075,DRV938
TRP002188,,M010,Export-Terminal,,690.1,PB31DF4218,
TRP000196,,MANDI-041,WH-East,12.5,594.1,DL43AB7667,DRV174
TRP008406,,MANDI002,WH-North,,789.3,,
TRP006181,,MANDI051,WH-East,7.8,325.6,,DRV537
TRP005060,,MANDI054,Export-Terminal,13.3,625.6,,DRV710
TRP000803,,mandi_040,WH-Central,,731.097956677854,RJ71DF2991,DRV700
TRP005716,,MANDI-030,WH-South,8.3,433.8,PB42DF7426,DRV214
TRP009617,,mandi_057,WH-South,,1087.3,,DRV361
TRP000242,2026-08-22,MANDI035,WH-Central,8.9,395.1,DL79DF2042,DRV782
TRP002069,,mandi036,Export-Terminal,,538.4,HR62AB4714,DRV409
TRP006315,2026-04-05,MANDI-022,WH-East,18.1,822.8,UP51BC2978,DRV756
TRP009095,,MANDI008,WH-East,13.8,601.1,PB77DF4348,DRV871
TRP000645,,MANDI047,Export-Terminal,18.2,882.7,DL49BC5082,DRV118
TRP009748,,MANDI057,WH-Central,4.9,197.899446897206,RJ63BC8672,DRV613
TRP005104,2026-09-02,MANDI057,WH-North,23.1,1232.6,RJ22BC4786,DRV410
TRP005461,2026-07-28,MANDI019,WH-South,,287.3,PB44BC7704,DRV971
TRP001638,,MANDI056,Export-Terminal,6.7,328.1,RJ54AB7914,DRV399
TRP000121,,mandi_002,Export-Terminal,8.8,353.1,DL86DF3217,DRV601
TRP005874,2026-08-07,MANDI-030,WH-South,9.4,476.4,,DRV864
TRP002982,,M032,WH-East,23.4,1387.5,UP46AB7675,DRV878
TRP005070,,MANDI053,WH-West,2.2,97.8,UP41AB6411,DRV225
TRP003075,2026-03-12,037,WH-East,6.9,334.8,,DRV138
TRP009288,,mandi010,WH-East,3.5,196.1,HR76BC9817,DRV703
TRP003279,,mandi_031,WH-West,19.9,1177.0,PB83AB5574,DRV316
TRP002136,,mandi026,WH-East,7.5,304.0,DL37BC4957,DRV808
TRP006922,,MANDI057,WH-Central,15.6,771.8,,DRV834
TRP004971,2026-02-18,mandi_037,WH-North,22.8,1138.5,,DRV752
TRP006757,,M003,WH-North,17.5,1039.5,PB19CD4521,DRV976
TRP000135,,mandi015,WH-West,12.9,626.1982498586681,,DRV954
TRP004352,,MANDI052,WH-East,14.2,817.1,PB17CD1123,DRV572
TRP005325,,MANDI020,WH-South,10.9,538.2,DL51AB6221,DRV758
TRP006591,2026-03-29,MANDI019,WH-East,12.6,586.6,HR30AB5167,DRV165
TRP006715,,MANDI003,WH-South,10.5,432.49879122305,UP77AB9207,DRV766
TRP002560,,MANDI-045,Export-Terminal,8.7,512.298568193222,,DRV924
TRP000063,,mandi_012,WH-West,,143.2,PB14BC7242,DRV407
TRP001359,,MANDI-014,WH-North,13.8,597.2,DL24DF6880,DRV614
TRP007143,,mandi_055,Export-Terminal,17.4,897.1,PB72BC5887,DRV242
TRP007041,,M038,Export-Terminal,17.0,923.2974195057619,PB33DF1803,DRV489
TRP007232,,MANDI038,WH-South,16.5,842.6,,DRV709
TRP002468,,MANDI041,WH-East,8.1,410.4,UP19DF8503,DRV723
TRP000680,,MANDI028,WH-Central,16.1,701.8,RJ32BC5741,DRV105
TRP008075,,MANDI012,WH-East,18.7,885.8,UP74CD9638,DRV944
TRP000742,,MANDI029,WH-North,11.1,483.3,PB60DF6265,DRV215
TRP005308,,MANDI011,WH-South,15.8,854.4,UP68DF4608,DRV541
TRP008276,,M040,WH-Central,22.3,1014.7,RJ78DF3246,DRV492
TRP003642,,MANDI052,WH-North,4.4,234.6,HR35BC6005,DRV324
TRP000445,,MANDI006,WH-East,5.0,264.8,UP60CD2900,
TRP008496,,MANDI037,WH-South,23.2,1173.396720511276,PB36AB3529,DRV907
TRP003259,,MANDI052,Export-Terminal,17.9,943.1973638880481,UP49AB5922,DRV637
TRP004664,,MANDI-039,WH-North,8.9,403.798871435532,RJ97BC6995,DRV180
TRP001874,,mandi053,WH-North,4.3,177.49950391235,DL44CD5195,DRV123
TRP006947,,MANDI038,WH-West,12.8,599.898323363486,,DRV889
TRP002597,,MANDI-045,WH-East,2.0,85.9,PB30DF1044,DRV350
TRP001718,,mandi_026,WH-North,12.2,545.0,,DRV308
TRP002913,2026-09-01,mandi012,WH-North,13.7,563.1,UP66CD4065,DRV100
TRP002844,,MANDI-028,WH-West,,788.5,,
TRP004028,,MANDI-051,WH-West,5.2,260.9,RJ71BC6172,DRV867
TRP005489,,MANDI-032,WH-West,2.0,84.4,,DRV590
TRP008981,,MANDI004,WH-West,16.8,693.0,HR25CD3595,
TRP004486,,mandi050,WH-Central,23.1,1363.6,,DRV835
TRP002557,,M039,WH-South,,522.0,UP30CD9885,DRV971
TRP000490,,MANDI-013,WH-West,10.3,565.7,DL59AB9685,DRV502
TRP000494,,MANDI-007,WH-South,6.7,290.1,DL59AB2582,DRV463
TRP000691,,mandi016,Export-Terminal,3.5,167.8,DL59CD4511,DRV648
TRP009743,,M037,WH-Central,9.2,433.0,UP31BC6134,DRV966
TRP003822,,MANDI010,Export-Terminal,3.5,167.8,UP29AB9215,DRV829
TRP000603,,MANDI043,WH-Central,20.8,926.7,RJ62CD7552,DRV902
TRP001912,,005,Export-Terminal,5.3,307.8,,DRV189
TRP001015,,M052,WH-Central,10.5,470.0986861363141,PB63DF5455,DRV235
TRP006909,2026-08-08,MANDI034,WH-Central,6.8,332.4,HR73CD5482,
TRP001994,,MANDI-017,WH-West,12.8,693.2,RJ10CD1747,DRV530
TRP006292,2026-05-06,mandi034,WH-Central,13.6,651.0,UP17AB9846,DRV478
TRP003758,,mandi_049,Export-Terminal,18.8,1053.9,UP76AB8401,DRV983
TRP002367,,MANDI016,Export-Terminal,,866.9,,DRV301
TRP005284,,MANDI054,WH-Central,3.4,150.9,,DRV259
TRP004371,,M056,WH-South,14.8,847.0,RJ15DF7849,
TRP007501,,mandi_022,WH-Central,19.3,1072.9,UP50DF2825,DRV557
TRP007633,,MANDI056,Export-Terminal,21.4,1111.49689351311,HR88AB9809,DRV967
TRP001362,,mandi_043,WH-East,15.1,712.1,,DRV315
TRP006524,2026-03-18,MANDI045,Export-Terminal,9.7,467.0,PB18DF2385,DRV717
TRP001527,2026-07-28,MANDI057,WH-North,11.6,672.2,HR45BC1192,DRV358
TRP001328,,MANDI030,WH-North,4.2,250.9,HR25DF2853,DRV516
TRP007925,,MANDI012,WH-North,10.4,520.5,RJ47DF6743,DRV208
TRP009644,2026-06-18,MANDI050,WH-South,16.3,750.4,HR19BC3655,DRV263
TRP001552,,MANDI046,WH-South,4.7,213.7,DL92DF6099,DRV121
TRP006839,,MANDI001,WH-North,18.3,926.0,RJ80DF1674,DRV572
TRP008179,,MANDI023,WH-Central,,653.898172441046,PB69CD7898,DRV677
TRP001338,,mandi030,WH-West,14.1,690.5,RJ57BC2451,DRV375
TRP003902,,MANDI044,WH-Central,11.5,591.7,RJ91AB5342,DRV224
TRP003011,,M009,WH-Central,21.4,879.1,DL21CD3895,DRV578
TRP005042,,MANDI011,Export-Terminal,5.3,311.6,UP43CD3482,DRV214
TRP009764,,MANDI-024,WH-South,,922.3,RJ76DF8637,DRV571
TRP002251,,MANDI031,WH-North,8.6,372.7,PB66AB7532,DRV935
TRP008962,,mandi010,WH-West,7.6,341.2,,DRV553
TRP005040,,MANDI047,WH-East,7.2,288.5,PB91DF9780,
TRP002347,2026-01-29,MANDI-041,WH-South,6.8,342.899041642506,,DRV516
TRP009653,,MANDI040,WH-South,16.6,836.297662658582,UP32CD9635,DRV453
TRP005486,,MANDI016,WH-West,,605.7983068738121,DL51CD7707,DRV574
TRP009226,,MANDI052,WH-North,2.7,122.2,PB74CD8328,
TRP002785,,M004,Export-Terminal,5.5,274.4,DL26CD7067,DRV492
TRP005695,,MANDI-051,WH-East,9.4,473.4,RJ63AB4002,DRV828
TRP005120,2026-09-07,mandi_001,WH-East,11.2,450.5,DL26AB5784,DRV261
TRP005167,,mandi_045,Export-Terminal,18.6,950.9,PB58AB5380,DRV597
TRP005556,,039,WH-Central,23.8,1053.8,PB76DF4304,
TRP005600,,MANDI028,WH-East,20.9,1216.8,DL52AB2607,
TRP007284,,MANDI020,WH-East,14.6,594.1,PB64CD8052,
TRP000151,,mandi_022,Export-Terminal,18.0,949.7,UP34CD9203,DRV258
TRP002805,,MANDI010,WH-South,13.3,536.99849916018,DL73AB7183,DRV540
TRP006406,,MANDI-024,WH-Central,7.9,396.4,HR47DF2886,DRV181
TRP002087,,008,WH-Central,10.2,559.4,RJ41CD3120,DRV695
TRP003752,,M033,WH-South,3.1,150.1,RJ53CD8826,DRV407
TRP005613,,MANDI-036,WH-West,7.2,421.1,DL99BC5912,DRV798
TRP002260,,MANDI034,Export-Terminal,22.6,1225.3,,DRV645
TRP004018,,M035,WH-North,9.1,440.0,UP68CD2491,
TRP007973,,033,WH-Central,15.3,757.49788289355,,DRV703
TRP006605,,MANDI035,Export-Terminal,8.2,328.7,DL41AB8546,DRV828
TRP002425,,MANDI-022,WH-North,21.3,1246.9,HR59BC8259,DRV629
TRP004139,,mandi_043,WH-West,19.9,872.0,DL99BC8750,DRV530
TRP003857,2026-04-11,mandi_040,WH-West,9.6,490.5,UP73DF4763,DRV470
TRP000860,,MANDI015,WH-North,18.9,804.5977512556441,DL52CD1210,
TRP005368,,mandi025,WH-North,12.1,609.698295973858,PB31DF8292,DRV619
TRP002963,2026-06-01,M033,WH-South,11.5,497.5,DL56BC8247,DRV842
TRP008552,,MANDI012,WH-West,19.9,1189.2,PB26DF3235,DRV808
TRP007964,,MANDI037,WH-Central,14.6,603.5,DL78CD4183,DRV349
TRP008909,,MANDI042,WH-West,14.4,670.0,HR68AB8032,DRV459
TRP004740,,MANDI021,WH-North,11.9,552.8,DL89BC3586,DRV555
TRP008940,2026-08-29,MANDI019,Export-Terminal,14.1,620.8,,DRV388
TRP004463,,MANDI054,WH-West,19.0,1138.6,DL91AB2852,
TRP005529,,mandi_027,Export-Terminal,,152.1,DL88DF4787,DRV946
TRP001365,,M016,Export-Terminal,23.9,1118.2,RJ44BC1991,DRV107
TRP001780,,MANDI037,WH-East,10.2,438.7,DL75BC8044,
TRP007458,2026-05-17,mandi_047,WH-North,5.5,298.7,HR66BC4432,DRV684
TRP004786,,MANDI051,WH-East,4.9,202.49943404085002,RJ83DF2771,DRV742
TRP008327,,MANDI045,WH-South,15.4,696.8,DL68CD3376,
TRP001819,,MANDI022,WH-West,16.8,775.8,DL41BC9397,DRV477
TRP000370,2026-03-30,MANDI013,WH-North,13.1,707.6,HR34CD6752,
TRP004938,2026-04-21,MANDI030,WH-East,5.6,283.7,UP25DF8895,DRV966
TRP002705,,MANDI048,WH-West,5.8,306.3,PB78DF1394,DRV390
TRP005286,,008,WH-East,,471.6,RJ25AB8013,
TRP000176,,MANDI004,WH-South,,740.0,HR59CD2242,DRV216
TRP008138,2026-08-02,MANDI029,WH-East,,311.2,UP48AB8659,DRV447
TRP002094,,MANDI-026,WH-North,22.9,1149.7,RJ87BC6308,DRV360
TRP008840,,mandi_030,Export-Terminal,8.7,416.8,RJ27BC1589,DRV527
TRP003492,,MANDI032,Export-Terminal,8.0,327.5,PB23AB9948,
TRP001921,,MANDI-057,Export-Terminal,15.5,697.5,HR11DF6983,
TRP000083,,MANDI046,WH-East,2.7,125.1,,DRV152
TRP000817,,M044,WH-North,11.0,481.6,DL46AB3890,DRV584
TRP008948,,MANDI006,WH-West,,788.6977956939181,RJ95AB3545,DRV179
TRP009718,,MANDI024,WH-West,22.1,1220.4,PB54DF5140,DRV191
TRP004397,,MANDI039,WH-East,9.3,556.1984454988681,UP66CD2128,DRV516
TRP009049,,MANDI020,WH-South,18.9,855.7,UP59AB9404,DRV441
TRP005569,,MANDI057,WH-Central,12.8,634.8,RJ87AB8865,DRV953
TRP000284,,MANDI052,WH-East,,754.4,RJ42AB2660,DRV202
TRP009803,2026-03-21,MANDI-052,WH-Central,2.0,86.5,DL34DF3497,DRV444
TRP004121,,053,WH-Central,7.6,346.1,DL99AB3478,DRV103
TRP008137,,051,WH-West,3.4,165.7,UP45BC9766,DRV205
TRP000610,2026-05-05,MANDI032,WH-West,7.3,292.2,UP23AB5773,DRV643
TRP002916,,mandi005,WH-East,16.9,996.9,PB50CD1633,DRV492
TRP001814,,MANDI057,WH-South,15.7,887.7,UP29BC2722,DRV145
TRP001272,2026-01-28,MANDI023,WH-West,12.4,539.6,RJ39AB3071,DRV690
TRP004948,2026-02-28,MANDI007,Export-Terminal,21.5,988.5,UP28CD5855,DRV169
TRP009982,,MANDI-003,WH-South,3.9,225.79936892061198,PB34BC3012,DRV182
TRP002995,,MANDI057,WH-West,16.1,686.4,RJ86AB9562,DRV559
TRP009857,2026-09-03,M002,Export-Terminal,18.1,783.0,PB73AB3317,
TRP007310,,MANDI045,WH-South,10.2,574.2,RJ79BC7633,DRV690
TRP006105,,mandi_055,WH-West,14.9,634.4,RJ53AB8292,DRV441
TRP008002,,MANDI-023,WH-East,23.7,1419.8,PB38BC5225,DRV644
TRP002643,,MANDI052,WH-South,16.0,800.5,DL75AB9006,DRV512
TRP007149,,mandi019,WH-South,,557.5,UP99BC9247,DRV399
TRP004509,,mandi041,WH-East,3.3,143.49959893758998,HR86BC6374,DRV419
TRP002306,,MANDI032,WH-Central,14.5,811.1,UP81AB9009,DRV198
TRP007096,,MANDI-024,Export-Terminal,15.2,845.3,DL13BC4465,DRV409
TRP006832,,mandi013,WH-South,18.1,817.0,DL80CD9551,DRV247
TRP004196,,mandi017,WH-West,4.0,218.5,RJ25DF1762,
TRP005563,,MANDI-009,WH-South,13.4,786.2,DL41DF9384,DRV468
TRP004841,2026-04-12,MANDI005,WH-South,14.6,657.6,UP40CD7139,DRV271
TRP004656,,MANDI048,WH-East,13.6,563.0,RJ99DF8819,DRV497
TRP008501,,MANDI-048,WH-Central,19.4,860.1,HR74DF7076,DRV115
TRP004169,,mandi_020,WH-Central,7.2,332.2,,DRV331
TRP003850,,056,WH-Central,17.4,995.9,HR20CD3098,
TRP008820,2026-01-11,MANDI-003,WH-South,,257.4,DL95CD6583,DRV520
TRP008736,,mandi032,WH-East,6.8,386.0,PB66BC9160,DRV280
TRP005254,,mandi_029,WH-West,,575.598391278584,RJ39CD5803,DRV522
TRP009955,,MANDI026,WH-North,,348.6,,DRV896
TRP005534,,mandi_054,WH-West,23.4,1325.2,HR10CD5728,DRV778
TRP002415,,mandi_021,WH-East,7.8,402.0,PB65CD7503,DRV464
TRP003555,,MANDI016,Export-Terminal,,632.6982316920781,RJ89BC5291,DRV172
TRP004692,,MANDI020,WH-South,6.8,276.8,RJ76BC9739,DRV849
TRP004499,,mandi_039,Export-Terminal,5.1,249.8,DL97CD9322,DRV547
TRP002196,,mandi037,WH-South,20.3,1201.2,UP24DF7549,DRV328
TRP005046,,MANDI027,WH-North,16.9,828.0,RJ28AB3724,DRV722
TRP002601,,MANDI010,Export-Terminal,7.2,310.599131916484,PB69CD7065,DRV833
TRP006164,,mandi025,WH-South,,635.4,DL47BC3888,DRV785
TRP001519,,mandi_001,WH-East,,323.5,UP29AB7661,DRV749
TRP004765,,mandi040,WH-West,13.5,619.798267745772,HR86AB9199,DRV263
TRP004315,,MANDI024,WH-North,10.7,622.598259920164,DL56BC6560,DRV870
TRP003367,,mandi007,WH-South,12.6,736.1,RJ49CD2674,DRV317
TRP006059,,mandi_049,WH-East,22.3,932.1,,DRV354
TRP006612,,MANDI-041,WH-East,3.7,188.7,DL73DF8166,DRV975
TRP008367,,MANDI047,Export-Terminal,19.1,860.6,PB73BC9960,DRV835
TRP002634,2026-03-16,M002,WH-West,13.4,735.4,DL90CD6664,DRV331
TRP009928,,MANDI-046,WH-West,19.5,912.8,PB49BC6825,DRV262
TRP005634,,MANDI001,Export-Terminal,21.0,1091.4,RJ68AB2737,DRV582
TRP008526,2026-03-27,MANDI008,WH-South,9.4,425.2,UP36BC6352,
TRP005923,2026-06-25,mandi_015,WH-West,23.6,1076.0,PB22BC7396,DRV558
TRP009677,,MANDI007,WH-North,4.9,251.5,RJ58AB1406,DRV915
TRP009144,,MANDI050,Export-Terminal,11.9,563.3,RJ38AB5361,DRV324
TRP002435,,mandi_021,WH-Central,14.7,789.6,DL31AB1499,DRV997
TRP009365,,mandi_043,Export-Terminal,14.7,751.9,,
TRP007370,,mandi_048,WH-Central,19.6,968.8,HR56CD1936,DRV297
TRP007583,2026-06-24,MANDI014,WH-North,16.2,921.6,,
TRP007210,2026-02-11,M038,WH-North,18.5,864.8,UP76AB8613,
TRP006065,,MANDI021,WH-West,2.3,107.6,UP17DF4291,DRV162
TRP004521,2026-02-04,MANDI036,WH-East,12.2,520.9985438779399,RJ81CD1483,DRV554
TRP005588,,MANDI002,Export-Terminal,3.1,133.1,DL83AB7671,DRV506
TRP003546,,mandi_024,Export-Terminal,11.4,624.5,DL45AB1986,DRV484
TRP006503,2026-01-15,MANDI026,WH-East,17.1,984.4,HR53AB4306,DRV927
TRP007932,,MANDI-036,WH-East,,738.5,UP73BC6784,DRV770
TRP009161,,mandi007,WH-East,17.0,821.5,PB41CD8947,DRV933
TRP005532,2026-01-20,mandi_019,WH-East,18.2,1062.9,UP30AB7348,DRV431
TRP005445,,MANDI028,Export-Terminal,,141.599604247824,PB79BC7331,
TRP000518,,MANDI027,WH-Central,20.9,979.4,PB68DF6844,
TRP007690,,mandi006,Export-Terminal,17.8,864.6,DL23BC2376,DRV662
TRP006161,2026-04-15,MANDI029,Export-Terminal,16.6,799.797764670972,DL52AB4871,DRV242
TRP007482,2026-03-26,MANDI-023,WH-East,16.8,954.8,,DRV648
TRP009446,,mandi_027,WH-South,11.3,534.0,HR63BC1683,DRV903
TRP008413,,mandi029,WH-South,22.0,1298.7,DL14CD2223,DRV246
TRP001416,,mandi_049,Export-Terminal,15.6,765.1,HR18BC9765,DRV761
TRP004665,,mandi002,WH-West,4.1,182.399490217536,DL66AB1573,DRV774
TRP004457,,MANDI022,Export-Terminal,6.1,298.9,UP56CD2977,DRV775
TRP002762,2026-04-18,MANDI057,WH-East,12.6,539.0,PB99CD6424,DRV265
TRP005912,,M032,WH-East,3.0,151.5,UP89AB1350,
TRP004856,,mandi052,WH-East,21.8,1031.3,DL99DF9293,DRV374
TRP009217,2026-03-18,MANDI-027,WH-West,22.7,1117.1968775824082,PB32DF1618,DRV747
TRP000128,,057,WH-South,9.1,469.0,,DRV620
TRP003475,2026-05-05,mandi_005,WH-North,3.5,185.7,DL24BC3142,DRV610
TRP008410,,MANDI049,WH-South,13.0,617.9,UP78AB8055,DRV490
TRP004311,,MANDI056,WH-West,6.0,267.0,HR51AB3863,DRV765
TRP002439,,MANDI001,Export-Terminal,,438.898773335946,,
TRP003766,,MANDI021,WH-West,3.3,137.0,DL29DF4111,DRV268
TRP007494,,MANDI035,WH-Central,4.5,251.8,PB41DF1548,DRV115
TRP006429,,mandi_003,WH-West,12.2,540.5,DL35DF7051,DRV865
TRP006915,,MANDI028,WH-North,,529.4,UP32DF8199,DRV730
TRP006473,,MANDI018,WH-Central,2.7,130.599634991284,DL61BC8686,DRV794
TRP000030,2026-04-14,MANDI054,WH-North,9.5,453.7,DL25AB1514,
TRP001474,,MANDI-039,WH-West,9.5,422.8,PB77DF8734,DRV597
TRP004822,,MANDI017,WH-West,8.3,453.6,DL98CD3422,DRV471
TRP007535,,MANDI-005,WH-West,11.8,473.9,HR14BC7058,DRV838
TRP003561,2026-04-15,mandi036,WH-West,14.8,750.8,RJ37AB2663,DRV442
TRP003952,2026-06-15,MANDI-015,WH-Central,,370.6,,DRV182
TRP000050,,MANDI003,WH-North,3.5,206.5,RJ24BC6494,DRV472
TRP005438,,MANDI014,WH-North,13.3,735.6,UP84BC7956,
TRP008337,,MANDI-055,Export-Terminal,6.7,380.8,DL45BC3957,DRV324
TRP000888,,mandi_048,WH-North,23.5,990.3,DL68BC8528,DRV876
TRP006262,,MANDI027,Export-Terminal,4.5,214.9,RJ40AB1415,DRV111
TRP006044,,mandi_013,WH-East,,990.2,,DRV225
TRP002617,,MANDI-039,WH-East,22.2,1319.796311343772,PB48AB5863,DRV913
TRP000517,,mandi_011,Export-Terminal,3.8,205.2,RJ62AB1588,
TRP003169,,M020,WH-Central,9.4,541.6,PB39CD8419,DRV847
TRP002950,,MANDI-055,WH-Central,,239.9993292336,,DRV618
TRP001425,,MANDI004,WH-East,15.9,944.8,UP12BC7123,DRV153
TRP000140,,M003,WH-East,,993.8,DL30DF3873,
TRP001925,,MANDI001,Export-Terminal,6.9,330.9,HR83DF1271,DRV739
TRP002379,,MANDI-022,WH-East,18.0,973.3,PB94BC5931,DRV939
TRP003198,,MANDI012,WH-South,17.6,1039.6,UP30DF2931,
TRP005132,2026-01-16,MANDI005,WH-West,2.6,133.5,PB70BC8639,
TRP000113,,056,WH-North,7.9,454.4,,DRV114
TRP004560,,mandi_050,WH-South,21.9,967.7972951344918,,
TRP004596,,MANDI-026,Export-Terminal,7.2,400.3,UP74AB2927,DRV280
TRP007941,,mandi050,WH-South,,798.5,DL62CD8593,DRV569
TRP003251,,mandi032,WH-South,,645.3,UP88BC5323,DRV817
TRP004691,,M051,WH-Central,22.1,937.8,RJ50AB8909,
TRP008055,,MANDI-051,WH-East,2.3,115.6,UP53AB1326,DRV363
TRP003698,,MANDI042,WH-West,21.4,1023.4,UP95CD7489,DRV454
TRP004547,,MANDI054,WH-Central,22.8,1344.9,RJ57BC9096,DRV599
TRP007431,,mandi_016,WH-South,4.9,236.9,PB98DF9424,DRV915
TRP003278,2026-01-31,MANDI050,WH-North,23.8,1240.4,UP83DF3555,DRV974
TRP006855,2026-06-17,mandi_037,WH-West,20.3,1180.5,RJ30BC9289,DRV187
TRP007190,,MANDI013,Export-Terminal,21.7,1199.7,UP61CD5828,DRV836
TRP004069,,MANDI027,WH-East,,1025.8,DL22BC3353,
TRP004409,,MANDI-026,WH-North,14.8,686.798080490152,RJ29CD6539,DRV396
TRP008665,2026-04-25,MANDI-016,WH-West,,531.5,HR22CD3586,
TRP008934,,MANDI022,WH-Central,14.6,694.1,UP49DF2094,DRV190
TRP008031,,MANDI-001,WH-West,9.1,508.2,RJ64BC7213,DRV157
TRP003223,,MANDI049,WH-North,12.6,666.0,,DRV263
TRP008543,,MANDI-057,WH-South,5.9,333.599067634704,DL20BC9586,
TRP000452,,mandi043,WH-Central,,155.6,UP97CD3519,DRV342
TRP003732,,MANDI015,WH-East,7.6,368.2,DL78DF1671,DRV564
TRP009314,,MANDI-043,Export-Terminal,2.2,113.4,,DRV347
TRP004987,,MANDI023,WH-West,6.1,292.0,PB23BC9383,DRV479
TRP003664,,MANDI036,WH-Central,,215.99939631024,PB11CD8736,DRV278
TRP002764,2026-04-24,MANDI027,WH-South,13.6,568.8,DL47CD6726,DRV460
TRP000659,,MANDI-055,WH-East,18.6,971.8972836755659,DL80AB8249,DRV495
TRP005603,,mandi011,WH-West,12.9,533.7,RJ88DF9085,
TRP001856,,mandi_014,WH-South,12.9,743.2,UP59BC3022,DRV563
TRP004621,2026-06-29,MANDI056,WH-South,15.1,743.2,RJ15DF9118,DRV571
TRP001000,,MANDI-040,WH-West,13.1,577.8,RJ58DF1865,DRV285
TRP000390,2026-03-24,mandi042,WH-West,2.2,128.799640022032,DL49CD4856,
TRP003408,,MANDI-003,WH-South,21.8,1075.99699273064,HR89CD7123,DRV892
TRP001477,2026-06-03,MANDI001,WH-Central,,866.7,DL55CD7619,
TRP002241,,MANDI-030,WH-East,17.8,1002.3,DL46CD2714,DRV711
TRP002387,,mandi_016,WH-Central,14.5,658.2,HR16DF9369,DRV678
TRP009506,,MANDI035,WH-North,4.0,172.399518166136,HR70BC3370,DRV604
TRP000993,,mandi038,WH-South,,423.19881721524797,UP84DF8468,DRV557
TRP004998,,MANDI013,WH-Central,2.4,126.5,RJ14DF8128,DRV438
TRP003923,,mandi_043,WH-West,,740.8,RJ33CD6432,DRV752
TRP002973,2026-05-09,MANDI035,WH-North,8.1,453.5,,
TRP003387,,MANDI-037,WH-South,7.7,459.2,HR72AB2605,DRV876
TRP008270,,MANDI050,WH-South,23.4,1342.0,RJ90AB3749,
TRP009666,2026-05-25,MANDI055,WH-East,8.6,389.7,DL92BC9230,DRV654
TRP007581,,MANDI021,WH-Central,10.9,478.9,UP93AB9789,DRV499
TRP004770,,MANDI044,WH-North,7.3,346.99903018358,HR67CD6549,DRV104
TRP001294,,MANDI012,WH-North,23.0,1273.296441304762,HR61BC9044,DRV755
TRP001825,,MANDI035,Export-Terminal,,927.6,HR84CD5071,DRV495
TRP002874,,MANDI-013,WH-North,9.8,559.7,PB84BC6228,DRV501
TRP004174,,MANDI035,WH-West,21.1,912.8,,DRV387
TRP002536,2026-05-24,MANDI053,WH-West,14.3,802.3,UP33CD9402,DRV104
TRP009499,2026-03-31,M015,Export-Terminal,22.1,948.6,RJ80DF6919,DRV926
TRP001908,,mandi_046,WH-North,12.0,533.0,HR25CD4221,DRV433
TRP000043,,MANDI-012,WH-North,3.2,182.699489379078,PB31AB8688,DRV291
TRP009870,2026-06-19,mandi052,WH-Central,19.9,1099.396927330916,RJ55CD4145,
TRP000369,,MANDI-052,WH-East,20.5,1054.7,UP65AB8828,DRV523
TRP006034,2026-04-29,MANDI036,Export-Terminal,8.8,440.6,PB10AB1065,DRV439
TRP001152,,mandi057,WH-East,18.3,987.8,RJ30DF5961,DRV968
TRP001568,,mandi_047,Export-Terminal,2.4,109.7,DL50BC7597,
TRP009726,,MANDI-029,WH-East,21.2,1120.3,UP28DF4734,DRV337
TRP006445,,MANDI035,WH-North,9.5,392.1,PB89AB9182,DRV170
TRP007101,,mandi_021,WH-North,18.9,1084.5,HR28DF8151,DRV911
TRP008189,,mandi001,WH-North,11.2,671.2,PB21AB9820,DRV353
TRP004161,,MANDI-038,WH-North,5.8,260.6,PB52AB5726,DRV599
TRP004288,,mandi_005,WH-South,3.3,195.2,RJ87AB4044,DRV293
TRP002231,,MANDI038,WH-Central,21.0,886.3,,DRV388
TRP007518,,mandi_014,WH-North,21.4,888.7,,DRV503
TRP000175,,MANDI-031,WH-North,6.2,296.5,HR15BC2514,DRV120
TRP001904,,MANDI-041,WH-West,12.0,692.99806316202,DL83AB3967,
TRP001100,,MANDI036,WH-Central,21.2,1239.4,,DRV261
TRP008482,,MANDI022,Export-Terminal,18.5,1105.1,RJ41BC5862,DRV670
TRP003409,,016,WH-North,5.6,262.9,HR85DF1847,DRV268
TRP001539,,mandi_003,WH-South,4.0,224.2,,DRV227
TRP002293,2026-01-17,MANDI034,WH-North,12.1,572.1,RJ27AB9083,DRV303
TRP009672,,011,WH-West,,110.4,UP46BC5319,DRV407
TRP001364,,M006,WH-Central,22.1,1244.8,HR46AB1131,DRV286
TRP007601,,M032,WH-Central,3.2,136.89961738366603,HR28BC2843,DRV860
TRP007229,,mandi_014,WH-North,22.1,1202.2,PB70BC2731,DRV858
TRP005261,,MANDI051,WH-Central,19.4,1100.6,,DRV467
TRP007608,,MANDI029,WH-South,,944.1,UP59BC9665,
TRP007682,,MANDI008,WH-North,19.7,957.3,,DRV386
TRP000681,2026-04-07,MANDI018,WH-South,5.0,266.4,HR76AB1424,
TRP009689,,MANDI019,WH-West,17.8,928.3,PB56DF1564,DRV587
TRP008255,,mandi_003,WH-Central,2.9,165.2,RJ24CD2148,DRV967
TRP003665,2026-02-19,MANDI046,WH-West,8.2,404.9,HR91BC6358,DRV158
TRP001662,,MANDI029,WH-North,5.8,236.4,HR35AB1827,
TRP000509,,MANDI036,WH-South,17.9,982.3,UP27BC5366,DRV950
TRP000167,,MANDI042,WH-North,12.0,535.5,PB93BC9831,
TRP005498,,MANDI011,WH-South,2.5,139.7,HR47AB1494,
TRP008633,,mandi014,Export-Terminal,21.7,983.0,DL98DF4869,DRV795
TRP001007,,MANDI-009,WH-East,11.4,677.4,UP56CD4860,DRV731
TRP008686,,M014,WH-North,,874.2,UP83AB2952,DRV594
TRP001915,,mandi026,WH-South,11.9,533.1,DL81BC5934,DRV861
TRP003495,,MANDI005,WH-West,9.1,391.7,HR19DF8338,
TRP009897,,mandi_019,WH-South,17.4,908.4,DL80AB8005,DRV144
TRP001513,,mandi029,WH-East,8.4,362.9,DL37DF7706,
TRP007029,,MANDI037,WH-North,13.3,685.3,HR90BC7135,DRV782
TRP004991,,MANDI008,WH-East,,209.0,DL25CD4899,DRV391
TRP002537,,MANDI055,WH-West,16.5,937.0,HR82DF8873,DRV692
TRP001105,,008,WH-West,17.6,755.8,HR50DF2994,
TRP003876,,mandi_027,WH-East,21.9,1036.4,,DRV905
TRP008186,,MANDI-052,WH-South,23.3,1145.3,RJ46BC1853,DRV559
TRP001753,,mandi035,WH-Central,9.8,583.4,,DRV737
TRP005311,2026-05-22,MANDI-011,WH-Central,,229.5,DL98CD6339,DRV943
TRP005953,,mandi009,WH-South,13.7,737.8,PB45CD9189,
TRP007592,2026-05-02,mandi014,WH-South,4.3,197.8,DL87BC9032,DRV603
TRP002917,,mandi_017,Export-Terminal,19.6,944.8973591367859,PB91DF2213,DRV940
TRP008488,,mandi055,WH-West,,713.3,RJ95AB3014,DRV784
TRP005755,,MANDI051,Export-Terminal,19.9,876.6975497462381,PB43CD2852,DRV790
TRP000153,,MANDI045,WH-Central,,197.899446897206,HR42BC8462,DRV177
TRP005231,,mandi044,WH-Central,,650.3,RJ32AB4547,
TRP005680,,M032,WH-South,17.7,849.897624648486,HR22CD5909,DRV211
TRP003908,,mandi_017,WH-East,,315.0,DL49CD1231,DRV300
TRP009502,2026-09-06,mandi_005,Export-Terminal,22.8,1043.8,RJ58DF1652,DRV638
TRP002553,,MANDI007,WH-West,,552.0,,DRV260
TRP002774,,MANDI027,Export-Terminal,14.1,655.0,UP40CD3918,DRV837
TRP009324,,MANDI-014,WH-East,2.0,113.099683901334,,DRV108
TRP003552,,mandi051,WH-North,,222.6,DL63BC4947,DRV457
TRP003723,2026-08-21,MANDI015,WH-Central,,426.1,UP46BC6327,DRV425
TRP007412,,mandi_021,WH-West,16.6,947.4,UP63BC8532,DRV959
TRP000521,2026-04-12,M029,WH-South,9.5,464.6,HR70AB4990,DRV737
TRP008440,,MANDI-001,WH-North,8.0,479.4,,DRV627
TRP009313,,MANDI001,WH-Central,11.9,601.8,PB18CD6554,DRV664
TRP004539,,MANDI-046,WH-Central,4.0,236.4,UP52AB8236,DRV317
TRP006176,,M018,WH-East,18.0,837.5,,DRV420
TRP007390,,MANDI006,WH-North,10.7,611.9,PB63BC5715,DRV313
TRP001823,2026-05-17,MANDI021,WH-Central,21.5,1228.3,DL42BC3531,DRV486
TRP004087,,mandi016,WH-Central,21.2,910.3974555594559,UP31CD4957,DRV108
TRP006700,,MANDI056,WH-East,11.9,656.9,DL79DF9314,DRV833
TRP009093,2026-01-21,MANDI-029,WH-East,19.5,784.7,UP45BC6314,
TRP007975,2026-07-25,MANDI-057,Export-Terminal,9.3,378.8,RJ91AB5916,DRV452
TRP009157,2026-06-21,MANDI033,Export-Terminal,12.7,610.6,DL69BC6548,DRV318
TRP000310,,mandi_047,WH-East,17.3,849.897624648486,PB26CD6924,DRV646
TRP004309,,mandi_051,WH-East,12.4,734.2979477343019,,DRV442
TRP007056,,MANDI008,WH-Central,5.7,301.4,,DRV902
TRP007958,,mandi_054,WH-Central,3.6,204.5,UP10BC2638,DRV509
TRP003600,2026-07-16,M046,WH-East,17.5,764.0,,
TRP003623,,mandi040,WH-East,2.7,153.3,UP65AB6245,DRV347
TRP003812,,M008,Export-Terminal,13.6,686.5980810491241,RJ98CD5946,DRV740
TRP006006,,053,WH-Central,4.6,245.4,RJ76BC8914,
TRP003451,,MANDI-057,WH-South,7.7,373.6,PB52AB9554,DRV191
TRP004592,,MANDI021,WH-East,23.9,1233.6,UP26BC7893,
TRP000206,,MANDI034,WH-East,10.7,602.7,UP93BC6755,DRV635
TRP005742,,MANDI036,WH-East,16.1,883.6,RJ79CD9638,DRV291
TRP001136,,MANDI050,Export-Terminal,10.8,540.3,HR70BC3958,DRV341
TRP009758,2026-06-03,MANDI020,WH-Central,14.6,741.297928170282,DL45AB3277,DRV600
TRP002750,2026-08-23,MANDI-013,Export-Terminal,,619.5,DL37BC4209,DRV643
TRP003614,,M035,Export-Terminal,23.5,1200.1966456090279,PB13BC5684,DRV501
TRP000306,,mandi_013,WH-North,22.2,1331.8,PB75CD6847,DRV299
TRP001850,,mandi_007,WH-West,8.2,446.3,HR11AB1901,DRV971
TRP008746,,MANDI010,WH-West,16.8,867.3,HR48AB7247,DRV411
TRP009432,,MANDI-051,WH-West,22.1,1257.5,,DRV816
TRP001989,,MANDI049,WH-East,22.6,1161.6,,
TRP003241,,MANDI014,WH-Central,,449.098744828374,RJ32BC3642,DRV359
TRP002799,,MANDI010,WH-North,5.1,296.2,HR10AB5971,DRV448
TRP004516,,MANDI-022,Export-Terminal,17.5,800.99776131714,HR31BC3677,DRV862
TRP005631,2026-01-05,MANDI037,WH-Central,16.9,841.5,UP75DF5885,DRV458
TRP008290,,MANDI017,WH-West,11.4,531.5,HR28BC3932,DRV967
TRP003110,,MANDI-041,WH-East,23.1,1153.196776967448,PB62CD3087,DRV275
TRP004940,2026-08-24,M021,WH-Central,13.6,617.1,RJ89DF5409,DRV812
TRP004060,,MANDI-039,WH-East,5.6,311.5,DL25BC1555,DRV475
TRP001988,,mandi031,WH-North,15.3,659.1,UP57AB3154,DRV154
TRP007792,,mandi_004,WH-South,3.1,177.0,UP42CD5419,DRV197
TRP009232,,MANDI-035,WH-East,15.3,626.0,PB49AB4616,DRV126
TRP007213,,MANDI017,WH-Central,19.4,827.0,UP45DF2727,
TRP000384,,M017,WH-East,16.2,886.7975215181518,PB28BC1225,DRV548
TRP005635,2026-08-21,MANDI-029,WH-South,16.4,685.6,HR34CD2732,DRV452
TRP004308,,MANDI043,WH-South,20.4,1036.1,UP97BC4262,DRV222
TRP003389,,mandi050,Export-Terminal,2.3,99.0,PB53BC6294,DRV118
TRP003157,,mandi038,WH-East,2.2,108.1,PB98BC4842,DRV336
TRP006054,,MANDI-045,WH-South,15.8,844.7,DL33BC3093,DRV281
TRP005999,,MANDI-040,WH-South,14.2,599.098325599374,RJ50DF5543,DRV516
TRP002728,2026-01-02,MANDI056,WH-West,9.9,402.89887395090597,RJ54CD4580,DRV161
TRP006910,,MANDI009,WH-East,20.3,1200.99664337314,DL49AB9961,DRV610
TRP007961,,MANDI023,WH-West,,931.7,RJ53AB1086,DRV729
TRP009033,,MANDI021,Export-Terminal,,1025.0,HR34CD8769,
TRP008636,2026-07-01,mandi_010,WH-South,2.4,106.2,RJ43CD1277,DRV519
TRP006583,2026-08-25,M002,Export-Terminal,16.2,822.49770122765,UP86AB6170,DRV138
TRP003833,,MANDI041,WH-East,20.8,1147.7,HR72CD6967,DRV752
TRP009055,,007,Export-Terminal,14.5,771.7,,DRV359
TRP004777,2026-06-07,mandi_042,Export-Terminal,11.1,470.3,,DRV995
TRP004277,2026-05-09,mandi054,WH-East,21.4,916.7,,DRV744
TRP000254,,mandi_006,WH-South,16.7,676.2,DL20BC9862,DRV233
TRP006729,,MANDI007,WH-East,,1351.2962233056821,HR35BC3093,
TRP009976,,MANDI-050,WH-East,,196.5,,DRV150
TRP007931,,MANDI026,WH-North,15.5,668.0,PB68DF3943,DRV176
TRP000279,2026-01-28,MANDI024,WH-South,19.4,1119.2,RJ66AB6471,DRV515
TRP003253,,MANDI051,WH-West,7.6,357.798999999092,RJ21BC5186,
TRP002481,,MANDI027,WH-East,8.2,431.3,PB75CD2271,DRV754
TRP000290,2026-05-07,mandi012,WH-North,4.7,275.1,,
TRP009336,,MANDI-035,Export-Terminal,9.8,520.6,UP36AB5789,DRV567
TRP003076,,mandi_019,Export-Terminal,4.3,231.5,UP37AB9662,DRV203
TRP004074,,MANDI037,WH-Central,9.4,426.898806874266,PB62BC8763,DRV794
TRP002584,,mandi005,WH-South,21.3,884.3,HR44AB6161,DRV742
TRP006984,2026-01-13,MANDI025,WH-South,18.1,1009.5,DL55CD2964,DRV891
TRP006109,,MANDI041,WH-South,4.5,203.0,HR88CD6845,DRV511
TRP005090,,MANDI015,WH-North,14.3,699.598044715944,DL82DF6752,DRV213
TRP006333,,M056,WH-North,12.1,496.2,PB50DF5743,DRV919
TRP009037,,MANDI029,WH-South,20.4,1186.8,UP26DF7633,
TRP007926,2026-08-29,MANDI022,WH-Central,22.5,991.0,PB86CD9100,
TRP002166,,MANDI-011,WH-Central,23.9,1204.096634709074,PB37CD1065,DRV942
TRP008737,,MANDI-034,Export-Terminal,15.2,614.9,HR38CD6454,DRV124
TRP009318,,mandi_006,WH-North,13.1,566.0,DL87DF4698,DRV450
TRP006670,,MANDI001,WH-North,,889.0,PB39CD7113,DRV649
TRP004067,2026-09-09,M054,WH-West,16.5,672.3,RJ69DF3304,DRV484
TRP000271,2026-07-12,mandi_022,WH-East,4.2,235.5,UP74AB1883,DRV696
TRP006010,,MANDI035,WH-South,2.5,135.2,RJ20BC3489,DRV826
TRP004571,2026-01-20,MANDI001,WH-Central,10.4,601.4,UP78AB4298,
TRP003577,,MANDI026,WH-North,,1090.7,DL87CD4655,DRV734
TRP003566,,MANDI-044,Export-Terminal,12.3,568.4,UP30BC1255,DRV252
TRP002972,2026-06-27,mandi_012,Export-Terminal,23.9,1161.1,DL27CD7521,DRV846
TRP006754,,MANDI012,WH-East,16.5,880.2,PB17DF2404,DRV282
TRP009121,,MANDI015,WH-North,11.4,480.1,RJ66DF8622,DRV487
TRP004208,,mandi_007,WH-West,10.6,521.99854108308,HR29BC4331,DRV857
TRP003219,,MANDI046,WH-East,22.5,1210.0,RJ93CD9902,DRV907
TRP001392,,M023,WH-Central,3.9,190.49946757917002,RJ35BC8092,DRV814
TRP003976,,MANDI-021,WH-West,15.4,864.6,UP68DF6043,DRV337
TRP004317,,mandi056,WH-Central,2.5,133.9,UP53BC6951,DRV972
TRP007302,2026-02-17,mandi_044,WH-West,20.7,993.3,UP17AB3673,DRV267
TRP003993,2026-06-29,MANDI-045,WH-West,6.2,358.3,RJ59BC3781,DRV393
TRP008100,,MANDI-050,WH-North,5.9,310.1,DL78BC5320,
TRP000084,,MANDI023,WH-West,,1341.8,HR25BC5574,DRV240
TRP000874,,MANDI-003,WH-East,19.3,1053.1,UP54AB6322,DRV255
TRP009992,2026-07-11,MANDI-021,WH-East,6.6,334.299065678302,,DRV200
TRP008243,,MANDI028,WH-East,17.3,1018.0,UP26AB2455,
TRP004558,,MANDI056,Export-Terminal,19.8,991.197229734768,HR96DF1030,DRV650
TRP004501,2026-07-18,MANDI022,WH-Central,22.3,1022.7971414171919,,DRV371
TRP004648,,mandi042,WH-East,17.0,994.49722051173,PB44CD8592,DRV571
TRP006706,,MANDI-047,WH-West,18.9,837.4,HR96DF2506,DRV442
TRP009070,,MANDI003,WH-Central,21.9,1313.5,HR10AB4786,DRV479
TRP002039,,MANDI012,WH-North,18.4,844.5,UP57CD5383,DRV646
TRP008091,2026-01-31,mandi_010,WH-Central,4.6,206.6,UP33CD2613,
TRP005360,2026-08-10,MANDI037,Export-Terminal,15.7,791.4,,DRV539
TRP007529,,MANDI041,WH-South,18.4,739.6,DL78AB4019,DRV799
TRP002451,2026-01-06,046,WH-Central,7.4,362.0,DL80CD6870,DRV565
TRP003955,,mandi047,WH-South,17.3,903.1,UP72AB7133,DRV759
TRP002330,,MANDI-054,WH-East,20.6,838.8,PB38AB5460,DRV496
TRP009490,,MANDI043,WH-South,9.5,440.1,HR52CD1961,DRV824
TRP006243,2026-06-20,mandi_056,Export-Terminal,17.8,836.99766070218,DL26AB5619,DRV512
TRP007670,,MANDI-002,WH-Central,17.3,800.5,DL71CD2718,DRV280
TRP005043,,MANDI008,Export-Terminal,23.8,1188.696677749918,UP89DF1788,DRV164
TRP009738,,MANDI037,WH-South,16.0,667.4,UP28CD5765,DRV946
TRP004747,,M007,WH-South,22.5,1312.7,,DRV406
TRP009741,,MANDI027,WH-East,19.6,796.697773335038,RJ68BC4468,DRV599
TRP008558,,MANDI045,WH-West,12.7,549.5,UP26CD5208,DRV372
TRP007195,,MANDI034,WH-Central,14.4,845.7,DL67DF6327,DRV285
TRP007948,,MANDI011,WH-South,,1124.0,,DRV538
TRP006935,,MANDI038,Export-Terminal,7.2,354.4,UP50DF6263,DRV854
TRP002402,2026-07-20,mandi_053,WH-North,12.9,710.7,PB19BC9646,
TRP005521,,MANDI-013,WH-East,13.7,791.9,RJ83DF6617,DRV416
TRP001217,,M022,WH-North,4.0,167.0,PB98CD4486,DRV999
TRP009045,,MANDI-050,WH-Central,11.4,518.6,PB20BC3594,DRV741
TRP006021,,mandi_039,WH-Central,19.1,984.1,RJ82AB4514,DRV823
TRP007483,,MANDI-002,WH-South,23.2,1061.9,DL73AB8649,DRV867
TRP001065,2026-02-04,MANDI003,WH-East,17.7,821.2,UP51AB5625,DRV328
TRP003787,2026-04-07,MANDI015,WH-North,5.5,264.099261877474,RJ87BC2920,DRV754
TRP004411,,M016,Export-Terminal,,249.8,,DRV347
TRP007477,,035,Export-Terminal,21.4,858.3,DL30CD8783,DRV215
TRP007372,,mandi002,WH-Central,9.7,498.9,RJ21AB5834,
TRP005524,,MANDI-042,WH-South,5.6,236.2,PB46DF7989,
TRP005997,,MANDI045,WH-South,23.2,1129.3,UP32AB9676,DRV424
TRP009190,,MANDI026,WH-South,6.5,373.598955840304,PB15AB6645,DRV454
TRP005889,,MANDI-027,WH-North,10.5,587.4,HR84AB2850,DRV895
TRP002162,2026-04-02,mandi_042,WH-West,13.2,652.9,DL52DF8170,DRV910
TRP003009,,MANDI033,WH-West,,1365.6961830596981,UP97BC4801,DRV477
TRP009079,,MANDI029,WH-North,9.4,444.99875628729995,HR89DF2652,DRV122
TRP001106,2026-07-17,MANDI-053,WH-East,14.3,665.0,RJ95CD2348,DRV617
TRP007257,,mandi055,WH-South,,226.7,,
TRP000693,,mandi_034,WH-Central,,549.1,RJ43AB1293,DRV428
TRP009073,,MANDI-022,WH-North,9.5,428.7,UP74DF5789,DRV421
TRP004957,,013,WH-East,20.6,1212.2,HR21BC8241,
TRP007196,,MANDI004,WH-East,13.2,715.4,HR95AB5494,DRV539
TRP008817,2026-04-02,MANDI019,WH-Central,5.1,206.6,PB67BC2925,DRV707
TRP004370,2026-09-01,mandi_013,WH-South,17.2,901.597480154224,DL48BC5194,DRV343
TRP002766,,045,WH-South,18.0,961.7,RJ96DF3463,DRV495
TRP003930,,MANDI-043,WH-Central,13.5,639.3,HR54DF1374,DRV815
TRP007949,,MANDI-046,Export-Terminal,14.7,719.7,RJ27CD3043,DRV268
TRP009086,,mandi_048,WH-South,14.0,597.5,HR28AB1026,DRV917
TRP008077,,MANDI-021,WH-Central,6.3,350.7,PB49AB1159,DRV198
TRP006978,,MANDI-045,WH-East,16.7,780.3,RJ18DF8765,DRV108
TRP000629,,MANDI-028,Export-Terminal,,841.6,HR33CD3191,DRV569
TRP002452,,mandi010,Export-Terminal,,606.9,UP55AB7704,
TRP006809,,mandi_020,WH-Central,2.8,136.3,PB62DF4726,DRV299
TRP007174,,mandi040,WH-North,14.4,726.9,DL55DF7014,DRV838
TRP003825,,mandi_024,WH-South,,742.9,DL44AB7596,DRV642
TRP000622,,MANDI-048,WH-West,9.7,552.898454721906,,DRV538
TRP002653,,M050,Export-Terminal,2.4,120.3,DL40DF5636,DRV499
TRP009472,,055,Export-Terminal,19.3,854.3976120716161,HR35DF1488,DRV187
TRP003744,,M021,WH-East,,701.3980396851961,UP65DF8006,DRV843
TRP002177,,mandi029,WH-Central,13.3,723.5,,DRV237
TRP001409,,MANDI053,WH-South,7.9,472.1,,DRV504
TRP009634,,MANDI014,Export-Terminal,14.9,729.2,UP20CD5220,
TRP003319,,MANDI043,WH-Central,14.4,862.6,DL87BC8679,DRV416
TRP006921,,MANDI-024,WH-South,18.2,839.8,RJ44CD2323,
TRP002788,,MANDI015,WH-North,5.3,290.2,DL28BC3828,DRV751
TRP004106,2026-09-09,mandi033,WH-East,18.8,1089.6969544410579,PB65DF1162,DRV460
TRP006936,,mandi028,WH-North,16.0,747.1,,DRV171
TRP001677,,MANDI036,WH-East,10.8,585.5,PB72DF9453,DRV674
TRP003948,,MANDI016,WH-West,6.6,325.3,RJ30CD9423,DRV976
TRP004445,,mandi_053,Export-Terminal,,296.09917244195407,RJ24DF2657,DRV169
TRP002937,,M011,WH-North,14.0,832.8,PB66CD1021,DRV200
TRP007263,,MANDI-015,WH-South,13.3,759.0,PB65AB9123,DRV767
TRP002838,,M037,WH-East,23.0,1052.5,PB77CD6633,DRV955
TRP005723,2026-02-28,MANDI057,WH-North,18.1,888.0,RJ89DF4532,DRV793
TRP008092,,MANDI033,Export-Terminal,2.4,110.3,DL40BC9676,DRV224
TRP002504,,MANDI040,WH-Central,16.7,919.3,UP41BC6210,
TRP008819,,mandi_045,WH-North,19.4,916.0,DL46DF4405,DRV510
TRP002370,,mandi050,WH-East,,598.4,RJ95DF9683,DRV991
TRP004968,,mandi037,WH-South,17.3,738.5,PB29AB8339,DRV721
TRP005884,,M019,WH-Central,,965.7,UP43CD2910,
TRP002218,,MANDI032,WH-Central,,1042.0,DL94BC9829,
TRP005848,2026-05-05,MANDI021,WH-Central,8.3,456.8,PB55AB7134,DRV662
TRP002219,,MANDI-035,WH-Central,9.5,499.4,HR86DF5233,DRV171
TRP003327,,MANDI025,WH-North,,397.2,RJ27DF5808,DRV197
TRP007343,,MANDI-031,WH-Central,10.6,429.2,HR32AB3006,DRV910
TRP003584,2026-04-01,mandi_007,WH-Central,17.8,1002.6,PB85AB4151,DRV109
TRP006502,2026-02-10,MANDI051,WH-East,18.3,1042.6,,DRV610
TRP003620,,MANDI045,WH-North,,749.7,,DRV314
TRP006218,,mandi051,WH-East,14.8,768.4,HR69BC6198,
TRP002469,,M028,Export-Terminal,16.5,709.4,RJ13DF7769,DRV841
TRP007016,,mandi_040,WH-Central,13.5,669.8,DL83CD6748,DRV775
TRP003116,2026-06-19,mandi011,WH-North,3.0,137.9,DL37AB2116,
TRP000086,2026-02-04,MANDI015,WH-East,10.4,543.5,HR24BC5352,DRV582
TRP008805,,MANDI040,Export-Terminal,11.4,576.6,RJ62AB3406,DRV995
TRP005974,,MANDI014,Export-Terminal,11.8,544.2,PB76CD2185,DRV150
TRP002802,,mandi_011,WH-East,22.5,933.797390159732,DL47BC2504,DRV412
TRP003672,2026-04-19,MANDI-050,WH-South,7.5,442.3,HR48BC9101,DRV505
TRP003668,,MANDI024,WH-North,8.2,436.2,,DRV146
TRP007931,,MANDI026,WH-North,15.5,668.0,PB68DF3943,DRV176
TRP005159,,mandi_050,WH-South,15.5,855.0,PB95AB5224,DRV593
TRP005726,,MANDI-056,WH-West,3.4,179.8,,DRV556
TRP004591,,033,WH-West,24.0,1179.49670346263,DL69AB4435,DRV503
TRP002020,,MANDI-045,WH-West,,519.298548629202,UP52DF1214,DRV649
TRP003424,2026-03-07,MANDI030,WH-West,7.3,330.7,HR30AB6308,DRV595
TRP002526,,MANDI044,Export-Terminal,17.4,1009.4,UP86CD1750,DRV673
TRP007955,,MANDI016,WH-Central,20.3,1123.8,HR86AB3354,DRV440
TRP006798,,mandi_014,Export-Terminal,18.2,840.8,PB42DF6757,DRV394
TRP003213,2026-04-22,mandi_056,WH-West,5.9,315.4,RJ24AB7163,DRV227
TRP000520,,MANDI025,WH-Central,10.7,511.4,PB28CD6480,DRV795
TRP005367,,MANDI049,WH-Central,16.4,816.0,HR69CD2744,DRV350
TRP008469,2026-05-04,MANDI-036,WH-East,8.7,383.2,HR76AB6796,
TRP006594,,mandi010,WH-Central,,1410.1,UP67DF9346,DRV949
TRP002896,,M002,WH-Central,2.7,132.599629401564,DL85AB7242,DRV164
TRP000245,,MANDI016,WH-South,5.1,216.3,DL58DF1545,DRV274
TRP005931,2026-02-28,MANDI-041,WH-Central,16.1,898.3,HR91AB3031,
TRP004715,,MANDI025,WH-South,14.0,651.3,HR44BC3131,
TRP009578,,mandi_027,WH-East,10.3,540.898488260226,RJ52AB4435,
TRP003426,,MANDI003,WH-North,14.3,680.3,UP50BC1190,DRV727
TRP007347,,MANDI006,WH-North,,819.9,,DRV393
TRP007551,,mandi036,WH-Central,9.5,436.7,DL82CD8377,DRV791
TRP008569,,MANDI-055,WH-West,21.8,1285.1,PB99DF5174,
TRP007236,,MANDI-008,Export-Terminal,19.6,851.8,UP79AB9227,DRV462
TRP006736,,mandi_036,WH-West,6.9,348.7,PB47AB3514,DRV890
TRP007890,,MANDI055,WH-Central,13.0,601.3,PB36AB4622,DRV425
TRP005510,,MANDI016,WH-West,10.8,577.5,PB99DF8309,DRV905
TRP006298,,MANDI013,WH-South,15.9,719.6,HR31AB2167,DRV596
TRP002002,,MANDI006,WH-East,7.7,389.3,DL14CD4326,DRV856
TRP000886,,mandi_044,Export-Terminal,,1201.4,RJ41AB3023,DRV942
TRP000870,,MANDI-013,WH-West,20.7,1166.2967403547818,UP77DF2874,
TRP006455,,MANDI-040,WH-Central,7.6,327.5,HR19DF1090,DRV346
TRP000972,,MANDI015,Export-Terminal,13.9,727.1,UP63CD9059,DRV850
TRP008422,,MANDI047,WH-East,13.8,731.4,PB83CD7028,DRV350
TRP005721,,MANDI-045,WH-East,11.3,667.4,HR17CD1447,DRV201
TRP000357,,MANDI-004,WH-East,23.2,1102.3,PB87CD4138,DRV187
TRP006691,,MANDI026,WH-West,16.8,947.6,PB92CD8474,DRV616
TRP005452,,MANDI041,WH-North,11.5,492.5,HR70AB1939,
TRP008524,,MANDI002,WH-West,18.4,758.8,PB36DF3070,DRV102
TRP007022,,MANDI001,WH-East,14.6,839.8,DL88BC2258,DRV608
TRP002744,,mandi_004,WH-North,9.7,398.3,UP38AB1618,DRV502
TRP007411,,MANDI032,WH-West,17.7,933.5,,DRV161
TRP001276,,022,WH-East,13.5,781.297816375882,,
TRP001891,2026-05-04,MANDI041,Export-Terminal,15.0,826.4,,DRV503
TRP009035,,M014,WH-West,8.0,430.4,UP71DF8922,DRV126
TRP007815,,MANDI-028,WH-East,22.6,1283.396413076676,,
TRP007164,,MANDI023,WH-South,22.2,1302.3,DL63AB9426,DRV235
TRP009552,,MANDI005,WH-East,,132.199630519508,RJ89BC3952,DRV413
TRP003564,,M041,WH-North,17.8,864.5,PB20DF9272,DRV760
TRP005788,,mandi008,WH-Central,3.3,182.5,DL21CD8458,DRV210
TRP004959,,025,WH-South,4.2,205.0,RJ98DF4792,DRV556
TRP001547,,MANDI-001,WH-West,14.5,762.5,UP49AB2077,DRV787
TRP006194,,MANDI041,WH-West,16.5,887.4,RJ18DF8023,DRV352
TRP002381,,mandi024,WH-South,11.4,581.8,PB63CD6216,DRV236
TRP006475,,mandi005,WH-West,,262.3,RJ71DF6653,
TRP003824,,mandi_011,WH-South,,176.7,DL15CD5157,DRV979
TRP003233,,MANDI039,Export-Terminal,10.0,588.2,,DRV975
TRP008734,,mandi_001,WH-Central,15.2,759.4,HR28AB5003,DRV572
TRP003307,,mandi_022,WH-North,7.4,427.7,,DRV406
TRP000493,,MANDI-057,WH-Central,5.9,248.9,HR12BC4511,DRV972
TRP003500,,MANDI011,WH-Central,8.3,376.398948014696,,DRV122
TRP009196,,mandi_007,Export-Terminal,,945.8,UP22CD2263,DRV100
TRP001117,,mandi042,WH-South,,596.2,DL89AB8977,DRV265
TRP005638,,M036,WH-North,17.7,719.5,,
TRP009127,,mandi048,WH-North,3.3,132.199630519508,DL98AB7292,
TRP006147,,mandi_031,WH-South,,815.9,,DRV776
TRP009191,,MANDI-007,Export-Terminal,4.0,167.399532140436,UP79DF6964,DRV704
TRP009128,,MANDI051,WH-West,,1123.5,UP79AB2203,DRV590
TRP009041,,mandi055,WH-West,20.5,833.8,PB80AB3946,DRV362
TRP008559,,MANDI034,WH-North,21.2,963.6,,DRV633
TRP008958,,MANDI049,WH-Central,,691.8,,DRV153
TRP006590,,MANDI-024,WH-West,19.4,1018.9,PB65BC1836,
TRP009435,,MANDI027,WH-North,22.9,1372.5,,DRV667
TRP003646,,MANDI020,WH-East,8.5,501.1,UP80DF2989,DRV196
TRP002501,,MANDI056,WH-East,2.7,142.5,HR25DF2209,DRV845
TRP005678,,MANDI-053,WH-East,7.7,423.3,DL68DF8835,DRV220
TRP008343,,MANDI038,WH-West,10.0,474.198674677388,RJ36BC7540,DRV350
TRP005242,,mandi032,WH-South,7.2,352.0,DL91AB5860,DRV966
TRP009378,,M052,WH-South,,1209.0,PB34CD2978,DRV660
TRP002784,,MANDI055,WH-North,10.2,566.2,UP99CD3660,DRV757
TRP006159,,MANDI008,WH-West,2.0,100.6,RJ62CD2768,DRV187
TRP003810,,041,WH-North,12.5,548.9,,
TRP007220,,M055,Export-Terminal,,469.2,,
TRP008994,,MANDI-039,WH-West,12.5,539.8,PB22DF9082,DRV523
TRP002994,2026-01-01,MANDI037,Export-Terminal,2.9,129.099639183574,,DRV399
TRP001697,,mandi_040,WH-North,23.8,1088.2,HR55BC4387,DRV591
TRP005686,2026-03-29,MANDI049,WH-Central,12.8,556.2,DL95AB6727,DRV526
TRP007810,,MANDI008,WH-North,10.1,539.6,UP26CD2690,
TRP008560,,mandi002,Export-Terminal,19.6,795.5,HR76CD5401,DRV826
TRP006505,,mandi_045,WH-Central,6.4,270.3,UP76CD1028,DRV479
TRP005940,,MANDI029,WH-North,19.4,992.8,,DRV594
TRP002053,,mandi_038,Export-Terminal,10.8,595.3,PB27AB4872,DRV375
TRP001777,2026-02-14,mandi_027,Export-Terminal,23.1,1103.9,UP81AB2459,DRV853
TRP007718,,MANDI009,WH-South,9.5,453.198733369448,,DRV346
TRP003314,,mandi_022,WH-South,20.4,838.8,PB15DF8709,DRV407
TRP004782,,MANDI023,WH-South,11.1,522.4,PB22DF1151,DRV426
TRP006633,,MANDI-016,WH-East,23.9,1380.0,UP61CD6983,DRV320
TRP007236,,MANDI-008,Export-Terminal,19.6,851.8,UP79AB9227,DRV462
TRP000312,,MANDI042,WH-South,3.4,145.6,PB97CD9995,DRV232
TRP001593,2026-06-02,MANDI-024,Export-Terminal,9.0,489.6,DL80AB8356,
TRP001724,,M026,WH-North,6.8,317.699112072978,HR93DF6610,DRV676
TRP000216,,M028,WH-West,8.9,372.3,UP56BC7370,DRV367
TRP006902,2026-06-08,MANDI-040,WH-North,18.2,908.0,PB14BC2749,DRV433
TRP006708,,MANDI019,WH-Central,23.9,1376.8,,DRV747
TRP008589,,MANDI-030,WH-North,13.0,675.5,UP97CD9695,DRV842
TRP000491,,MANDI-051,WH-South,18.2,904.5974717696441,UP30DF6863,DRV504
TRP009500,2026-04-28,054,WH-West,2.1,106.9,PB65CD9036,DRV555
TRP003484,,mandi_047,WH-Central,18.5,1101.5,DL42CD8322,DRV746
TRP005103,,mandi039,Export-Terminal,4.5,225.3,PB72AB7591,DRV897
TRP005188,,MANDI005,WH-East,7.0,367.4,HR70CD6292,DRV336
TRP003432,,mandi046,WH-Central,10.6,554.6,DL62CD2689,DRV596
TRP006600,,MANDI017,WH-South,13.4,562.9,,DRV557
TRP007073,,MANDI006,WH-North,17.5,806.4,UP65AB1574,DRV760
TRP000461,,MANDI043,Export-Terminal,4.2,230.3,HR82AB9009,DRV968
TRP006411,,mandi_001,WH-Central,,555.9,PB84CD9375,DRV319
TRP006651,,MANDI027,WH-West,20.6,869.7,,
TRP005514,,MANDI044,Export-Terminal,2.7,119.7,UP78DF1046,DRV847
TRP000026,2026-08-04,MANDI012,Export-Terminal,2.4,115.2,RJ53CD4074,DRV711
TRP003513,2026-08-06,MANDI055,WH-Central,8.5,411.0,HR91CD8399,DRV672
TRP002410,,MANDI032,WH-Central,,455.0,UP59DF5762,DRV475
TRP003271,,MANDI-021,WH-East,4.7,267.8,DL68CD3810,
TRP005210,,MANDI006,Export-Terminal,14.9,636.9982196741801,RJ78CD8956,DRV968
TRP009061,2026-01-21,M036,WH-West,18.5,750.0,RJ94AB1486,DRV721
TRP001553,,MANDI023,WH-West,9.1,409.0,PB93BC1850,DRV356
TRP009568,,MANDI018,WH-West,22.1,1232.4,,DRV160
TRP009921,,MANDI-026,WH-North,12.2,590.3,HR81DF4848,DRV143
TRP007624,2026-07-26,MANDI-023,Export-Terminal,2.1,118.7,HR30BC3550,DRV488
TRP003872,,MANDI039,WH-Central,22.1,1273.196441584248,HR14BC5668,DRV954
TRP003403,2026-05-11,MANDI-048,WH-East,19.7,878.8,HR15BC7492,DRV349
TRP004530,,mandi011,WH-North,8.8,514.6,PB89DF9511,DRV909
TRP000980,,mandi_006,WH-North,13.2,713.0,HR79AB4213,DRV197
TRP002656,,mandi_043,WH-West,19.2,1018.0,DL84DF3743,
TRP001848,,mandi_001,WH-North,10.5,449.9,DL25DF4691,DRV631
TRP009160,,MANDI-008,WH-East,16.7,683.9,PB61CD4939,DRV118
TRP008573,,MANDI005,Export-Terminal,19.4,1039.7,UP83AB9185,DRV497
TRP004270,,mandi_028,Export-Terminal,21.3,956.5,UP71CD5894,DRV905
TRP009652,,M029,WH-Central,24.0,1237.7,UP10DF8723,DRV310
TRP005722,,MANDI-054,WH-East,22.2,1319.9,HR42AB1132,DRV807
TRP000516,,M036,WH-North,,558.6,RJ11DF8985,DRV318
TRP007841,,MANDI-040,WH-Central,4.1,199.3,RJ84AB5050,DRV171
TRP004950,,mandi056,WH-East,9.3,493.3,UP90AB5721,DRV432
TRP008631,,MANDI044,WH-North,8.7,487.59863722626403,,DRV227
TRP001103,,mandi004,WH-North,,372.9,HR80BC8215,
TRP003277,,mandi_005,WH-South,12.0,572.4,PB35AB4960,DRV130
TRP008172,,MANDI-004,Export-Terminal,9.4,452.5,,DRV430
TRP007852,,MANDI-036,Export-Terminal,18.4,848.6,PB59DF8045,
TRP008036,,MANDI025,WH-Central,7.9,360.5,RJ10BC3563,
TRP009441,,mandi_010,WH-Central,22.8,982.097255167994,UP73CD8666,
TRP008671,,041,WH-East,8.5,400.698880099598,PB35BC7801,DRV751
TRP003997,,MANDI048,WH-Central,15.4,648.1,HR21BC1340,DRV542
TRP000195,,MANDI007,WH-South,2.5,149.6,PB22AB8871,
TRP004712,2026-05-10,MANDI049,WH-South,7.1,314.3,DL55CD5313,DRV226
TRP000644,,MANDI-026,WH-West,6.7,269.4,RJ18BC2379,DRV683
TRP008724,2026-01-02,MANDI045,WH-North,,602.6,HR84BC4665,DRV834
TRP003286,,mandi_005,WH-West,5.6,291.699184739338,DL18AB3195,DRV783
TRP003117,,mandi_052,WH-East,,1051.6,RJ93CD4706,DRV285
TRP007067,,M021,WH-Central,23.9,989.4,PB53AB7636,DRV288
TRP003576,,MANDI006,Export-Terminal,,341.7,,DRV209
TRP009387,2026-04-02,M020,WH-North,14.0,760.7,HR68BC2132,
TRP004321,,MANDI025,WH-North,8.1,366.7,DL82CD3380,DRV291
TRP002125,2026-09-03,MANDI013,WH-West,,336.4,UP88BC5026,
TRP002208,,MANDI057,Export-Terminal,11.5,649.0,DL95CD5569,DRV229
TRP004553,,mandi_009,WH-Central,20.4,1060.397036330456,DL58BC7904,
TRP007960,,MANDI025,WH-South,12.0,554.6,,
TRP009203,2026-03-17,MANDI024,WH-North,14.6,684.0,RJ23DF2371,DRV993
TRP003719,2026-07-12,MANDI009,WH-South,6.7,356.0,UP70DF3292,DRV183
TRP000973,,mandi019,WH-South,,234.6,UP84DF7652,DRV729
TRP004580,,mandi_043,WH-East,15.0,675.5,,DRV685
TRP006517,,mandi012,WH-West,16.1,883.3,,DRV649
TRP006699,,012,WH-West,,961.7973119036519,UP14BC1373,
TRP000720,,MANDI-003,WH-Central,16.5,938.7,PB82BC4672,DRV357
TRP007109,,mandi045,WH-East,,332.5,HR48DF3088,DRV693
TRP006156,2026-03-06,MANDI012,WH-Central,23.5,1203.3,DL69DF1113,DRV167
TRP009807,,MANDI031,Export-Terminal,10.2,444.3,RJ95AB2754,DRV833
TRP003897,2026-06-14,MANDI056,WH-South,21.1,1062.397030740736,HR36DF2777,
TRP002804,,MANDI-038,WH-South,17.2,752.2,RJ27AB8345,DRV392
TRP002567,,MANDI009,Export-Terminal,,1253.7,DL14CD2022,DRV700
TRP004026,,M019,WH-East,16.6,745.8,UP11CD2134,DRV469
TRP006199,,MANDI007,WH-West,18.6,892.0,HR67BC8244,DRV726
TRP000033,,MANDI044,WH-North,18.0,768.3,PB19AB8250,DRV101
TRP008641,,MANDI016,WH-Central,11.5,490.8,RJ72DF6735,DRV597
TRP009188,,MANDI-044,Export-Terminal,,451.0,PB85BC5318,DRV751
TRP003232,,MANDI035,WH-West,22.4,1248.8,HR69BC9227,DRV280
TRP004064,,MANDI016,WH-Central,10.4,459.2,PB64AB7441,DRV501
TRP009309,,M035,WH-South,12.1,707.5,UP78AB6323,DRV931
TRP005541,2026-03-03,036,Export-Terminal,6.4,260.1,,DRV553
TRP001698,,MANDI015,WH-North,13.6,679.7,UP35CD1524,
TRP002793,,mandi_031,WH-East,5.3,295.5,HR26AB7152,DRV377
TRP002223,,MANDI024,WH-East,8.3,404.4,,DRV207
TRP005819,,MANDI047,WH-West,,487.49863750575,,DRV599
TRP003724,,MANDI044,WH-East,,533.8,RJ34DF2517,DRV399
TRP003765,,MANDI-020,WH-East,2.3,125.3,HR57DF7064,DRV507
TRP003867,,MANDI052,WH-South,,294.3,DL87CD2957,DRV430
TRP008294,,MANDI020,WH-West,22.3,916.2,,DRV645
TRP009010,2026-03-01,MANDI032,WH-Central,12.1,492.0,RJ76BC7305,DRV362
TRP009299,,MANDI035,Export-Terminal,4.4,178.1,HR10BC1864,DRV248
TRP009056,,MANDI-043,WH-West,19.7,1063.49702766639,RJ23CD7025,DRV466
TRP007710,,mandi056,WH-East,2.7,161.899547512166,HR83DF7404,DRV858
TRP003759,,MANDI054,WH-East,23.1,1136.4,RJ62CD2637,DRV401
TRP002832,,mandi010,Export-Terminal,11.7,650.7,DL83AB8083,
TRP003228,,M047,Export-Terminal,4.6,200.7,UP71AB3866,DRV538
TRP004215,,mandi030,WH-West,,200.5,RJ20AB9304,DRV279
TRP003924,2026-02-06,MANDI018,WH-South,14.8,755.7,RJ49BC7542,DRV924
TRP003905,,MANDI053,WH-North,15.7,882.2,,DRV235
TRP002278,,mandi_047,WH-Central,21.8,1092.3,PB84AB5841,DRV309
TRP008924,,MANDI031,WH-Central,12.0,569.1984091656881,PB88DF5820,DRV158
TRP001402,,MANDI-037,WH-Central,7.6,420.49882476137,DL38BC6177,DRV512
TRP000740,2026-02-14,M019,WH-Central,2.0,84.199764672788,UP40AB6017,DRV358
TRP006553,,MANDI013,WH-West,3.2,141.0,PB57AB5087,DRV384
TRP004267,,MANDI007,WH-Central,6.7,368.0,HR61CD9904,DRV514
TRP003835,,mandi_033,Export-Terminal,16.5,769.6,PB49DF4578,DRV224
TRP007998,,MANDI016,WH-Central,2.7,159.7,RJ92BC8829,DRV631
TRP008125,,mandi034,WH-West,15.0,651.6,DL44AB3069,DRV130
TRP003852,2026-08-27,043,WH-Central,22.7,1164.4,,DRV455
TRP008978,2026-01-16,MANDI024,WH-South,8.8,377.2,,DRV480
TRP002662,,MANDI052,WH-Central,,250.4,UP25BC8593,DRV708
TRP008047,2026-05-06,MANDI001,WH-North,14.7,824.6,,DRV550
TRP007462,,MANDI011,Export-Terminal,9.8,438.2,HR98BC1419,DRV513
TRP000675,,MANDI-010,Export-Terminal,22.2,912.697449131278,UP61DF6338,DRV812
TRP007717,,mandi040,WH-Central,22.2,1212.2,DL11AB2030,
TRP006941,,MANDI006,Export-Terminal,13.6,649.7,,DRV901
TRP003842,,mandi_023,WH-South,8.7,419.5,HR33CD3639,
TRP001816,,mandi055,WH-North,12.2,640.3,DL81AB4772,
TRP008669,,039,WH-Central,7.5,329.4,UP26CD7855,DRV279
TRP000081,,015,WH-North,19.1,1128.5,UP45BC4745,DRV525
TRP009572,,mandi_019,WH-East,10.0,558.2,HR82CD3891,DRV585
TRP004654,,mandi031,Export-Terminal,9.2,536.5,,DRV832
TRP007956,,MANDI039,WH-North,12.4,743.0,,DRV991
TRP002101,,MANDI043,Export-Terminal,2.9,160.9,UP54BC5509,DRV981
TRP005164,,MANDI010,WH-East,,661.8,DL72AB6778,DRV648
TRP006709,,MANDI012,WH-West,20.2,1139.0,UP56CD3458,DRV531
TRP001674,,mandi031,Export-Terminal,,197.0,PB95AB8184,DRV668
TRP002102,,mandi_029,WH-Central,,923.1,HR20CD7491,DRV136
TRP004214,2026-04-18,mandi052,Export-Terminal,,481.1,UP91BC7101,DRV517
TRP007579,,MANDI-010,WH-Central,7.8,459.1,UP14CD7574,DRV913
TRP001549,,MANDI009,WH-East,17.0,973.49727920379,,DRV483
TRP007787,,MANDI-013,WH-East,9.2,532.6,UP14DF3164,DRV467
TRP009549,,M049,Export-Terminal,11.3,523.8,DL88AB4306,DRV951
TRP003324,,MANDI023,WH-South,,561.4,PB92BC8620,DRV337
TRP007894,,MANDI010,WH-West,14.0,746.8,DL36AB1075,DRV621
TRP000356,2026-02-25,MANDI028,WH-East,6.2,357.798999999092,HR65CD8401,
TRP005185,,MANDI004,Export-Terminal,9.8,493.1,DL70BC8920,DRV739
TRP001462,2026-04-20,MANDI-007,WH-Central,,554.898449132186,,DRV458
TRP008462,,mandi_019,WH-Central,,166.9,PB70DF3584,DRV677
TRP006632,,MANDI-013,Export-Terminal,19.3,967.0,,DRV519
TRP009759,2026-06-11,M035,WH-South,6.2,254.0,,DRV807
TRP003221,,MANDI039,WH-West,,419.298828115202,HR48AB8086,DRV802
TRP000940,2026-01-02,mandi_048,WH-East,12.9,602.4,RJ56DF6567,DRV593
TRP009527,,mandi012,Export-Terminal,10.0,478.6,UP97AB9253,DRV127
TRP005148,,MANDI028,Export-Terminal,20.7,852.2,,DRV233
TRP006418,,MANDI057,WH-Central,20.2,1069.4,DL16AB6467,DRV772
TRP005924,,MANDI011,WH-South,19.8,901.2,PB26CD1132,DRV370
TRP008362,,MANDI-044,WH-East,17.0,837.3,PB42CD9864,DRV593
TRP001752,,MANDI-052,WH-South,7.8,405.6,HR46AB8796,DRV934
TRP003977,,MANDI013,Export-Terminal,23.9,959.8,DL93DF1284,DRV277
TRP008222,2026-05-22,mandi044,WH-West,4.8,278.1,RJ79AB4431,DRV383
TRP001773,2026-07-03,MANDI025,WH-East,18.5,880.9,DL80CD5225,DRV640
TRP001197,,MANDI021,WH-West,6.3,324.6,HR77BC8986,DRV142
TRP001879,,M023,Export-Terminal,8.4,365.4,,DRV679
TRP002669,,MANDI010,WH-West,,950.4,HR96AB4034,DRV837
TRP003172,,M035,WH-Central,21.2,979.3,,
TRP002017,,mandi009,WH-West,7.3,345.0,PB81CD3881,DRV780
TRP002006,,005,WH-East,10.9,472.79867859019197,UP65BC9274,DRV291
TRP008605,,MANDI032,WH-North,3.6,181.3,RJ93BC6284,DRV821
TRP003894,,MANDI011,WH-West,23.8,1081.6,HR57BC5308,DRV506
TRP008383,2026-02-09,MANDI-030,WH-North,,339.6,UP20AB7687,DRV743
TRP003238,,MANDI-037,WH-Central,15.8,743.4979220215899,PB27DF2915,DRV510
TRP004425,,MANDI037,WH-Central,6.9,375.398950809556,,DRV448
TRP004745,,MANDI029,WH-North,21.7,1288.1,,DRV283
TRP002079,,MANDI-045,WH-North,21.3,1179.8,UP35DF5288,DRV780
TRP005220,2026-04-17,M046,WH-East,7.4,406.898862771466,UP72AB5798,DRV612
TRP000397,2026-08-10,mandi_020,WH-Central,9.4,523.8,UP34DF9880,DRV604
TRP002789,,mandi041,Export-Terminal,2.5,115.1,,DRV827
TRP007773,,MANDI002,WH-Central,16.1,806.9,DL86DF6891,DRV962
TRP008356,,MANDI-037,WH-North,23.2,1026.5,UP39AB8629,
TRP004073,2026-04-24,MANDI-008,WH-West,10.3,587.8,UP10CD2534,DRV500
TRP005575,2026-09-04,MANDI016,WH-West,15.9,642.6,PB66BC5555,
TRP009721,,mandi052,WH-South,8.1,421.1,DL81BC4297,DRV771
TRP009886,,M015,WH-North,10.7,629.9,,DRV341
TRP005356,,MANDI028,WH-East,10.1,413.0,,
TRP008414,,MANDI041,WH-South,12.9,589.1983532684881,DL96BC5727,DRV111
TRP006094,,MANDI-034,WH-West,16.9,808.1977411941481,HR16DF2247,DRV209
TRP007435,,MANDI027,WH-South,5.2,251.6,DL97CD8302,DRV289
TRP001520,,MANDI028,WH-East,19.9,995.5,DL66BC8095,DRV821
TRP008527,,mandi016,Export-Terminal,22.0,1163.0,,DRV812
TRP001379,2026-03-22,MANDI053,WH-South,15.7,915.3,HR13CD4383,DRV494
TRP005673,2026-01-15,MANDI024,Export-Terminal,5.2,232.39935047453602,RJ60BC1832,DRV258
TRP001024,2026-08-05,MANDI004,WH-South,7.1,290.8,RJ22DF1936,DRV998
TRP002588,,MANDI-023,WH-North,12.7,627.2,UP28DF2216,DRV254
TRP009448,,MANDI003,WH-West,18.9,1059.9,,DRV240
TRP005622,2026-03-31,MANDI-039,Export-Terminal,,916.6,HR74DF6450,
TRP008245,,mandi_044,Export-Terminal,2.3,116.4,HR45AB8310,DRV641
TRP005009,,mandi054,WH-North,17.6,769.1,HR60CD2274,DRV833
TRP002858,,MANDI007,WH-South,19.2,1095.396938510356,PB68AB7800,DRV826
TRP008882,,MANDI052,WH-East,7.9,431.1,DL66DF6498,DRV436
TRP005772,,MANDI016,WH-East,10.2,602.5,HR25AB7418,DRV167
TRP005843,,MANDI-023,WH-North,3.7,177.799503073892,HR81CD9107,DRV276
TRP007788,,MANDI043,Export-Terminal,16.9,761.2,PB77DF6980,DRV105
TRP005833,,MANDI-033,WH-South,2.1,108.4,PB28AB4246,DRV692
TRP001630,,MANDI026,WH-Central,10.4,561.5,,DRV782
TRP004889,,mandi043,WH-South,3.6,165.6,,DRV915
TRP004527,,MANDI012,WH-West,8.7,387.9,PB65BC3265,
TRP003524,,MANDI006,WH-South,18.4,890.3,UP46AB4748,DRV412
TRP005905,,MANDI003,WH-South,6.6,387.1,PB83CD1602,DRV724
TRP000523,,mandi_017,WH-West,15.9,887.0975206796941,,DRV724
TRP003608,,mandi_056,WH-West,,99.5,DL21AB5695,DRV298
TRP009794,2026-05-16,MANDI012,WH-South,19.9,1128.0,,DRV800
TRP005221,,MANDI037,WH-North,,458.9,,DRV666
TRP000235,,mandi_057,WH-South,3.8,178.299501676462,,DRV216
TRP003989,2026-03-11,MANDI014,WH-South,,304.2,DL73DF6743,DRV376
TRP003797,,MANDI015,WH-East,10.9,443.5,UP25BC3730,DRV609
TRP004119,,MANDI026,Export-Terminal,10.6,602.2,RJ52DF8564,DRV998
TRP006319,2026-08-04,MANDI-029,Export-Terminal,21.2,1194.6,,DRV830
TRP005002,,MANDI-040,WH-South,,1274.5,RJ18DF7131,DRV918
TRP006776,,M002,WH-West,22.6,924.697415592958,RJ11BC8301,DRV702
TRP003801,,M002,WH-North,13.4,643.9,DL82DF2377,
TRP008201,2026-02-02,M009,WH-South,13.5,673.0,HR87AB1395,DRV830
TRP003900,,MANDI033,WH-North,18.4,1036.3,RJ37CD7751,DRV696
TRP005025,,MANDI036,Export-Terminal,,927.6,UP58BC1940,
TRP001949,,MANDI-055,WH-North,14.9,720.99798490594,PB14BC1757,DRV128
TRP006362,,M033,WH-South,15.4,641.0,HR97DF9099,
TRP000471,,M056,WH-South,4.0,227.1,PB20DF6964,DRV368
TRP002449,2026-04-12,MANDI-002,WH-West,,227.89936305140603,HR73BC7042,DRV862
TRP003493,,MANDI053,WH-Central,14.1,676.3,HR48BC7979,DRV546
TRP006835,2026-07-21,mandi_041,WH-South,10.5,569.798407488772,PB48DF5220,DRV196
TRP006092,,MANDI027,WH-East,11.7,470.298685577342,PB95CD6793,DRV464
TRP002672,,MANDI003,Export-Terminal,,121.0,UP27CD3971,DRV126
TRP002856,,MANDI024,WH-South,11.2,523.5,HR99CD6154,DRV709
TRP002225,2026-01-23,mandi_035,WH-North,22.1,904.3,UP25BC8791,
TRP001107,,mandi_004,WH-West,2.2,131.8,RJ73BC1366,DRV654
TRP002189,,mandi_036,WH-North,17.6,960.8,DL55CD8099,DRV646
TRP000819,,M036,WH-Central,7.5,385.0,,DRV599
TRP006756,,mandi_021,WH-North,17.4,951.9,RJ18BC2938,DRV114
TRP005572,,MANDI037,WH-North,,653.9,DL50BC2453,DRV200
TRP004524,,mandi004,WH-West,22.5,1199.8,UP21DF4412,DRV927
TRP005794,,MANDI-022,WH-South,9.8,409.898854386886,UP54CD1450,DRV126
TRP009755,,MANDI027,WH-North,3.1,147.8,RJ31AB9432,DRV263
TRP009134,,MANDI008,WH-North,17.8,878.597544436004,RJ35BC3117,DRV971
TRP008114,2026-03-02,017,WH-South,12.0,638.4,RJ97BC3390,DRV262
TRP002625,,mandi_027,WH-West,12.6,675.5,HR94DF8071,DRV874
TRP009276,,MANDI032,WH-Central,,898.9,UP47DF7226,DRV386
TRP009766,2026-01-23,mandi019,WH-East,8.9,380.398936835256,HR88BC2618,
TRP008143,,MANDI025,Export-Terminal,,446.5,HR61BC2329,DRV179
TRP009485,,MANDI-030,WH-East,23.9,1316.9,PB65BC3865,DRV661
TRP000889,2026-08-31,MANDI039,Export-Terminal,11.8,514.0,PB12AB7638,DRV575
TRP007376,,mandi_056,Export-Terminal,,802.7,RJ59CD5616,DRV910
TRP002438,2026-01-26,MANDI016,WH-Central,10.7,433.5,HR41BC2425,DRV149
TRP006057,,MANDI036,WH-West,21.0,1068.8,PB98BC7899,DRV667
TRP007691,,M048,WH-Central,,1319.7,PB61CD8171,DRV656
TRP000818,,MANDI045,WH-East,12.7,548.8,,DRV434
TRP009295,,mandi034,WH-North,8.4,410.798851871512,HR92AB5091,DRV568
TRP003415,,M041,WH-East,19.3,890.0,,DRV496
TRP006353,,MANDI051,WH-West,10.6,450.4,UP85AB3837,DRV186
TRP002342,,MANDI028,WH-South,9.3,403.2,RJ56BC1443,DRV641
TRP009393,,M017,Export-Terminal,12.2,634.7,HR30CD7362,DRV236
TRP003168,,MANDI007,WH-North,18.6,755.0,DL67CD6499,
TRP001810,,mandi015,WH-Central,12.9,557.1,HR94AB4379,DRV105
TRP008441,,MANDI012,Export-Terminal,2.1,95.1,HR20CD8545,
TRP001265,,MANDI037,Export-Terminal,5.8,290.5,PB98AB5532,DRV573
TRP005087,,MANDI024,Export-Terminal,12.3,631.5,,DRV988
TRP008109,,MANDI030,WH-North,,185.9,,DRV641
TRP005836,,MANDI018,WH-Central,22.6,1276.2,UP14CD7526,DRV118
TRP007017,,mandi_045,WH-Central,17.1,732.9,RJ95CD7494,DRV318
TRP005195,,mandi009,WH-South,2.8,134.7,HR54DF3173,DRV776
TRP004450,,mandi002,WH-East,13.3,781.1,UP55AB9877,
TRP004946,,MANDI053,WH-South,20.7,846.9,PB17DF7790,DRV717
TRP004046,,mandi_016,WH-South,,1272.896442422706,HR17BC7379,DRV472
TRP009060,2026-08-31,002,WH-North,23.9,1285.5,UP57CD5606,DRV464
TRP003703,2026-04-27,mandi_044,WH-South,6.5,270.9,UP95AB7424,DRV228
TRP001036,,MANDI049,WH-East,9.5,423.1,UP21AB9877,DRV665
TRP009627,2026-02-26,MANDI040,WH-South,14.5,824.3,RJ92CD4851,DRV480
TRP006920,,015,Export-Terminal,9.3,389.9,RJ59CD3257,DRV654
TRP005591,2026-01-14,003,WH-West,10.5,451.3,PB39AB5588,
TRP001229,,mandi_014,WH-South,,274.8,,
TRP007912,,mandi_012,WH-South,8.9,525.6,UP55BC6165,DRV175
TRP007132,,MANDI039,WH-North,,882.1,,DRV615
TRP007426,2026-05-07,MANDI-040,WH-East,9.4,479.3,DL88DF3953,
TRP005142,,mandi_038,WH-North,14.0,833.5,UP27BC5568,DRV961
TRP007417,,MANDI020,WH-South,11.9,681.3,,DRV470
TRP006552,,MANDI-046,WH-West,5.3,271.7,PB37BC7210,DRV108
TRP000053,,MANDI007,Export-Terminal,,1158.7,HR12BC9969,DRV763
TRP009178,,M048,WH-Central,4.2,169.9995248738,UP68DF6649,DRV384
TRP006556,,MANDI042,Export-Terminal,4.9,225.8,,DRV313
TRP008730,2026-06-07,MANDI018,WH-North,5.6,332.8,PB82AB1809,DRV271
TRP000160,,MANDI026,Export-Terminal,7.7,375.0,DL17BC4398,DRV177
TRP008202,,mandi_048,WH-Central,11.6,546.1,UP71CD5301,DRV283
TRP001588,,MANDI019,WH-South,4.8,241.4,UP29DF3223,
TRP001590,2026-03-03,MANDI045,WH-Central,5.6,295.5,UP84BC6572,DRV563
TRP004920,,MANDI057,WH-West,8.5,462.7,RJ61CD1638,DRV517
TRP009702,,MANDI046,WH-South,12.6,603.798312463532,UP50AB9603,DRV581
TRP006688,,MANDI055,WH-North,22.9,1107.7,PB79BC1835,DRV909
TRP007874,,MANDI014,WH-West,21.5,1248.1,HR22DF4193,
TRP007982,,mandi_004,WH-South,21.8,950.8,DL23DF9021,DRV987
TRP006175,,MANDI047,WH-West,23.2,1250.8,,DRV657
TRP008361,,MANDI-007,WH-East,19.0,852.3,,DRV695
TRP009250,,mandi_049,WH-East,2.2,131.399632755396,,DRV865
TRP003859,2026-08-14,mandi007,Export-Terminal,2.2,107.3,RJ12AB8059,DRV242
TRP007908,,MANDI031,WH-South,16.4,837.9,,DRV549
TRP008279,2026-06-08,MANDI015,WH-Central,,823.8,RJ67BC4981,DRV255
TRP002829,,mandi031,WH-East,20.2,970.3,PB80DF3117,
TRP000437,,MANDI039,WH-West,20.6,1161.3,HR10AB1474,
TRP005790,,MANDI038,WH-West,11.8,668.6,,DRV619
TRP009840,,MANDI-008,Export-Terminal,23.8,1305.7,HR19AB3625,DRV493
TRP008512,,MANDI002,WH-Central,13.5,771.7,DL99AB8643,DRV411
TRP003879,,mandi_016,Export-Terminal,,482.1,PB43CD2174,DRV177
TRP001589,,MANDI048,WH-East,7.3,339.399051424516,DL66AB6020,
TRP002781,,MANDI031,WH-West,,204.8,UP48DF5738,DRV206
TRP009344,,MANDI-006,WH-South,18.7,848.9,HR82BC4382,DRV974
TRP008905,,mandi_008,WH-West,18.1,884.3,PB92BC1031,DRV903
TRP005687,,MANDI024,WH-South,9.5,512.3,DL77AB2975,DRV336
TRP003966,,mandi_006,WH-Central,16.8,773.6,UP87DF9489,DRV620
TRP004728,2026-04-30,MANDI-044,WH-North,21.4,1127.4,PB41CD6571,DRV837
TRP000974,2026-04-04,M052,WH-Central,18.0,1079.3,DL99BC9233,DRV179
TRP001239,,MANDI-047,WH-Central,9.0,460.8,UP32AB9053,DRV641
TRP002952,,MANDI041,WH-West,10.7,438.19877529234805,PB95BC2787,DRV838
TRP002343,,mandi_050,WH-East,13.7,606.1,HR27BC4220,
TRP009444,,MANDI017,Export-Terminal,15.4,844.0,,
TRP007954,,mandi040,WH-North,19.4,1106.0,UP20CD7886,DRV102
TRP006047,,039,WH-West,22.7,1195.7,HR18AB2070,DRV273
TRP002159,,MANDI-019,WH-Central,,917.6,DL48CD8596,DRV472
TRP009659,,MANDI053,WH-South,15.6,896.8,UP42AB5257,
TRP009237,,mandi054,WH-North,4.2,182.9,UP71AB8599,
TRP001498,,MANDI026,Export-Terminal,3.3,185.9,PB60BC6385,DRV867
TRP004546,,M021,WH-North,16.7,759.597877024344,HR43CD4026,DRV436
TRP006466,,MANDI018,WH-Central,17.8,912.4,PB42AB2842,DRV428
TRP004258,,MANDI008,WH-East,11.8,639.3,UP76AB9464,DRV325
TRP002423,,M037,WH-North,18.5,846.2,RJ15BC4593,
TRP008910,,MANDI034,WH-North,,409.2,RJ95CD1133,DRV276
TRP008147,,MANDI019,WH-North,16.3,886.8975212386661,HR30BC9997,DRV384
TRP005186,,MANDI010,WH-West,14.7,743.0,RJ50AB4890,DRV760
TRP005648,,MANDI012,WH-West,,486.1,HR75AB4593,DRV307
TRP000358,,MANDI056,Export-Terminal,15.6,640.0,UP18DF5839,DRV579
TRP005243,,MANDI024,WH-South,,743.8,PB81BC1449,DRV533
TRP002131,,M003,WH-East,13.3,717.9,UP43BC1613,DRV590
TRP009611,,MANDI002,Export-Terminal,9.5,382.8,DL84CD6435,DRV232
TRP002093,,mandi_047,WH-North,10.8,609.6,,DRV844
TRP005410,2026-07-30,MANDI052,Export-Terminal,14.3,786.0978029605541,RJ85CD8653,DRV353
TRP002016,,MANDI011,WH-North,7.8,360.8,UP63CD9271,DRV920
TRP009423,,MANDI021,WH-East,,191.3,UP92CD5219,DRV781
TRP004045,2026-08-03,MANDI-042,WH-North,8.9,444.7,RJ34CD6655,DRV106
TRP000188,,MANDI035,WH-West,,857.1,UP82AB4311,
TRP007476,2026-09-01,MANDI003,WH-South,4.7,259.3,DL37CD5836,DRV157
TRP003656,,MANDI019,WH-East,18.8,920.9,RJ97BC6455,DRV431
TRP003427,,mandi_041,WH-South,7.1,385.2,,DRV895
TRP007829,,MANDI037,WH-Central,18.3,812.1,DL53CD6089,DRV178
TRP001382,,mandi_035,WH-West,9.3,423.0,RJ93CD7336,DRV105
TRP008365,,MANDI-057,WH-North,15.5,789.2,DL50BC3986,DRV405
TRP000414,,MANDI023,WH-East,14.4,651.0,RJ85DF9664,DRV534
TRP005038,,MANDI053,WH-Central,17.8,727.6,DL92DF8362,DRV807
TRP004898,,MANDI-026,WH-Central,5.1,255.0,HR87AB3691,
TRP003337,,MANDI-027,Export-Terminal,23.1,1349.5,PB10BC1520,DRV245
TRP003607,,mandi_022,WH-Central,14.4,764.7,PB23CD1477,DRV730
TRP003176,,mandi_011,WH-West,6.6,332.2,UP14BC7401,DRV517
TRP006847,,MANDI-015,WH-West,19.2,916.0,DL49DF7874,
TRP002242,,MANDI029,WH-North,10.2,465.7,,DRV126
TRP009190,,MANDI026,WH-South,6.5,373.598955840304,PB15AB6645,DRV454
TRP008325,2026-03-11,MANDI032,WH-East,,919.5,RJ24DF6703,
TRP000257,,MANDI015,Export-Terminal,3.6,182.5,UP85BC3865,DRV818
TRP007686,,MANDI029,WH-North,9.7,542.8,UP85CD5230,
TRP000201,,M041,WH-East,21.0,903.7,RJ56DF5667,DRV582
TRP002236,,M022,WH-North,22.4,1316.8,UP11BC2937,
TRP004744,2026-08-30,MANDI047,WH-East,14.0,588.6,PB17DF4814,DRV564
TRP001768,,mandi048,Export-Terminal,12.1,593.4,UP52AB2574,DRV732
TRP004237,,mandi020,WH-South,17.2,822.6,UP93BC4918,DRV758
TRP007339,,M054,WH-East,7.2,331.7,RJ10DF8002,DRV773
TRP008785,,MANDI011,WH-East,5.2,254.0,HR40AB9724,DRV948
TRP007802,,024,WH-West,,629.8,DL85CD5807,DRV428
TRP001573,2026-09-03,mandi_032,Export-Terminal,3.2,130.1,RJ49CD4827,DRV500
TRP000025,,MANDI026,WH-Central,2.6,111.29968893208199,DL86BC9195,DRV870
TRP003364,,mandi_053,WH-West,11.1,505.6,HR76DF3911,
TRP001089,,mandi_022,WH-North,,701.0,PB13DF1278,DRV835
TRP004675,,MANDI-005,WH-West,3.2,176.7,UP54DF1370,DRV768
TRP002695,,mandi_011,Export-Terminal,18.5,909.2,,DRV185
TRP008216,,mandi048,WH-Central,10.0,464.3,HR62DF9311,DRV836
TRP003399,,MANDI055,WH-North,15.7,652.2,UP80DF5313,DRV804
TRP003560,,MANDI-019,WH-North,21.8,1162.4,UP61AB6866,
TRP009523,,MANDI-047,WH-South,,1119.0,RJ49BC5105,
TRP002842,,MANDI-050,WH-East,11.1,550.0,DL76CD1886,DRV622
TRP002312,,MANDI008,WH-West,2.5,102.1,HR51BC2110,DRV180
TRP009366,2026-03-07,MANDI005,WH-East,4.9,263.099264672334,,DRV181
TRP003235,,MANDI-052,WH-Central,13.4,777.5,,DRV564
TRP004153,,MANDI026,WH-Central,20.2,1052.8,HR78AB9692,DRV309
TRP001310,,MANDI-018,WH-East,14.2,606.4,UP13CD6480,DRV843
TRP000696,,MANDI045,WH-South,14.9,655.8,RJ29BC8335,DRV875
TRP007272,,MANDI024,WH-North,5.1,301.8,HR25BC7798,
TRP003753,,mandi011,WH-East,5.1,230.89935466682599,HR51BC1464,
TRP006338,,MANDI055,WH-South,14.1,820.0,HR97DF7444,DRV101
TRP001228,,MANDI-044,WH-East,,112.99968418082,PB93CD8736,DRV917
TRP002000,,046,Export-Terminal,21.4,988.9,DL67BC6508,DRV338
TRP000277,,MANDI011,WH-West,6.2,274.4,PB26AB9717,DRV988
TRP007382,,MANDI033,WH-Central,11.8,679.1,,DRV849
TRP007707,,031,WH-Central,,571.0,HR67DF9765,DRV805
TRP005930,,MANDI055,WH-East,16.0,880.8,DL47CD8400,DRV144
TRP002954,,mandi_055,WH-Central,10.5,626.7,HR49AB5563,DRV296
TRP003638,2026-07-24,MANDI021,Export-Terminal,7.8,422.5,DL29AB7641,
TRP003907,,mandi051,WH-North,8.2,468.8,,DRV780
TRP004779,,M001,WH-West,17.9,1045.3,PB67AB3241,DRV626
TRP005846,,mandi_001,Export-Terminal,10.0,493.6,DL95DF9846,DRV324
TRP003306,2026-06-29,MANDI014,WH-North,2.3,112.6,HR66AB5883,DRV676
TRP004118,,MANDI040,WH-North,14.3,728.1,UP74CD8255,DRV317
TRP007654,,mandi_019,Export-Terminal,12.6,595.7,HR18CD6593,DRV472
TRP001138,,MANDI049,WH-West,14.8,771.0,,DRV474
TRP002768,,004,WH-East,18.0,1060.197036889428,PB37DF4586,DRV444
TRP002335,,MANDI012,WH-South,15.2,824.7,PB55DF2344,DRV264
TRP008464,2026-08-16,MANDI023,Export-Terminal,16.6,723.1,PB90CD8290,DRV979
TRP000943,,MANDI019,WH-South,23.3,975.8,HR59BC8273,DRV389
TRP008261,,MANDI026,Export-Terminal,18.5,939.1,RJ61DF3352,DRV848
TRP007364,,mandi_056,WH-West,,205.9,,DRV793
TRP002491,,MANDI-002,WH-North,8.6,346.7,PB81BC1053,DRV121
TRP009754,,MANDI-056,WH-West,20.8,896.6,RJ99CD1117,DRV338
TRP006291,2026-05-13,mandi_038,WH-South,19.7,1069.6,RJ61DF5833,DRV460
TRP004936,,M027,WH-West,2.4,113.9,UP82CD8630,DRV180
TRP003936,2026-08-22,MANDI056,WH-Central,9.6,451.4,HR25BC3258,DRV436
TRP006881,,MANDI029,WH-East,,912.4,HR15BC3455,DRV504
TRP009796,,MANDI026,WH-East,,616.1,UP62AB4082,DRV313
TRP002385,2026-04-11,MANDI-052,WH-North,20.2,1117.9,DL34AB7485,DRV307
TRP007085,,011,WH-South,12.1,562.2,RJ47CD9512,DRV499
TRP000116,,mandi035,WH-West,3.5,191.6,DL20CD9526,DRV756
TRP001864,,mandi_007,WH-North,18.3,761.4,RJ12DF7793,DRV691
TRP007384,2026-06-06,mandi046,WH-West,5.0,280.0,UP41DF4444,DRV590
TRP003120,,MANDI-010,WH-West,20.4,866.1,DL95BC8632,DRV533
TRP004259,,MANDI037,WH-North,10.5,512.3,RJ19AB3195,DRV971
TRP007311,,mandi032,WH-West,22.8,1008.7,RJ85BC4962,DRV333
TRP000903,,MANDI004,Export-Terminal,12.9,697.4,,
TRP002820,,MANDI032,Export-Terminal,15.6,934.2,HR80DF1167,DRV462
TRP003823,,MANDI056,WH-West,21.6,1128.7,PB59BC2718,DRV772
TRP007752,,MANDI047,WH-West,14.5,706.0,HR29DF4459,DRV150
TRP007509,,mandi_057,WH-Central,6.9,333.7,PB27CD1691,DRV378
TRP009454,,MANDI010,WH-South,,329.1,HR87BC1740,
TRP004700,2026-06-23,MANDI-035,WH-West,6.5,346.9,UP61AB9998,DRV459
TRP009277,,MANDI024,WH-South,17.8,981.2,PB46AB6307,DRV387
TRP003803,,MANDI006,WH-South,19.3,990.4,RJ85BC7031,
TRP009225,,MANDI021,Export-Terminal,16.2,743.8,PB71CD8942,
TRP006069,,MANDI015,WH-North,13.2,704.0,PB79DF1694,
TRP005811,,MANDI-046,WH-East,,594.4983384557299,UP57AB9189,DRV339
TRP003537,,mandi_002,WH-North,17.5,865.99757965124,HR68CD8094,
TRP003826,,MANDI033,WH-North,12.9,533.8,DL26CD9867,
TRP006643,,M016,WH-Central,3.9,230.5,,DRV631
TRP009737,,MANDI-035,WH-West,14.0,800.3977629940559,DL67DF8593,
TRP008955,,MANDI006,WH-North,11.7,607.3983024020359,UP97CD7008,DRV804
TRP004811,,MANDI019,WH-West,12.7,697.6,DL64CD7185,DRV479
TRP001947,2026-03-27,mandi_015,WH-East,21.7,1176.9,DL67CD6405,DRV834
TRP009071,,009,WH-Central,17.7,894.4,HR73BC4133,DRV900
TRP007767,,MANDI001,WH-South,8.2,385.1,DL28AB9999,DRV906
TRP005336,,MANDI-011,WH-North,,835.8,HR31DF7593,
TRP003489,,MANDI022,WH-West,21.6,1041.7,UP29DF8823,
TRP001611,,MANDI052,Export-Terminal,12.9,556.7,PB14CD8240,DRV241
TRP008116,,MANDI055,WH-Central,22.7,1023.5,RJ23BC8680,DRV731
TRP007826,,MANDI005,WH-East,12.6,704.4,PB46DF3741,DRV429
TRP007167,,MANDI025,WH-Central,20.1,966.1,,DRV530
TRP004678,2026-08-10,mandi_049,WH-South,9.6,459.8,PB27CD4176,DRV433
TRP004960,,mandi004,WH-South,13.0,589.3,,DRV667
TRP007704,,MANDI-017,WH-South,12.2,621.1,HR15DF3930,DRV840
TRP005868,,mandi011,WH-West,9.5,429.8,HR69CD8321,DRV915
TRP009116,,MANDI042,WH-East,9.6,565.898418388726,DL52AB5167,DRV764
TRP004762,,mandi_053,WH-South,15.5,888.7,HR73CD9761,DRV896
TRP002195,,MANDI007,WH-South,18.4,877.0,UP45DF6920,DRV817
TRP000883,,mandi_012,WH-Central,13.1,659.9,UP29DF9898,DRV434
TRP005702,2026-01-16,MANDI-047,WH-North,23.3,996.5,UP99AB6397,DRV529
TRP005114,,MANDI050,WH-South,14.7,795.8,HR35CD3624,
TRP000558,,MANDI-005,WH-South,6.7,336.2,RJ10CD7112,DRV559
TRP008459,,MANDI-017,WH-Central,,980.6,UP66BC9530,DRV303
TRP005140,2026-09-07,MANDI007,WH-Central,21.2,956.1,UP74BC9064,DRV678
TRP001208,,mandi_046,WH-East,20.6,1133.5968317467039,PB23AB2923,DRV484
TRP007657,2026-06-14,MANDI029,WH-East,12.7,645.4,PB86CD4051,DRV195
TRP007953,2026-06-04,mandi_016,WH-South,14.9,751.0,UP97CD2172,DRV910
TRP001511,,MANDI028,WH-East,,741.4,DL23AB8604,DRV815
TRP008395,2026-04-07,MANDI056,Export-Terminal,8.8,435.7,PB46AB6807,DRV175
TRP003830,2026-07-13,mandi_017,WH-Central,,376.6,,DRV502
TRP003733,,MANDI-057,WH-Central,21.2,1166.1,DL10AB6544,DRV787
TRP008404,,MANDI-029,WH-West,,435.3,PB57DF8334,DRV243
TRP003212,,M009,WH-West,19.4,814.9,,
TRP003631,,MANDI042,WH-West,13.0,596.8,HR76BC3884,DRV237
TRP001709,,mandi_017,WH-East,,724.3,UP36CD4326,DRV290
TRP001846,,MANDI027,Export-Terminal,,1070.3,UP73DF9452,DRV925
TRP000267,,mandi_048,WH-East,19.0,930.5,,
TRP005986,,mandi_033,WH-West,,935.5,HR18AB5726,DRV174
TRP001141,,mandi_043,WH-West,11.2,529.7,,DRV766
TRP003163,2026-07-17,mandi037,WH-West,18.2,1074.6,RJ36AB9199,DRV936
TRP006208,,MANDI037,Export-Terminal,9.5,432.1,UP95CD8064,DRV379
TRP002047,,mandi039,WH-West,12.0,639.8,,DRV415
TRP003731,,MANDI045,WH-North,,761.897870596166,RJ38DF3619,DRV480
TRP001910,2026-06-21,M004,WH-West,10.1,406.4,,DRV981
TRP007951,,MANDI007,Export-Terminal,16.6,682.49809250805,PB96CD6505,DRV145
TRP002661,,MANDI005,Export-Terminal,18.5,789.3,RJ94AB7701,DRV889
TRP000657,,mandi_015,WH-South,8.1,465.098700110614,DL10BC5143,DRV667
TRP006661,,MANDI019,Export-Terminal,14.7,806.6,PB34BC8606,DRV175
TRP001308,2026-03-30,MANDI009,Export-Terminal,17.1,731.297956118882,HR29DF1975,DRV354
TRP002568,2026-04-15,057,WH-North,9.6,474.6,,
TRP000999,,mandi_017,WH-North,10.8,517.0,RJ18DF8969,DRV741
TRP008082,,MANDI021,WH-South,23.7,1252.9,PB29AB3262,DRV316
TRP002835,2026-07-30,MANDI048,Export-Terminal,6.9,320.6,,DRV647
TRP009953,2026-01-15,mandi_043,WH-West,21.8,1178.8,UP52CD5216,DRV153
TRP009547,2026-05-05,MANDI006,WH-North,2.7,158.8,PB26CD2288,DRV115
TRP005881,2026-07-05,mandi_017,Export-Terminal,6.4,342.49904276045,RJ46BC8905,
TRP001238,2026-06-02,mandi_001,WH-North,3.7,152.6,DL13AB6129,DRV524
TRP002152,,MANDI-013,WH-West,22.5,928.7,,DRV466
TRP003836,2026-06-25,MANDI056,WH-North,11.9,503.1,,DRV309
TRP003858,,MANDI026,WH-North,,648.8,DL76DF5744,DRV478
TRP007824,2026-07-08,MANDI-003,WH-Central,10.1,469.4,PB29AB7904,DRV161
TRP008567,,mandi_003,WH-East,12.1,524.9,,DRV374
TRP006579,,MANDI039,Export-Terminal,,485.898641977526,PB44BC8698,DRV504
TRP005092,,MANDI007,WH-East,16.7,846.5,HR19BC4099,
TRP002187,,mandi_031,Export-Terminal,6.8,273.7,RJ55AB7473,
TRP008977,,mandi043,WH-Central,,202.9,UP85BC7614,DRV363
TRP001135,,MANDI-036,Export-Terminal,,364.49898127353003,UP21DF8606,DRV929
TRP005005,,M039,WH-East,,193.199460033048,DL30CD6700,
TRP006627,,mandi_051,WH-West,7.4,400.6,DL37DF1148,DRV387
TRP001304,,MANDI009,WH-South,9.4,550.8,DL10BC5090,DRV841
TRP008804,,MANDI030,WH-North,22.9,1367.0961791468937,DL98CD4859,DRV873
TRP001628,,MANDI023,WH-North,,897.8,UP62DF6894,DRV381
TRP008349,,MANDI009,WH-South,5.7,234.3,,
TRP001523,,MANDI007,WH-Central,17.1,927.2,,DRV470
TRP008847,,MANDI054,Export-Terminal,3.6,165.5,HR96BC4441,DRV312
TRP000359,,MANDI-036,WH-West,15.6,659.1,UP97AB9821,DRV126
TRP000139,,mandi_044,WH-West,17.1,800.2,,DRV392
TRP000300,,MANDI-024,Export-Terminal,10.6,450.49874091557,PB61CD1745,DRV392
TRP001557,,MANDI027,WH-West,,477.9,,DRV223
TRP005100,,M011,WH-East,4.4,245.6,PB53CD5557,
TRP000383,,MANDI028,WH-East,15.6,796.1,DL21AB1865,DRV354
TRP008646,,MANDI027,WH-North,20.9,1105.8,PB28BC9236,
TRP007568,,M003,WH-South,5.6,307.3,PB60CD9852,DRV343
TRP004858,,MANDI-008,WH-Central,22.9,1021.49714505051,UP54DF5155,DRV420
TRP003181,,MANDI-019,WH-North,14.6,609.4,UP81CD1330,DRV819
TRP001440,,MANDI034,Export-Terminal,10.0,517.0,RJ75CD5634,DRV278
TRP007764,,MANDI014,WH-East,13.8,616.1,DL77CD8197,DRV787
TRP005674,,MANDI028,WH-South,,585.4,RJ92DF7455,DRV608
TRP007043,,M029,WH-East,17.6,785.4,RJ15CD4156,DRV825
TRP000947,,mandi_031,WH-East,,1341.6,UP76BC1474,DRV841
TRP002391,,MANDI040,WH-Central,,611.1982917815681,,DRV643
TRP005499,,mandi_036,WH-South,17.4,977.7,PB93CD5652,DRV310
TRP007700,,MANDI038,WH-West,21.5,1096.3,UP11AB1561,DRV795
TRP009601,,MANDI-052,WH-South,17.8,1066.4,,
TRP002722,,MANDI039,WH-Central,15.9,869.5,UP55AB6094,DRV545
TRP001933,,MANDI056,WH-West,19.8,1074.6,UP87BC9286,DRV757
TRP008073,,M055,WH-West,12.2,671.4,UP48BC7765,DRV196
TRP003237,,mandi_018,WH-South,21.1,1191.6,HR46DF2124,DRV763
TRP003141,,MANDI025,WH-North,16.5,967.5,HR18CD7580,DRV811
TRP004164,2026-02-28,MANDI030,WH-West,3.0,144.9,PB66CD7791,DRV618
TRP009247,,MANDI-004,WH-East,4.5,232.2,,DRV615
TRP008623,,MANDI043,WH-East,20.6,1046.49707517901,DL82AB1546,DRV779
TRP003808,,mandi_004,WH-West,5.8,294.3,RJ35BC5949,DRV448
TRP009858,,mandi_047,WH-North,,450.7,PB10CD2349,DRV959
TRP007967,,MANDI-045,WH-South,6.4,349.9,HR39DF7215,DRV901
TRP009263,,MANDI018,WH-West,,626.298249579182,HR42CD6585,
TRP006782,,MANDI033,WH-South,13.9,810.9,RJ20CD3654,DRV866
TRP009069,,MANDI021,Export-Terminal,14.4,794.5,PB15BC1283,DRV770
TRP004155,,MANDI007,Export-Terminal,16.3,698.5,RJ86CD7547,DRV912
TRP004173,,MANDI056,WH-North,3.9,162.7,UP33BC6787,DRV521
TRP000797,2026-02-26,MANDI039,WH-South,20.0,1044.4,UP88DF6807,DRV700
TRP002417,2026-02-28,MANDI039,WH-Central,5.9,349.3,RJ87BC7635,DRV967
TRP007802,,024,WH-West,,629.8,DL85CD5807,DRV428
TRP006140,,M004,WH-East,12.3,503.1,RJ15DF3074,
TRP000786,,M025,Export-Terminal,21.9,1068.597013412604,UP13CD9677,DRV419
TRP008476,,mandi032,WH-West,10.6,565.6,,DRV152
TRP006790,,MANDI057,Export-Terminal,21.7,922.8,DL18AB9148,DRV595
TRP003159,,mandi_025,Export-Terminal,10.9,439.6,DL93CD8636,DRV105
TRP007203,,MANDI-041,WH-South,23.4,1128.4,PB44DF9253,DRV229
TRP000124,,MANDI009,WH-East,,974.1,PB58CD9070,DRV211
TRP009836,,mandi_055,WH-West,17.9,900.0974843465141,HR74BC3066,DRV305
TRP007557,,MANDI-027,WH-West,,1052.1,DL53CD2000,DRV483
TRP002173,2026-08-29,MANDI024,WH-East,10.0,448.6,,DRV618
TRP002170,,MANDI-038,Export-Terminal,9.8,528.1,,DRV700
TRP007498,,MANDI-057,WH-South,4.5,233.2,DL19BC1834,DRV950
TRP004010,,MANDI-012,Export-Terminal,,264.7,UP72BC8411,DRV740
TRP009667,2026-08-28,MANDI056,WH-Central,2.5,100.399719396056,PB28AB6593,DRV496
TRP004341,,MANDI-030,WH-West,15.2,741.2,DL81AB8057,
TRP000911,,mandi_013,Export-Terminal,5.4,220.0,RJ41BC2309,DRV931
TRP006269,,043,WH-West,18.8,879.3,UP79AB1233,DRV862
TRP008314,,MANDI-038,WH-South,,954.3,HR49BC3942,DRV860
TRP002310,,mandi_028,WH-South,6.4,383.1,RJ94DF6562,DRV167
TRP004820,,mandi_049,WH-West,18.2,929.2,RJ28BC8430,
TRP003635,,mandi041,WH-East,16.0,662.0,,DRV234
TRP001258,2026-01-02,M056,WH-South,4.7,192.1,HR48BC6897,DRV523
TRP006592,,MANDI054,WH-North,17.9,1015.9,DL13AB7503,DRV974
TRP004459,,MANDI046,Export-Terminal,7.8,379.2,RJ90AB3938,DRV558
TRP006134,2026-04-24,MANDI017,Export-Terminal,24.0,969.1,,DRV995
TRP001179,,MANDI052,Export-Terminal,,959.0,RJ85BC7509,DRV865
TRP004653,,mandi006,WH-South,17.4,880.0,,
TRP006219,,MANDI010,WH-South,14.0,738.8,RJ45CD5277,DRV203
TRP003651,,MANDI040,WH-North,14.1,745.2,,DRV596
TRP000443,,mandi_048,WH-West,,430.598796533284,HR41BC3110,DRV943
TRP003416,,MANDI012,WH-South,,1029.7,DL80CD2739,DRV134
TRP001400,,MANDI002,WH-Central,12.6,750.0,RJ39CD2076,
TRP008141,,MANDI032,WH-East,,375.9,DL95BC6902,DRV115
TRP007823,,M023,WH-East,19.6,1053.6,HR37BC8865,DRV139
TRP001458,2026-03-31,MANDI013,Export-Terminal,5.9,247.3,DL83CD6288,DRV827
TRP008188,,MANDI-051,WH-West,16.5,930.6,DL73AB6909,DRV575
TRP005745,,mandi040,WH-Central,7.1,305.0,,DRV751
TRP001055,,MANDI031,WH-South,,196.8,HR15AB4459,DRV580
TRP009206,,mandi004,WH-South,,1190.6,PB44CD8260,DRV523
TRP003276,,MANDI043,Export-Terminal,22.2,1169.5,HR23DF4698,DRV426
TRP001464,,M008,WH-North,17.4,995.5,HR49CD8440,
TRP003700,,M016,WH-South,14.5,644.4,RJ12DF4641,DRV949
TRP003760,,mandi_055,Export-Terminal,21.9,1100.5,DL57AB1809,DRV489
TRP000930,,MANDI-030,WH-West,,249.4,DL30CD8544,DRV220
TRP005512,,MANDI037,WH-South,7.3,336.0,UP42CD5473,DRV732
TRP006469,,MANDI024,WH-South,16.0,834.9,,DRV343
TRP008747,,mandi_012,Export-Terminal,4.1,215.4,PB69BC5813,
TRP001830,2026-03-16,mandi013,Export-Terminal,15.0,823.897697314846,DL32BC2665,
TRP002929,,MANDI033,WH-West,2.5,120.6,RJ14BC8095,DRV431
TRP005027,,mandi017,WH-North,,774.7,UP80AB9385,DRV226
TRP006539,,MANDI012,WH-South,7.9,401.6,HR15AB3471,DRV704
TRP004222,,MANDI016,WH-South,9.2,388.6,UP35AB6711,DRV368
TRP003547,,MANDI026,Export-Terminal,8.2,459.0,PB48BC5796,DRV523
TRP005599,,MANDI027,WH-East,,374.1,DL75DF7308,DRV573
TRP009298,2026-09-09,MANDI013,WH-East,4.1,178.899499999546,DL49DF1981,DRV436
TRP008384,,MANDI056,WH-East,14.0,665.7,DL49BC3285,DRV923
TRP008487,,MANDI005,WH-Central,12.9,625.4,DL47CD8012,DRV719
TRP002012,,MANDI002,WH-South,12.6,709.2,HR19DF8548,DRV194
TRP000914,2026-02-02,MANDI-034,WH-South,4.0,185.1,HR91AB3062,DRV153
TRP009691,,mandi_019,Export-Terminal,3.8,177.3,HR15BC2824,DRV207
TRP009039,,mandi_036,WH-East,11.2,607.5,UP88AB9208,DRV993
TRP003220,,MANDI029,WH-North,4.7,240.5,,DRV557
TRP002607,,mandi_003,WH-South,8.9,479.4,PB39DF1602,DRV500
TRP003265,,MANDI020,WH-Central,16.5,681.8,PB95AB1249,DRV773
TRP004929,,MANDI048,WH-South,4.4,224.4,RJ94DF7063,
TRP009009,,MANDI023,WH-South,8.4,434.9,RJ27BC6424,
TRP006565,,MANDI036,WH-North,11.6,497.5,PB34BC5018,DRV962
TRP008490,,mandi013,WH-East,12.0,501.9,,DRV353
TRP000007,2026-03-14,MANDI-022,WH-West,19.0,795.097777806814,PB12DF5486,DRV566
TRP002981,,MANDI016,WH-East,12.3,545.1,DL59DF2941,DRV726
TRP006584,,MANDI049,WH-Central,5.7,306.6,UP86CD6858,DRV536
TRP003362,,MANDI016,WH-North,11.4,646.9,,DRV457
TRP004775,,MANDI002,WH-South,19.2,833.197671322648,,DRV613
TRP001944,,mandi033,WH-North,20.3,1183.8,RJ70CD7711,DRV923
TRP008105,,MANDI-049,WH-South,5.8,339.5,PB91CD9661,DRV244
TRP005500,,MANDI036,WH-North,3.1,172.2,DL17BC7364,
TRP001636,2026-07-18,mandi_041,WH-East,,312.6,UP26CD2895,DRV845
TRP001142,2026-04-18,MANDI-012,WH-East,16.1,805.7977479018119,DL43CD4008,
TRP002042,,mandi_029,WH-West,10.0,567.5,HR67CD5608,
TRP006816,,MANDI-007,WH-North,9.4,379.0,HR35AB3555,DRV277
TRP006704,2026-01-29,mandi_057,WH-East,17.7,971.7,PB38CD5821,DRV254
TRP007243,,MANDI-039,WH-West,5.2,256.5,DL96BC1424,DRV502
TRP000360,,mandi034,WH-Central,12.2,644.1,,DRV705
TRP002071,2026-02-23,mandi028,WH-South,,574.8,PB39AB5543,DRV871
TRP003135,,mandi_003,WH-North,20.7,1237.5,DL14BC2769,DRV148
TRP005161,,MANDI-013,WH-South,,711.5,,DRV501
TRP006991,2026-09-01,MANDI004,WH-South,20.6,936.4,UP99AB4411,DRV857
TRP003244,,mandi_027,Export-Terminal,,173.6,DL62DF6488,DRV909
TRP005276,,MANDI026,Export-Terminal,22.7,1337.3,PB31BC3525,DRV549
TRP002243,,mandi_036,WH-North,17.1,967.9,UP76CD2541,DRV803
TRP001475,,M057,WH-South,10.5,500.7,RJ15CD2092,DRV382
TRP008936,,mandi056,Export-Terminal,6.7,296.7,RJ59BC3064,DRV861
TRP001890,,M050,WH-Central,5.9,350.2,HR68BC6937,
TRP003436,,MANDI-030,WH-West,8.3,416.3,,DRV440
TRP003260,,MANDI020,WH-West,15.3,618.5,,DRV167
TRP005150,,mandi_016,WH-East,10.4,428.2,PB43AB2942,
TRP003706,2026-02-26,MANDI032,Export-Terminal,18.8,830.6,HR88CD2698,DRV605
TRP002022,2026-05-07,M032,WH-West,17.9,740.797929567712,HR74DF2919,
TRP004021,,mandi_042,WH-North,10.2,592.1,PB46BC4594,DRV866
TRP009187,,MANDI-053,WH-South,6.7,305.4,PB51DF6315,DRV949
TRP008778,,MANDI050,Export-Terminal,13.2,536.1,UP95AB3675,DRV988
TRP003501,2026-02-11,mandi025,WH-South,10.9,551.198459473168,UP10BC9459,
TRP002659,,MANDI011,WH-East,9.6,525.7,PB72CD7525,DRV120
TRP008791,,MANDI031,WH-East,19.4,787.7,DL11DF4765,
TRP007506,,M050,Export-Terminal,22.0,891.5,UP45AB5490,DRV738
TRP001131,,MANDI004,WH-West,10.4,623.2,DL58CD9711,DRV607
TRP005558,,mandi_002,WH-East,12.2,680.6,RJ70BC2852,DRV185
TRP008004,2026-05-30,MANDI043,WH-North,4.8,241.79932420285203,,DRV753
TRP001820,,M039,WH-East,16.8,873.3,,DRV988
TRP009536,,MANDI010,WH-North,11.4,506.29858496238205,PB32BC8316,DRV499
TRP008140,,mandi028,WH-West,,660.2,PB27AB7631,DRV457
TRP007065,2026-08-30,MANDI-036,WH-East,16.4,952.597337616364,,DRV506
TRP004319,,027,WH-South,16.7,789.3,DL59AB6419,DRV771
TRP009991,,M049,WH-West,2.3,104.7,HR85AB7028,DRV908
TRP004145,,MANDI009,WH-West,2.1,100.2,DL33CD2458,
TRP004670,,MANDI-018,WH-East,12.9,744.4,,DRV651
TRP001237,,mandi_017,Export-Terminal,,758.597879819204,,DRV454
TRP005477,,MANDI023,WH-East,,476.6,RJ36BC4967,DRV280
TRP007130,,mandi039,WH-West,2.6,150.5,UP38AB2027,DRV674
TRP003435,,MANDI038,WH-Central,4.6,256.49928311841,,DRV119
TRP001857,,MANDI-021,WH-East,14.3,612.298288707222,RJ21DF4722,DRV773
TRP002283,,MANDI052,WH-Central,4.5,245.6,RJ32BC4466,
TRP009043,,013,WH-Central,6.7,341.9,HR33CD8712,DRV874
TRP009694,,MANDI-011,WH-North,20.2,1166.5,UP88DF1268,
TRP004094,,mandi053,Export-Terminal,19.9,897.3,HR57AB1831,DRV255
TRP007919,,mandi_050,WH-Central,11.6,636.4,,DRV357
TRP005201,,047,WH-West,18.8,807.9,,DRV970
TRP006402,,MANDI019,WH-West,2.4,107.4,RJ41DF2453,DRV926
TRP006429,,mandi_003,WH-West,12.2,540.5,DL35DF7051,DRV865
TRP003422,,MANDI031,WH-West,,334.5,HR57BC7487,DRV430
TRP009640,,MANDI050,WH-South,17.1,847.7,PB95AB1153,DRV926
TRP000387,,MANDI045,WH-Central,10.7,626.2,RJ95CD6954,
TRP008890,,MANDI-044,WH-South,2.6,133.3,PB44CD5745,DRV564
TRP001629,,mandi_021,WH-West,22.0,1009.0,UP51DF5561,DRV434
TRP003586,,mandi_017,WH-South,23.0,971.6,PB61AB8423,DRV963
TRP008062,,002,WH-South,,371.6,RJ81DF6780,DRV886
TRP002715,2026-03-19,MANDI044,Export-Terminal,9.8,484.2,UP79AB8578,DRV769
TRP009984,,MANDI014,WH-East,19.9,1102.2,RJ76BC4178,DRV435
TRP008770,,MANDI017,WH-South,,720.0,DL78BC5746,DRV366
TRP009695,2026-05-15,M014,Export-Terminal,,235.4,PB56DF1501,DRV172
TRP005660,,M020,WH-North,6.6,393.5,HR29BC2903,DRV977
TRP006857,,MANDI053,WH-North,21.3,1056.0,PB72DF1784,DRV692
TRP003190,,MANDI045,WH-South,5.9,311.1,HR44CD6959,DRV634
TRP009101,,MANDI057,WH-Central,20.0,1082.6969740050781,UP16AB5989,DRV849
TRP004306,,MANDI035,WH-North,13.8,638.0,,DRV483
TRP000910,,MANDI009,WH-North,,479.8,RJ42DF7899,DRV613
TRP005386,,MANDI-035,WH-West,10.0,518.1,,DRV795
TRP001997,,MANDI035,WH-Central,5.9,257.199281162008,PB73DF2453,DRV982
TRP001867,,mandi_053,WH-West,6.2,331.3,DL34AB1383,DRV274
TRP001843,,MANDI-035,WH-North,8.8,405.5,RJ83BC2465,DRV692
TRP002498,,MANDI029,WH-Central,2.9,160.0,DL50CD4040,
TRP000202,,mandi_021,WH-North,6.8,380.298937114742,HR34BC9476,DRV641
TRP008375,,mandi_052,WH-East,6.0,316.3,UP16DF3187,DRV804
TRP003869,,mandi003,Export-Terminal,19.2,962.597309667764,PB14AB6284,DRV136
TRP005055,,MANDI043,WH-Central,7.7,330.5,UP99DF6610,DRV603
TRP005890,,054,WH-North,13.4,597.1,DL97BC4313,DRV733
TRP004007,2026-05-02,MANDI050,WH-East,6.8,349.0,,DRV527
TRP007643,2026-07-14,mandi017,WH-North,2.8,115.49967719367,UP90BC8659,DRV302
TRP002703,,030,WH-South,8.4,384.4,,DRV510
TRP003450,,MANDI057,WH-East,21.7,909.2,PB57AB3622,DRV188
TRP000332,2026-03-07,MANDI002,WH-South,23.5,1195.296659303842,RJ27BC7185,DRV798
TRP007771,,MANDI022,WH-Central,6.5,278.1,RJ44AB9801,DRV685
TRP009322,,mandi_055,Export-Terminal,20.0,823.797697594332,,DRV843
TRP008603,,M044,WH-East,16.7,925.5,HR66BC1017,DRV525
TRP007811,,M046,Export-Terminal,13.6,574.9,RJ95BC4502,DRV852
TRP002460,,MANDI027,WH-Central,17.0,1018.7,,DRV908
TRP001775,2026-05-21,mandi017,WH-South,23.4,983.6,PB66CD4312,DRV884
TRP006629,,mandi_012,WH-North,19.2,980.9,HR14DF6697,DRV676
TRP008947,2026-07-15,004,WH-South,13.0,671.4,DL65CD7424,DRV729
TRP008418,2026-02-05,mandi_042,WH-West,11.6,664.49814281553,DL19CD7699,DRV884
TRP002687,,MANDI037,WH-South,18.3,933.897389880246,UP45BC7454,DRV906
TRP009514,,MANDI013,Export-Terminal,6.5,289.6,RJ60AB8723,
TRP000990,,MANDI009,WH-South,19.1,1143.8,UP27CD2363,DRV890
TRP007659,,MANDI014,WH-East,3.6,150.4,,DRV794
TRP008682,,MANDI-036,WH-North,,573.8,,DRV303
TRP006682,,mandi005,WH-Central,,851.6,DL44DF4102,DRV241
TRP006994,,MANDI008,WH-North,10.0,572.6,UP74CD2473,DRV606
TRP008893,,mandi_002,WH-South,17.1,719.2,HR81AB1634,
TRP005807,,mandi012,WH-West,17.2,1015.697161260698,PB42DF1032,DRV593
TRP009084,2026-05-28,mandi_045,WH-South,20.4,1045.0,,DRV601
TRP009047,,MANDI008,WH-East,6.2,341.5,UP31DF8551,DRV615
TRP006575,,MANDI041,Export-Terminal,6.4,373.1,,DRV595
TRP003053,,mandi_004,WH-North,5.8,234.5,,DRV862
TRP008985,2026-03-28,mandi_032,WH-North,16.8,696.1,HR88BC9522,DRV636
TRP005463,,mandi_033,WH-East,11.3,466.0,UP84DF7577,DRV358
TRP000174,,MANDI028,WH-East,6.1,253.4,DL39CD6664,DRV365
TRP004955,,MANDI019,WH-East,17.8,979.9,RJ96BC6865,DRV459
TRP007321,,048,WH-North,22.6,990.7,DL31CD3240,DRV957
TRP004616,,031,WH-North,9.9,559.4,HR40BC3523,
TRP003322,,mandi_031,WH-Central,7.2,351.3,DL19BC1692,DRV570
TRP007692,,mandi045,WH-East,,1135.9,HR66AB1728,DRV457
TRP006247,,052,WH-East,15.1,696.5,PB38DF1228,DRV769
TRP006746,2026-01-23,mandi_030,WH-East,7.8,426.7,DL14AB6491,DRV534
TRP003373,,M035,WH-East,7.5,332.4,PB15DF1203,
TRP006049,2026-06-23,MANDI030,WH-South,7.6,305.9,,DRV284
TRP003312,,029,WH-West,10.0,544.8,DL36BC4659,DRV916
TRP008066,,M012,WH-North,13.6,797.9,UP10AB1117,DRV809
TRP007936,,MANDI008,WH-North,13.2,577.7,RJ45CD6014,DRV675
TRP001133,,mandi_018,WH-North,13.6,800.2,UP24BC4534,DRV673
TRP009751,,mandi032,WH-South,16.6,819.5,,DRV885
TRP009167,,MANDI024,WH-North,14.5,697.6,,DRV930
TRP004552,,MANDI045,Export-Terminal,17.1,888.0,,DRV526
TRP004680,,mandi056,WH-South,19.5,823.5,HR37CD3972,DRV779
TRP003404,,mandi028,WH-East,13.0,537.3984980422359,DL93DF3644,
TRP000019,2026-02-03,mandi_046,WH-North,,896.3,RJ13BC6915,DRV915
TRP003692,,MANDI052,Export-Terminal,18.5,950.4,DL56CD2197,DRV189
TRP009002,,mandi_020,Export-Terminal,2.4,139.7,,DRV954
TRP004097,2026-05-20,MANDI048,WH-East,,167.7,DL26BC6140,DRV859
TRP003629,,MANDI-023,WH-West,11.4,620.0,RJ19AB2913,
TRP009220,,mandi_031,WH-East,19.9,841.7976472868519,DL49BC2566,DRV137
TRP002175,2026-01-24,mandi_045,Export-Terminal,17.7,776.7,,DRV221
TRP001357,,mandi_056,WH-West,19.9,864.2,HR71BC2404,DRV593
TRP005003,,MANDI019,WH-West,11.8,481.2,UP19AB7625,DRV336
TRP008038,,MANDI010,WH-South,12.5,687.49807853375,RJ35BC8535,DRV334
TRP006923,2026-01-27,MANDI013,Export-Terminal,6.8,390.9,HR77DF2649,
TRP005824,2026-02-19,MANDI055,Export-Terminal,,888.9,DL40CD1494,DRV967
TRP009881,,MANDI017,WH-East,16.1,718.1,DL30AB2016,DRV210
TRP005671,,MANDI037,Export-Terminal,4.1,198.1,DL94CD2280,DRV331
TRP003113,,MANDI032,WH-East,18.0,728.4,,DRV448
TRP000183,,mandi_022,WH-Central,5.9,338.8,RJ30BC9721,DRV942
TRP003643,2026-05-28,MANDI-007,WH-East,19.4,1150.4,UP18AB4771,DRV368
TRP009215,2026-07-01,MANDI035,Export-Terminal,9.1,524.398534375416,,DRV397
TRP001813,2026-08-26,mandi037,WH-East,2.2,129.399638345116,RJ77DF1508,DRV268
TRP000856,2026-05-03,mandi_033,WH-Central,5.1,251.3,PB62BC3652,DRV917
TRP008777,,MANDI024,WH-North,11.8,594.2,RJ99DF7744,DRV737
TRP004913,,037,WH-North,7.8,417.8,,DRV465
TRP005669,,MANDI044,WH-Central,9.6,480.7,HR20CD8700,DRV301
TRP008884,,MANDI049,WH-South,,244.4,RJ41CD1822,DRV598
TRP001801,,MANDI032,WH-West,12.8,641.0,DL63BC4311,DRV480
TRP009622,,MANDI037,WH-North,2.6,146.6,PB74AB9521,DRV953
TRP002430,2026-03-05,mandi020,WH-Central,20.6,969.5,RJ15BC6494,DRV886
TRP005483,,MANDI014,Export-Terminal,16.5,862.2,HR77BC2449,DRV957
TRP006762,2026-01-17,MANDI029,Export-Terminal,6.2,335.1,,DRV272
TRP000417,,MANDI-057,WH-West,11.2,595.5,,DRV977
TRP008170,,MANDI035,WH-East,,1005.4,RJ47CD7409,
TRP001969,,mandi002,WH-North,10.7,543.6,HR19CD7603,
TRP008673,2026-01-09,MANDI055,Export-Terminal,,461.0,UP67AB7956,DRV741
TRP008497,2026-03-29,mandi033,WH-North,15.8,802.2,PB49CD3782,DRV890
TRP008281,,MANDI-012,WH-North,12.9,716.7,,DRV995
TRP004698,,MANDI022,WH-East,15.5,848.7,DL63AB5411,DRV462
TRP007009,,MANDI054,WH-South,2.5,100.5,RJ66DF3439,DRV285
TRP004988,,MANDI045,WH-North,,236.7,PB23BC6044,DRV700
TRP006831,,mandi038,WH-East,,369.7,UP29BC4520,DRV542
TRP004651,2026-03-26,MANDI041,WH-West,23.3,1056.4970472304099,DL77AB5314,DRV388
TRP001160,,MANDI056,Export-Terminal,2.8,154.8,HR16CD6541,
TRP001214,,035,Export-Terminal,6.6,382.4,UP98AB7744,DRV464
TRP009115,,mandi055,WH-North,5.3,250.9,HR86AB1091,
TRP001326,,mandi015,WH-North,,269.0,PB90DF9837,DRV888
TRP009590,,MANDI042,WH-East,,717.7979938494921,UP80BC9449,DRV212
TRP008960,,MANDI043,Export-Terminal,16.2,754.4,PB67DF4969,DRV876
TRP004797,2026-05-19,MANDI024,Export-Terminal,3.8,173.2,RJ89AB8478,DRV980
TRP006797,,MANDI023,WH-West,14.3,749.8,RJ72AB5232,DRV254
TRP005809,,M015,WH-North,12.3,618.9,PB41DF9746,
TRP005944,,MANDI048,Export-Terminal,7.7,442.398763553936,,DRV536
TRP009654,,MANDI026,WH-East,20.2,931.9,UP68AB2690,DRV220
TRP003394,2026-09-04,MANDI001,WH-West,10.1,605.198308550728,RJ65CD7954,DRV520
TRP001456,,MANDI009,WH-North,4.2,181.7,DL84BC3444,DRV396
TRP005411,,MANDI024,WH-East,15.4,727.0,DL20CD3634,DRV996
TRP007760,,MANDI005,WH-West,9.3,417.0,RJ35DF3511,DRV519
TRP008763,,M023,WH-South,,607.298302681522,UP68CD6835,DRV120
TRP004963,,mandi_035,WH-North,23.3,1132.2,RJ91BC1721,DRV761
TRP002801,,MANDI014,Export-Terminal,,432.4,PB60CD1779,DRV572
TRP001645,2026-02-05,MANDI006,WH-West,23.0,1356.2,UP92DF5428,DRV909
TRP002141,,M010,Export-Terminal,5.7,248.0,PB95BC3711,DRV334
TRP004537,,048,WH-South,3.7,184.9,,DRV216
TRP004458,,mandi_041,WH-West,,602.2,PB88BC4729,DRV345
TRP009312,,MANDI-013,WH-Central,,944.4,PB54CD9615,
TRP005587,,MANDI054,WH-North,15.7,806.897744827466,RJ19DF7674,DRV101
TRP004379,,MANDI026,WH-East,23.7,1026.2971316351818,UP25BC8495,
TRP000730,,M025,WH-South,18.6,917.0974368338941,UP44CD3539,
TRP004358,,MANDI-047,WH-Central,14.0,667.4,DL35DF9433,DRV382
TRP008304,,mandi_054,WH-South,9.8,490.2,,DRV305
TRP006717,2026-08-20,MANDI014,WH-East,9.3,389.398911681516,PB37CD6096,DRV686
TRP001937,,M015,WH-South,8.7,409.9,,DRV455
TRP003794,,mandi025,Export-Terminal,18.4,947.49735187015,RJ59AB9924,DRV398
TRP003737,,MANDI002,WH-Central,12.8,614.9,UP49AB5891,DRV682
TRP002262,,MANDI038,WH-South,5.4,239.699330072058,PB42DF9123,DRV200
TRP007430,,mandi_041,WH-North,,1184.3,,DRV208
TRP004006,,M038,Export-Terminal,22.2,890.4,HR57AB3982,DRV995
TRP001111,,MANDI-008,Export-Terminal,22.2,1224.5,UP14CD8858,
TRP009392,,mandi_035,WH-South,2.6,151.9,DL15DF6841,DRV891
TRP005481,,046,Export-Terminal,9.7,523.0,PB85AB7296,DRV616
TRP002999,2026-05-28,mandi_004,WH-North,19.2,824.397695917416,DL30AB6487,DRV187
TRP002395,2026-03-31,MANDI-005,WH-West,20.3,1070.3,PB71BC2835,DRV316
TRP001186,2026-01-30,MANDI-027,WH-East,,272.9,HR35AB1826,DRV906
TRP002008,,MANDI024,WH-North,2.7,117.1,HR69BC5052,DRV104
TRP000194,,MANDI039,WH-North,23.9,985.6,UP11CD1852,DRV749
TRP005612,,MANDI-046,WH-West,19.3,1151.0,UP23BC4203,
TRP002902,,mandi_046,WH-Central,18.0,972.897280880706,HR61DF6103,DRV218
TRP000579,,MANDI013,WH-West,3.2,165.9,DL75BC3794,DRV719
TRP006220,,MANDI050,WH-North,14.8,625.7,RJ32AB2283,DRV308
TRP005526,,MANDI037,Export-Terminal,23.3,1153.7,PB99AB1966,DRV329
TRP000772,,MANDI-020,Export-Terminal,21.4,1185.7,RJ79AB5146,DRV905
TRP006684,,MANDI002,WH-Central,7.6,434.2,UP23CD9714,DRV575
TRP002396,,MANDI-031,WH-North,15.2,872.8,UP19CD1217,DRV980
TRP001479,,MANDI034,WH-Central,17.2,962.2,UP62CD7187,DRV482
TRP001847,2026-05-13,mandi_010,WH-South,10.4,529.8,PB46AB2435,DRV997
TRP009473,,MANDI001,Export-Terminal,3.3,184.6,PB17BC7619,DRV454
TRP004275,,mandi038,WH-North,2.9,169.1,,DRV467
TRP003741,,MANDI010,WH-Central,21.8,961.7,HR80DF6536,DRV443
TRP004601,,mandi025,WH-Central,,1025.7,DL84AB6745,DRV652
TRP008720,,MANDI057,WH-North,19.7,882.8,HR83AB4927,DRV972
TRP001574,,MANDI019,WH-North,6.8,313.5,,DRV427
TRP006677,,mandi_029,WH-East,17.6,1052.8,DL41CD8100,
TRP006376,,MANDI032,WH-North,,918.2,HR32DF6069,DRV544
TRP000406,,MANDI040,WH-Central,10.4,476.0,UP45DF9542,DRV216
TRP009920,,MANDI020,WH-East,19.2,810.0,RJ55CD5929,DRV625
TRP004916,2026-03-02,M039,WH-East,4.4,199.3,UP63DF4610,DRV823
TRP002074,2026-06-04,MANDI036,WH-Central,4.0,189.8,UP45CD6356,DRV410
TRP004755,,MANDI056,WH-West,22.4,1013.3971676888759,DL41BC7930,DRV658
TRP001897,2026-01-04,MANDI038,WH-North,22.8,1120.8,HR67BC1099,DRV356
TRP008895,,mandi040,WH-Central,20.5,1197.9,RJ77BC8905,DRV117
TRP006703,,MANDI024,WH-South,13.2,631.4,RJ18DF1508,DRV875
TRP006318,,033,WH-North,20.9,1136.6,UP22CD1754,DRV874
TRP003660,,MANDI024,WH-North,,910.4,PB51AB3835,
TRP006582,2026-02-26,M041,WH-West,21.3,1247.1,,
TRP002380,,MANDI045,WH-Central,10.4,519.4,PB64CD6659,DRV360
TRP001448,2026-07-28,MANDI032,WH-North,13.0,671.3,DL58DF1385,DRV907
TRP007599,,MANDI027,WH-South,20.5,1199.5,UP49AB7286,DRV634
TRP000343,2026-02-15,mandi_039,WH-South,15.7,701.798038567252,DL79CD4453,DRV261
TRP007469,,MANDI033,WH-East,15.2,871.6,RJ65CD3487,DRV201
TRP005128,,MANDI056,WH-South,13.1,619.1,DL80AB4228,DRV309
TRP003137,2026-05-10,mandi035,WH-Central,8.0,356.19900447086803,RJ51CD1660,DRV723
TRP002528,,MANDI-006,Export-Terminal,8.5,483.3,DL86AB4408,DRV876
TRP000728,,M005,WH-Central,13.1,683.4,,
TRP004578,,MANDI035,WH-South,10.8,537.0,DL14AB4120,
TRP000977,,mandi_048,WH-West,20.0,1150.5,,DRV627
TRP008726,,042,Export-Terminal,21.6,1149.0,RJ74BC6703,DRV813
TRP005444,,MANDI-034,WH-East,5.5,297.8,PB12BC4936,DRV452
TRP009398,2026-06-13,mandi_037,WH-North,21.1,925.4,DL24BC9178,DRV760
TRP003517,2026-07-23,MANDI016,WH-North,,1102.1,PB18BC8272,DRV467
TRP009249,,MANDI008,WH-West,4.2,168.0,,DRV503
TRP008411,,MANDI032,WH-North,15.3,634.7,DL86AB6530,DRV710
TRP007157,,MANDI047,WH-West,5.2,236.3,DL22AB5647,DRV740
TRP008966,,mandi_045,WH-South,,1109.2,UP92CD5784,DRV986
TRP003941,,mandi049,WH-West,2.3,109.3,HR33DF8606,DRV615
TRP001300,,mandi043,Export-Terminal,18.4,1006.1,RJ42DF4944,DRV230
TRP005270,,mandi_042,WH-North,,377.5,DL26CD7062,DRV640
TRP001349,,MANDI-042,WH-East,12.6,680.1,PB94CD2567,DRV564
TRP000661,,mandi_028,Export-Terminal,,1192.8,UP31BC1908,DRV570
TRP005887,,MANDI-040,WH-North,14.6,854.1,HR56CD3336,
TRP001493,,mandi026,WH-North,,1160.2,,DRV662
TRP004732,,M034,WH-South,,156.0,DL95CD1440,DRV227
TRP004590,2026-05-22,M004,WH-South,12.5,664.9,PB43BC2279,DRV460
TRP008871,,mandi044,WH-Central,21.8,876.9,DL85AB8973,DRV758
TRP005155,2026-08-07,MANDI-046,WH-East,17.2,710.8,PB61DF5916,DRV770
TRP002316,,mandi043,Export-Terminal,20.8,838.4,HR95DF6286,DRV308
TRP004685,2026-02-13,M054,Export-Terminal,15.1,617.6,PB18BC1866,DRV503
TRP009963,,MANDI055,Export-Terminal,9.9,584.2,RJ61CD3495,DRV598
TRP007025,,mandi_048,WH-Central,23.5,968.1,PB57CD1262,
TRP001086,,mandi041,WH-North,18.5,776.5,PB89DF6423,DRV822
TRP002525,,MANDI031,WH-East,11.4,638.6,RJ72BC6913,
TRP007900,,MANDI043,WH-Central,8.6,436.29878060258204,PB90DF9997,DRV612
TRP008814,,MANDI-001,WH-South,11.7,680.9,,
TRP005375,,MANDI011,WH-North,4.5,224.6,DL15CD4204,DRV485
TRP003199,,mandi026,Export-Terminal,22.7,1292.5,,DRV580
TRP005752,,mandi_050,WH-North,15.1,884.1,PB44AB2978,DRV249
TRP004009,,MANDI007,WH-West,,818.9,DL24DF3073,DRV622
TRP005718,2026-03-01,MANDI-023,WH-West,16.9,906.5,HR92CD4164,DRV723
TRP006658,,mandi051,WH-South,13.7,591.7,RJ79DF6862,DRV460
TRP008750,,MANDI017,WH-Central,23.2,1155.0,PB97DF9014,DRV520
TRP008571,,MANDI007,WH-Central,19.5,1074.2,RJ56AB5183,
TRP000068,,MANDI-048,WH-West,3.8,155.7,RJ11AB4878,DRV133
TRP008383,2026-02-09,MANDI-030,WH-North,,339.6,UP20AB7687,DRV743
TRP000041,2026-08-23,mandi051,Export-Terminal,20.0,1196.0,DL14AB6529,DRV687
TRP002270,,MANDI-053,WH-Central,19.7,907.3,,DRV738
TRP002382,,M003,WH-East,6.7,354.8,UP48AB5917,DRV673
TRP007986,,MANDI049,WH-South,23.2,1338.3,DL46DF5253,DRV913
TRP009195,,MANDI021,WH-North,5.8,243.2,HR57DF6847,
TRP004917,2026-07-20,MANDI-038,WH-North,,322.49909865765,UP17CD6333,DRV264
TRP005323,,MANDI032,WH-Central,13.6,664.5,UP74DF8742,DRV246
TRP005774,,M003,Export-Terminal,,646.7,HR63DF4638,DRV263
TRP006233,,MANDI054,WH-West,15.7,726.1,UP23CD6782,DRV625
TRP006964,,MANDI029,WH-North,,475.9,DL71CD5538,
TRP003448,,MANDI057,WH-South,18.6,1027.7,DL12BC3148,DRV101
TRP006817,,MANDI-003,Export-Terminal,4.7,207.9,RJ26CD7053,
TRP002368,,mandi045,Export-Terminal,2.6,153.2,UP58CD2542,DRV919
TRP007867,2026-04-05,022,WH-West,16.3,661.298151759082,,DRV706
TRP008511,,MANDI032,WH-Central,10.0,537.5,RJ77BC9405,DRV993
TRP002513,2026-08-01,MANDI023,WH-East,17.0,744.3,PB70AB6137,
TRP000577,,mandi_017,WH-Central,5.5,238.5,UP11AB7523,DRV383
TRP002724,,mandi_017,WH-North,18.6,816.49771799681,HR87DF6958,DRV421
TRP005949,,MANDI045,WH-South,12.4,634.0,RJ10AB5054,DRV110
TRP009554,2026-06-15,mandi036,Export-Terminal,11.6,603.5,RJ53AB2464,DRV365
TRP008923,,mandi_033,WH-North,15.3,746.1,RJ80BC6101,DRV450
TRP001144,,M032,WH-South,,940.5,,
TRP003351,,016,Export-Terminal,6.4,303.3,PB57DF7346,DRV490
TRP007156,,MANDI057,WH-South,13.7,648.4,,
TRP007857,,MANDI016,WH-North,13.2,654.398171043616,HR61CD8649,DRV555
TRP008626,2026-09-03,MANDI055,WH-East,4.3,199.7,DL29BC6675,DRV629
TRP009591,,MANDI032,WH-East,14.7,863.8,,DRV691
TRP004729,,mandi_053,Export-Terminal,18.5,1064.5,UP72DF5006,DRV851
TRP005495,2026-02-17,MANDI-007,Export-Terminal,12.3,690.9,RJ34CD1336,DRV333
TRP005756,,mandi_022,Export-Terminal,22.7,974.5,RJ25CD4663,DRV648
TRP008206,,MANDI038,WH-West,12.7,715.8,RJ87CD6872,DRV891
TRP009618,,M038,WH-West,9.3,397.49888904315,PB53CD2906,
TRP007231,,mandi004,WH-West,10.2,451.49873812071,HR38AB1605,DRV592
TRP003790,2026-06-10,mandi_041,WH-West,17.5,746.9,PB60AB1634,
TRP009825,,MANDI055,WH-North,2.8,117.89967048600602,UP68CD2339,DRV680
TRP002221,,MANDI-028,WH-North,9.4,401.2,HR43DF5812,DRV549
TRP005076,,M011,WH-Central,8.8,423.898815258846,PB30CD8389,DRV281
TRP002332,,mandi_049,WH-South,19.6,1137.6,PB69CD4248,DRV192
TRP005395,,MANDI015,WH-Central,11.2,639.6,,DRV637
TRP008089,,MANDI-030,WH-West,11.2,611.9,RJ88CD5783,DRV173
TRP009074,2026-07-06,MANDI019,Export-Terminal,20.8,1139.4,HR41AB5276,DRV442
TRP007091,,mandi_022,WH-Central,10.7,486.8,PB71BC7138,DRV881
TRP009710,,MANDI-054,WH-South,2.3,123.2,DL11AB4629,DRV111
TRP004089,,mandi034,WH-East,21.7,1281.5,UP86CD2123,DRV239
TRP001968,,MANDI034,WH-South,9.5,520.8,HR45DF3950,DRV262
TRP009352,2026-02-11,M046,WH-East,,630.6,DL25AB5293,DRV866
TRP009156,,mandi_021,Export-Terminal,13.8,665.2,DL70BC7801,DRV808
TRP006758,,MANDI004,WH-North,22.1,1076.5,UP46BC5893,DRV744
TRP009972,2026-03-22,MANDI-053,WH-West,12.4,588.5,DL40BC3991,
TRP004366,,038,WH-West,11.3,603.4,DL89DF9606,DRV503
TRP007000,,MANDI-035,Export-Terminal,,657.4,RJ70DF2200,DRV778
TRP000424,,mandi_015,WH-South,8.9,533.5,DL39CD8855,DRV650
TRP000281,,MANDI-021,WH-East,,554.2,HR34AB8612,DRV965
TRP001905,,MANDI016,WH-Central,17.1,733.3,UP73DF4818,DRV849
TRP000596,2026-08-28,MANDI049,Export-Terminal,21.7,965.7,PB41DF5788,DRV181
TRP009849,2026-01-06,mandi032,WH-South,8.6,478.8,PB63BC3494,DRV329
TRP003918,2026-04-28,M002,WH-West,23.2,1191.9,,DRV992
TRP006143,,MANDI023,WH-Central,11.7,586.4,UP93DF5191,DRV430
TRP005662,2026-02-13,MANDI006,WH-North,7.7,328.59908160900403,RJ79BC1841,DRV322
TRP005779,,MANDI006,WH-East,9.5,556.3,HR82CD7536,DRV208
TRP003619,,MANDI-019,WH-West,18.1,733.2,RJ49BC6645,DRV655
TRP006846,,mandi_040,WH-West,,647.1,PB66AB1959,
TRP000840,,MANDI026,WH-Central,18.6,770.1,PB77DF5124,DRV539
TRP004597,,mandi050,WH-North,17.7,1018.5,UP82DF6894,DRV205
TRP002068,,mandi_035,WH-West,10.1,495.0,,DRV632
TRP000142,,mandi_019,WH-West,16.7,997.2,,DRV320
TRP002598,,mandi040,WH-South,11.4,548.8,PB43BC8156,DRV454
TRP006702,,MANDI054,WH-South,15.2,617.3,DL48AB2810,DRV529
TRP009917,,MANDI-016,Export-Terminal,,633.7,PB94CD3871,DRV200
TRP001378,2026-02-04,mandi044,WH-South,22.1,1048.597069309804,RJ35CD4609,DRV451
TRP003675,,mandi055,WH-North,23.9,1292.4,DL10BC3037,DRV801
TRP009123,,mandi_020,WH-North,14.9,820.7,,DRV709
TRP005663,,MANDI046,WH-Central,18.7,1100.796923418112,RJ65CD2599,DRV222
TRP006363,,M009,WH-Central,23.3,1354.0,HR71CD7643,DRV724
TRP009735,,MANDI032,WH-East,22.6,1317.6,,
TRP004742,,MANDI023,WH-East,10.3,487.2,DL48AB3390,DRV821
TRP003809,,mandi005,Export-Terminal,,592.2,PB24AB2683,DRV157
TRP001139,,mandi_006,Export-Terminal,12.8,718.6,PB67DF3553,
TRP002258,,048,WH-North,18.2,1010.4,,DRV199
TRP007375,,MANDI054,WH-West,15.6,919.9,HR45BC4826,DRV549
TRP008351,,MANDI024,WH-South,23.6,1108.0,UP67CD2874,DRV513
TRP001788,,mandi_054,Export-Terminal,,849.9,UP20CD1168,DRV195
TRP003939,,mandi013,WH-Central,16.6,927.5,UP22DF6907,DRV385
TRP008372,,034,Export-Terminal,9.6,387.7,RJ41AB2546,DRV528
TRP004647,,MANDI037,WH-Central,2.8,126.6,,DRV990
TRP007569,2026-05-25,MANDI010,Export-Terminal,22.1,1209.1,UP19AB6452,
TRP000460,,MANDI-053,Export-Terminal,16.2,833.8,RJ10CD9031,DRV527
TRP006116,,M022,WH-East,,1304.8,RJ88AB4087,DRV520
TRP009924,2026-01-15,MANDI013,WH-South,19.3,952.397338175336,HR67CD5526,DRV437
TRP000949,,MANDI017,WH-East,16.5,869.1,PB94DF1872,DRV993
TRP003701,2026-05-18,MANDI009,WH-North,14.5,668.0,DL21CD1376,DRV274
TRP001337,,mandi037,WH-East,21.1,957.3,PB53CD3817,DRV391
TRP006371,,MANDI021,WH-East,10.9,634.1,UP28CD3395,DRV804
TRP004629,,mandi037,WH-West,,452.4,PB74DF8269,DRV777
TRP007359,,M028,WH-Central,5.5,294.2,DL51CD4726,DRV640
TRP006287,,007,WH-East,11.3,565.8,UP99DF3299,DRV645
TRP005926,,038,WH-West,16.2,861.3,PB51DF6098,DRV959
TRP005935,,mandi028,WH-South,13.0,595.1,HR64BC9088,
TRP006041,,mandi020,WH-North,,1101.7,DL24BC5632,DRV436
TRP000442,,M026,WH-North,10.6,566.1,DL26AB3290,DRV425
TRP006660,2026-06-07,MANDI-020,WH-West,11.8,680.5,PB79AB1509,DRV563
TRP001603,,mandi039,WH-South,18.6,786.9,DL40BC2888,DRV126
TRP002239,,MANDI024,WH-South,17.4,715.4,DL98BC8319,
TRP000640,,M025,WH-North,12.0,627.8,DL51DF3142,DRV116
TRP007458,2026-05-17,mandi_047,WH-North,5.5,298.7,HR66BC4432,DRV684
TRP003831,,mandi_012,WH-West,8.9,509.2,RJ97AB2557,DRV561
TRP009769,,004,WH-Central,21.1,1140.3,,DRV417
TRP006145,,MANDI026,WH-East,18.1,918.1,,
TRP004220,,MANDI-036,WH-North,23.7,1183.4,RJ82BC1973,DRV499
TRP009416,,MANDI053,WH-South,5.6,297.8,UP45BC6576,
TRP006345,,MANDI042,Export-Terminal,5.7,257.99927892612,DL96DF8341,DRV900
TRP002502,,MANDI039,WH-North,20.3,836.1,DL60DF6455,DRV226
TRP001959,,M003,WH-South,6.1,306.9,,DRV902
TRP001071,,mandi_014,Export-Terminal,14.9,807.4,RJ62BC2905,
TRP000156,,mandi033,WH-West,20.4,913.4,UP80AB9874,DRV694
TRP002296,,mandi014,Export-Terminal,6.8,394.7,DL88CD1378,DRV187
TRP000936,,mandi040,WH-North,,295.5,UP38AB7845,DRV258
TRP004579,,mandi048,WH-North,8.2,418.7,RJ23BC8148,DRV622
TRP001090,,mandi019,WH-West,,222.5,DL45DF6847,DRV163
TRP006050,,MANDI004,WH-East,21.8,1222.6,UP53CD7936,DRV646
TRP006416,,MANDI-002,Export-Terminal,17.8,874.8,RJ64DF9575,DRV857
TRP002941,,M055,WH-North,17.5,1038.6,PB23DF1944,DRV449
TRP000724,,mandi_034,WH-Central,19.7,1127.4,DL89CD6246,DRV498
TRP004385,,MANDI029,Export-Terminal,2.0,97.29972806012199,DL53AB3363,
TRP000931,,mandi051,WH-Central,,524.0,HR65BC9112,DRV638
TRP002910,,MANDI-011,WH-East,,1348.3,UP58DF9859,DRV148
TRP001675,,mandi_033,WH-South,8.5,365.9,,DRV502
TRP006764,,MANDI031,WH-South,21.6,1083.2,RJ11DF8240,DRV305
TRP008723,2026-05-21,mandi017,Export-Terminal,5.6,281.2,HR97CD4011,
TRP006417,,MANDI046,WH-North,,198.9,PB67DF2498,
TRP000896,,mandi_010,WH-West,,1297.5,RJ53AB3264,
TRP003248,,mandi_037,WH-Central,13.9,703.3,UP59DF4329,
TRP002327,2026-02-13,MANDI-050,Export-Terminal,6.3,312.8,HR69DF7171,DRV883
TRP007097,2026-01-10,MANDI-021,WH-North,10.1,542.4,DL42AB2548,DRV288
TRP008938,,mandi025,WH-West,23.5,1128.4,,
TRP008215,2026-04-07,mandi033,WH-Central,13.8,688.3,RJ32CD3906,DRV803
TRP006293,,MANDI-018,WH-West,22.7,1220.1,HR53AB6808,DRV114
TRP005039,2026-04-01,mandi048,WH-South,22.1,1091.8,PB81BC3014,DRV929
TRP006451,,MANDI-011,WH-Central,,1288.196399661348,HR66AB6327,DRV697
TRP004137,,MANDI039,WH-North,6.9,333.6,RJ26CD6626,DRV505
TRP009619,,MANDI036,Export-Terminal,6.3,312.9,HR95CD4533,DRV530
TRP001716,,MANDI-009,WH-South,7.9,345.799033537412,PB56CD6625,DRV150
TRP001699,,MANDI020,Export-Terminal,7.2,295.099175236814,DL49CD1728,DRV921
TRP008576,,M047,WH-Central,,999.2,,DRV823
TRP009931,,mandi_026,WH-East,,914.7,DL34BC4466,DRV164
TRP002616,,MANDI-013,WH-South,3.9,180.5,PB22CD7226,DRV915
TRP008557,2026-05-06,MANDI-056,WH-Central,19.4,1135.7,UP79AB8819,DRV718
TRP003832,2026-09-07,027,WH-Central,6.7,274.399233090416,UP29CD4015,DRV297
TRP006300,,MANDI-011,WH-North,3.3,189.2,UP72DF8300,DRV746
TRP003349,,MANDI-032,WH-Central,9.5,439.5,UP67BC9180,DRV694
TRP009898,,M056,WH-North,8.8,448.0,,
TRP000986,,mandi_004,WH-West,,745.4,DL62DF2582,DRV819
TRP001822,,MANDI029,Export-Terminal,17.6,864.4,HR18CD5207,DRV387
TRP004572,,MANDI044,WH-East,4.7,220.9,UP94CD3990,DRV934
TRP000588,2026-07-01,MANDI025,WH-North,9.7,529.2,DL27BC5514,DRV731
TRP005422,,mandi_012,WH-West,3.5,175.399509781556,HR49BC7668,DRV782
TRP005078,,mandi_030,Export-Terminal,16.4,696.6,,DRV531
TRP005346,,MANDI007,WH-Central,14.8,717.397994967436,,DRV582
TRP008657,,MANDI-027,WH-Central,9.8,553.7,PB77DF1692,DRV451
TRP009902,,MANDI027,WH-East,21.4,1058.7,UP33CD6707,DRV842
TRP007415,,MANDI023,WH-East,,951.9,HR11AB7263,DRV485
TRP005484,,MANDI053,WH-South,9.6,523.99853549336,HR51BC8265,DRV448
TRP002991,,MANDI041,WH-South,13.3,790.49779066317,UP25BC3899,DRV794
TRP009651,,M029,WH-West,12.7,526.1,HR69AB6370,DRV231
TRP005515,2026-01-25,mandi026,Export-Terminal,4.0,238.7,UP99AB5334,DRV704
TRP008253,,mandi003,Export-Terminal,18.6,773.397838455276,DL80BC8468,DRV585
TRP007740,,MANDI037,Export-Terminal,18.8,1074.5,PB92DF6217,DRV536
TRP008218,,M043,WH-Central,15.0,898.8,RJ43CD1420,DRV818
TRP009229,,MANDI051,WH-North,,1124.5,RJ44AB5367,DRV580
TRP005554,,mandi_057,WH-North,18.9,834.5,RJ66BC7867,DRV866
TRP003558,,MANDI002,Export-Terminal,17.9,1052.5,DL17CD9018,DRV453
TRP001396,,MANDI018,WH-North,10.7,481.3,,
TRP000265,,MANDI019,WH-South,21.1,1184.5,HR66DF6760,DRV286
TRP007645,2026-05-27,049,WH-South,6.6,390.99890720974,HR77AB7544,DRV363
TRP003548,,MANDI-030,WH-East,3.1,182.7,,
TRP006845,,mandi_052,WH-South,22.2,1168.9,RJ60BC2314,DRV566
TRP009145,,MANDI028,WH-East,4.4,243.5,RJ62AB6722,DRV337
TRP006789,2026-05-06,MANDI042,WH-South,8.7,464.3,PB97AB3029,DRV784
TRP003070,,MANDI-038,WH-West,6.1,280.0,HR62CD1123,DRV634
TRP007550,,MANDI012,Export-Terminal,13.4,593.9,HR88BC9617,DRV323
TRP008857,,MANDI043,WH-West,8.9,447.098750418094,PB99AB7665,DRV591
TRP005026,,mandi_041,WH-South,14.9,849.7,UP86CD6640,DRV680
TRP008731,,MANDI026,WH-North,,844.6,PB54CD3177,
TRP003865,,MANDI056,WH-Central,12.2,514.0,PB90AB6381,DRV403
TRP009808,,M007,WH-West,6.2,319.9991056448,,DRV262
TRP002401,,049,WH-West,14.0,743.7,HR98BC2964,DRV600
TRP006275,2026-05-10,MANDI-011,WH-North,2.7,153.1,,DRV462
TRP009136,2026-08-16,MANDI016,WH-South,22.8,1339.6,HR74CD9265,
TRP003712,,mandi_056,WH-South,10.4,552.3,DL12AB3765,DRV191
TRP000247,,mandi_039,WH-North,5.3,296.7,RJ94CD3167,DRV176
TRP001595,,M041,WH-Central,3.7,186.9,DL34AB1685,DRV666
TRP005324,,MANDI-005,WH-North,15.4,697.7,UP73AB1700,DRV267
TRP001530,,mandi_036,WH-West,19.9,1101.8,UP35AB1825,
TRP008556,,mandi_008,WH-East,23.3,1095.7,DL82AB6919,DRV564
TRP000924,,mandi047,WH-South,22.6,1009.49717858883,HR32DF4450,DRV404
TRP009064,,MANDI-048,WH-Central,19.8,843.1,HR17CD3638,DRV203
TRP007330,,MANDI049,WH-North,16.1,961.6,UP81BC6694,
TRP004365,2026-07-05,M043,Export-Terminal,,382.3,,DRV766
TRP000670,,mandi_038,WH-South,19.9,1016.4,,DRV325
TRP003605,,MANDI049,Export-Terminal,18.5,744.7,PB12CD1878,DRV212
TRP005109,,MANDI-006,WH-North,13.0,673.1,UP67AB2942,DRV650
TRP001911,,MANDI-020,WH-South,,812.1977300147082,RJ21CD4224,DRV880
TRP007277,2026-04-06,M014,WH-Central,4.7,219.5,RJ74BC3090,DRV653
TRP008678,,MANDI025,WH-North,11.2,627.8,RJ98AB1552,DRV923
TRP005249,,MANDI035,WH-South,14.2,774.5,PB94DF2173,DRV808
TRP007184,2026-06-28,mandi_009,WH-Central,23.0,992.8,UP25DF9432,DRV913
TRP003959,2026-03-09,MANDI-043,WH-West,9.2,496.9,,DRV653
TRP006958,2026-01-24,MANDI-029,WH-East,10.5,545.7,,
TRP006027,,mandi_021,WH-North,9.1,492.6,DL93DF7357,
TRP005644,,M016,WH-Central,18.1,952.8,HR75DF3301,DRV130
TRP002697,,MANDI048,Export-Terminal,,258.1,,DRV687
TRP002592,,MANDI-041,WH-West,,999.5,UP55CD4291,DRV853
TRP005907,,MANDI051,Export-Terminal,18.7,1032.8,HR92BC9491,
TRP001782,,MANDI027,WH-West,,681.8,DL99BC1593,DRV615
TRP006510,,M033,WH-South,11.4,483.9,DL55DF3738,DRV335
TRP003014,,MANDI035,WH-East,9.6,546.698472050038,DL50DF4669,DRV341
TRP007134,,MANDI033,Export-Terminal,7.4,412.698846561278,HR26AB2059,
TRP002308,,mandi040,WH-South,8.6,480.19865790822803,UP75CD4246,DRV755
TRP007918,,M026,WH-South,5.0,245.9,DL12CD3343,DRV238
TRP003691,,mandi_006,WH-Central,,967.6,,DRV712
TRP000688,,MANDI033,WH-Central,19.6,1026.0,,DRV686
TRP006012,,mandi029,Export-Terminal,5.4,230.9,RJ49AB1769,DRV340
TRP007072,,MANDI045,WH-West,8.3,454.5,PB97DF9665,DRV912
TRP000613,,MANDI-042,WH-West,17.5,913.5,PB14CD4627,DRV219
TRP009639,,047,WH-Central,9.5,453.99873113356,HR92AB9297,DRV697
TRP007168,,MANDI022,WH-South,3.7,219.8,PB75AB2680,DRV286
TRP008248,,mandi_029,WH-South,9.8,465.7,RJ97CD9201,DRV512
TRP003201,,mandi_033,WH-West,16.7,909.0,HR57BC4902,DRV688
TRP002268,,MANDI-035,WH-West,2.8,128.5,PB50BC3128,DRV795
TRP009413,,MANDI-022,WH-North,21.5,1164.6,DL82AB4239,DRV422
TRP006630,,MANDI032,WH-South,7.7,380.0,PB39CD8912,DRV485
TRP004136,,MANDI046,WH-Central,12.0,629.9,RJ42BC6113,DRV849
TRP001899,2026-08-20,mandi_039,WH-Central,10.0,596.3,DL69DF5630,DRV381
TRP009911,2026-07-23,MANDI026,Export-Terminal,8.2,451.4,HR62BC4480,DRV220
TRP000283,,mandi_005,WH-North,3.0,173.1,UP19BC9101,
TRP000259,,mandi_048,WH-South,,1099.9,RJ91DF8270,DRV196
TRP002925,,MANDI052,WH-South,3.3,136.7,PB41DF9118,DRV659
TRP009800,2026-06-05,mandi_005,WH-South,10.2,493.5,HR90CD3724,DRV140
TRP004944,,M046,WH-North,,580.6,HR80DF6004,DRV447
TRP002823,,MANDI034,Export-Terminal,16.8,730.3,HR15BC5729,DRV446
TRP006530,,mandi_001,WH-South,4.7,207.2,HR49AB3272,DRV627
TRP003340,,MANDI012,WH-Central,3.7,189.2,PB80BC7544,DRV529
TRP003526,,MANDI025,Export-Terminal,3.6,172.5,DL11DF1083,DRV666
TRP004564,,mandi_034,WH-South,21.7,1199.9,HR42BC9468,
TRP009318,,mandi_006,WH-North,13.1,566.0,DL87DF4698,DRV450
TRP006698,,MANDI-054,Export-Terminal,3.5,194.1,RJ14CD6599,DRV621
TRP005330,2026-01-30,mandi_017,WH-East,12.7,564.9,HR97CD9808,DRV557
TRP005224,,M016,WH-West,19.9,1085.9969647820399,RJ22DF2031,
TRP002286,,MANDI014,WH-North,19.8,1031.0,DL68BC1406,DRV637
TRP006064,,mandi_026,WH-South,,264.9,,DRV324
TRP004655,,016,WH-West,21.6,900.2,RJ16BC7639,DRV668
TRP005001,,MANDI037,WH-North,9.0,387.3,PB62DF2843,DRV484
TRP006711,,MANDI018,WH-Central,8.3,474.6,DL23BC4448,DRV783
TRP009698,,MANDI029,WH-North,12.9,682.2,HR95AB7505,DRV628
TRP007765,2026-05-27,MANDI047,WH-West,20.9,1141.4,DL41BC8459,DRV424
TRP000485,2026-05-25,mandi_021,WH-North,11.8,537.0,PB45BC7608,DRV978
TRP002212,,MANDI045,WH-East,5.5,231.8,PB99DF6886,DRV589
TRP005417,,mandi_026,WH-North,19.3,831.297676632882,PB97AB2585,DRV402
TRP000476,,MANDI-050,Export-Terminal,3.6,177.8,PB83DF9077,DRV847
TRP002556,,MANDI038,WH-West,16.8,969.3,RJ86AB5021,DRV877
TRP000008,,MANDI-030,WH-South,17.2,844.5,DL10BC9901,DRV169
TRP003658,,MANDI037,WH-West,13.4,582.798371155592,PB49CD2757,DRV825
TRP006412,2026-05-19,M044,WH-North,19.5,878.1,PB21DF2623,DRV444
TRP009532,,M019,WH-West,16.7,814.9,UP65DF4461,DRV738
TRP004875,,MANDI029,WH-Central,16.8,890.5,PB60CD5701,DRV874
TRP004403,,MANDI004,Export-Terminal,11.2,591.5,PB39AB6589,DRV856
TRP003483,,MANDI033,WH-East,8.9,387.7,UP38DF3944,DRV137
TRP005547,,M046,WH-North,6.7,328.5,DL50DF3801,DRV349
TRP005298,,M015,WH-West,5.3,226.6,UP90BC1959,
TRP002427,,MANDI005,WH-North,2.0,110.4,,DRV320
TRP006745,,MANDI042,WH-West,10.6,446.3,UP31DF6555,DRV957
TRP001815,,MANDI022,WH-Central,,909.7,UP53BC6619,DRV446
TRP007604,,MANDI-009,WH-North,8.5,480.8,DL97CD5405,DRV410
TRP006823,2026-03-29,MANDI052,WH-Central,8.2,468.3,UP79CD8362,DRV281
TRP005273,,MANDI020,WH-South,6.1,298.2,PB21DF6437,DRV340
TRP002275,,mandi045,WH-West,13.1,619.1982694226881,UP99CD2163,DRV919
TRP001012,,mandi_053,WH-Central,20.4,1094.2,,
TRP001578,,mandi_017,WH-Central,4.5,247.6,,DRV951
TRP007265,2026-07-26,MANDI015,WH-North,2.2,121.6,DL55BC3553,DRV561
TRP001068,,mandi016,WH-South,,1211.9,PB30DF2656,DRV611
TRP001992,,MANDI023,Export-Terminal,21.4,1096.9,UP83BC8576,
TRP003971,2026-03-02,mandi_030,WH-South,2.8,161.2,,DRV956
TRP009437,2026-01-25,MANDI-055,WH-West,21.5,1072.7,,DRV737
TRP005880,,mandi050,WH-West,15.4,637.9,,DRV926
TRP008765,,M023,WH-North,14.7,836.3,RJ53BC5913,DRV669
TRP004543,,MANDI018,WH-North,11.0,611.8,PB41AB5327,DRV440
TRP009700,,MANDI051,WH-North,10.1,441.1,DL32AB9780,DRV337
TRP007194,2026-08-09,M039,WH-North,22.2,944.8,HR35CD6646,
TRP003868,,004,WH-East,8.2,378.2,DL33CD2876,DRV322
TRP009791,2026-07-05,MANDI014,WH-South,22.1,900.7,PB47CD9317,DRV158
TRP006824,,MANDI057,Export-Terminal,21.1,1137.4,UP85CD5482,DRV605
TRP003049,2026-09-08,MANDI031,WH-East,20.7,1065.2,RJ37AB4875,DRV948
TRP007549,,MANDI-019,WH-Central,18.8,1026.5,,DRV960
TRP000782,,MANDI014,Export-Terminal,15.5,669.0,,DRV275
TRP006748,,mandi_057,WH-East,,112.2,,DRV645
TRP002676,,056,WH-East,14.8,742.9,,DRV258
TRP001750,,MANDI057,WH-East,,450.99873951814,,DRV879
TRP006223,,MANDI013,WH-East,6.9,351.7,HR50DF6248,DRV735
TRP008396,,MANDI-052,WH-West,12.4,661.49815120011,UP74DF4154,DRV884
TRP002792,,MANDI-033,WH-Central,9.6,551.098459752654,,DRV696
TRP006520,,MANDI040,WH-East,,589.7,UP73CD3731,DRV453
TRP005775,,MANDI-025,Export-Terminal,17.8,803.7,UP27BC2972,DRV891
TRP006358,,MANDI016,WH-North,18.0,1026.3,DL98AB4471,DRV837
TRP004980,,MANDI-027,WH-East,12.6,707.6,PB85AB2657,DRV877
TRP008219,,MANDI-005,WH-East,21.9,1230.9,HR31CD6121,DRV836
TRP001092,2026-03-24,MANDI016,Export-Terminal,5.7,231.0,HR65BC6279,DRV481
TRP006527,2026-05-24,M038,WH-East,14.3,606.6,HR52BC5383,DRV460
TRP008642,,mandi_009,WH-Central,12.4,544.5,HR86BC5644,DRV735
TRP004628,,mandi_042,WH-West,22.9,1016.2,DL47DF8370,DRV475
TRP002325,2026-05-13,MANDI-023,WH-North,,727.8,RJ48CD8607,
TRP006535,,MANDI019,Export-Terminal,6.3,368.9,RJ75CD2247,DRV294
TRP009333,2026-05-30,MANDI-019,WH-Central,9.5,445.99875349243996,UP31CD1332,DRV248
TRP005056,,mandi_047,WH-East,23.9,1381.1,HR62DF5826,DRV871
TRP002609,,MANDI031,Export-Terminal,5.0,239.8,DL82CD3482,DRV205
TRP009384,,MANDI-012,WH-South,23.5,1400.5,RJ38CD6426,DRV102
TRP002291,,052,WH-West,9.7,580.8,RJ15AB9692,DRV998
TRP001728,,MANDI011,WH-Central,16.4,810.9,DL98DF8527,DRV913
TRP000611,,M032,WH-West,12.1,587.7,DL99AB5141,DRV460
TRP007818,2026-05-31,mandi_049,WH-South,6.9,378.8,UP60DF5963,DRV858
TRP004667,,MANDI027,WH-Central,4.9,242.1,UP11CD3098,DRV615
TRP006076,,mandi020,WH-West,12.8,719.9,RJ20AB9200,DRV431
TRP005414,,mandi_004,WH-South,7.0,324.2,RJ67AB5318,
TRP000344,,MANDI037,WH-East,16.0,819.6,DL76AB5422,DRV994
TRP004684,2026-01-29,mandi_038,Export-Terminal,12.8,568.8984100041461,HR17DF8487,DRV323
TRP009320,2026-01-17,030,WH-Central,5.9,238.4,PB86BC6134,DRV202
TRP003751,2026-04-15,MANDI023,WH-Central,14.8,774.0,DL15AB8962,DRV232
TRP009884,,MANDI016,WH-North,7.2,292.299183062422,RJ38CD7907,DRV986
TRP009681,,MANDI010,WH-North,7.1,390.298909166142,PB39AB5929,DRV744
TRP006000,,MANDI043,WH-Central,9.3,525.6,UP82CD9872,DRV553
TRP003216,,026,WH-West,6.2,321.8,UP11DF2808,DRV622
TRP000098,2026-03-31,MANDI049,Export-Terminal,2.8,135.3,UP99CD1048,DRV327
TRP008268,,mandi_044,WH-North,20.0,1153.0,,DRV902
TRP003138,,MANDI020,WH-East,21.4,1274.3,HR57BC3636,DRV584
TRP005177,,M016,WH-East,6.4,264.599260480044,UP46BC9089,DRV901
TRP007280,2026-09-03,MANDI036,WH-West,22.2,1151.0,RJ92AB7272,
TRP006166,,MANDI012,WH-South,4.5,257.8,DL86BC6910,DRV165
TRP001538,,MANDI035,WH-West,10.4,562.198428729708,,DRV423
TRP003589,,MANDI-045,WH-South,7.2,397.0,DL23CD9464,DRV857
TRP008069,,MANDI-042,Export-Terminal,8.5,470.9,,DRV956
TRP006986,,MANDI021,Export-Terminal,3.0,122.899656511706,,DRV521
TRP003649,,M055,WH-Central,13.1,691.6,,DRV310
TRP002658,,M040,WH-East,5.0,234.2,RJ61DF5034,
TRP008725,,mandi_038,WH-East,11.9,575.5,DL65BC3684,DRV362
TRP001518,,MANDI036,WH-East,14.0,588.5,UP45AB5700,DRV886
TRP005062,,MANDI029,WH-East,21.2,863.2,HR36DF3102,DRV727
TRP009723,,016,WH-Central,,973.1,HR36BC1410,DRV183
TRP004625,,mandi_026,WH-North,14.1,749.5,HR41BC5798,DRV578
TRP004273,2026-01-17,mandi_030,WH-East,,1090.0,HR96CD5207,DRV246
TRP003670,,MANDI002,WH-North,,937.297380377722,PB56DF9939,DRV355
TRP006567,,MANDI034,WH-West,21.9,1200.9,HR63BC9185,DRV841
TRP005801,,mandi_013,WH-North,23.9,1227.8,PB65BC1349,DRV522
TRP002091,,mandi019,WH-Central,13.3,567.5,RJ60CD3513,DRV418
TRP007098,,mandi_026,WH-South,5.9,311.099130519054,HR97CD5970,DRV636
TRP006172,,MANDI001,WH-Central,,884.49752794633,PB34BC9214,
TRP007522,,MANDI053,WH-South,12.5,504.8,PB16AB3524,DRV129
TRP000573,,mandi010,WH-North,,120.4,DL94BC5192,DRV454
TRP007741,,mandi013,WH-South,4.0,185.7,DL36AB3618,DRV254
TRP009941,2026-04-14,M050,WH-South,12.9,768.5,,DRV289
TRP004689,,MANDI-012,WH-Central,5.6,326.4,UP46BC3739,DRV933
TRP009438,,M011,WH-South,5.0,211.59940860762399,DL70BC3404,
TRP003063,,MANDI045,WH-Central,4.0,196.5,DL24BC4508,
TRP000598,,M026,WH-South,13.6,737.5,HR79AB6348,
TRP006471,2026-06-08,mandi_013,WH-West,6.5,285.0,DL72BC7909,DRV627
TRP007161,,M023,WH-West,7.6,346.8,PB15CD9601,DRV462
TRP006634,2026-04-15,MANDI016,WH-Central,2.8,162.4,UP67DF9896,DRV527
TRP008828,2026-04-21,022,WH-West,10.5,488.8,PB41CD3887,DRV713
TRP007876,,mandi_018,WH-Central,5.2,218.199390161548,UP14AB3943,DRV235
TRP004725,,MANDI-015,WH-West,17.2,785.797803799012,DL99BC3413,DRV915
TRP007346,,mandi_047,Export-Terminal,15.6,670.2,UP88CD7499,DRV126
TRP006305,,MANDI051,WH-South,8.5,463.4,UP50CD7411,DRV825
TRP000425,,MANDI-034,WH-North,7.6,402.09887618679403,DL42AB9386,DRV455
TRP009817,,MANDI011,Export-Terminal,21.6,1129.4,,DRV153
TRP009989,,MANDI011,WH-North,4.4,198.5,RJ40AB7226,DRV218
TRP004480,,mandi026,WH-South,16.6,762.9,,DRV884
TRP004949,,M054,WH-North,5.0,251.099298210654,DL56BC6484,DRV774
TRP005977,,mandi_027,WH-Central,8.8,503.3,RJ52CD1991,DRV899
TRP000371,,mandi_007,Export-Terminal,4.1,232.1,PB65DF3415,DRV478
TRP001939,,004,WH-North,15.6,920.7,,DRV158
TRP002353,,MANDI015,WH-North,12.4,638.2,UP21BC2468,
TRP007128,2026-05-25,mandi_011,WH-North,16.0,922.7974209031919,DL27BC9855,DRV701
TRP001754,2026-04-12,MANDI008,WH-North,2.2,110.99968977054002,PB82BC1438,DRV603
TRP003671,,010,WH-South,13.0,589.9,UP60DF7042,DRV878
TRP007299,,MANDI025,WH-Central,4.5,207.0,UP49DF2012,DRV400
TRP003653,,M045,Export-Terminal,,396.9,PB88CD6225,DRV661
TRP005202,,MANDI007,Export-Terminal,12.2,531.598514252424,HR41AB9097,DRV639
TRP008377,2026-02-21,MANDI001,WH-South,11.9,646.9,PB69AB3871,DRV814
TRP002362,,mandi_027,WH-North,,843.1,HR75CD7722,DRV131
TRP004261,2026-06-26,MANDI004,WH-East,2.0,119.0,PB18DF8605,
TRP005433,,mandi033,WH-West,,965.4,RJ61BC6149,DRV194
TRP006286,,MANDI027,WH-Central,19.5,1078.0,DL54CD3565,DRV344
TRP004992,,MANDI032,WH-North,11.0,496.1,UP77DF9683,DRV379
TRP008223,2026-08-19,MANDI-030,WH-Central,10.6,521.3,,DRV915
TRP009841,,MANDI-048,WH-East,22.9,1337.49626187475,,DRV372
TRP003738,2026-03-01,MANDI-007,WH-West,4.2,250.0,UP62DF1663,DRV350
TRP008183,,mandi021,WH-South,21.2,1223.0,,DRV694
TRP008085,,MANDI-005,Export-Terminal,8.7,350.8,DL23CD5200,DRV567
TRP008903,,MANDI-032,WH-South,23.8,1245.6,UP30BC4408,DRV639
TRP009287,,MANDI034,WH-East,24.0,1203.8,PB14BC9131,DRV612
TRP008656,,019,WH-South,22.8,1018.8,PB62BC5087,DRV670
TRP005592,,MANDI042,WH-East,4.1,244.29931721570202,UP34AB3187,DRV263
TRP001172,,mandi017,WH-South,,1163.1,RJ34DF3602,DRV211
TRP007371,,mandi_002,Export-Terminal,15.2,663.1,DL89AB3860,DRV233
TRP007928,,MANDI042,WH-East,,339.6,,DRV274
TRP008392,,M036,WH-North,2.1,97.7,DL73DF2626,DRV498
TRP008467,,mandi_044,WH-North,4.9,291.6,,DRV506
TRP001423,,MANDI042,WH-Central,23.8,978.2,PB62CD3936,DRV320
TRP006783,,MANDI-049,WH-North,11.1,639.2,PB14CD6876,DRV691
TRP009821,2026-05-08,mandi_030,WH-Central,14.1,704.7,RJ33DF6417,DRV136
TRP009135,,MANDI038,WH-North,23.3,1078.1,DL62AB4917,
TRP006107,2026-08-16,mandi_025,WH-West,8.0,331.6,PB84CD3101,DRV864
TRP009724,,mandi_005,WH-East,4.6,233.6,RJ86DF9365,DRV107
TRP008431,,MANDI024,WH-West,6.3,357.3,,DRV312
TRP006340,,MANDI002,WH-East,15.9,819.5,,DRV942
TRP007701,2026-01-12,MANDI-044,WH-West,19.9,827.4,DL89BC8062,DRV532
TRP009531,,M029,WH-West,22.5,1176.49671184721,UP14CD2575,DRV970
TRP000875,,mandi054,WH-South,2.2,107.99969815512,HR91AB3039,DRV506
TRP002298,,mandi056,WH-South,16.7,1000.4972037425699,HR82CD9347,DRV548
TRP009676,,MANDI032,WH-East,5.5,255.899284795326,PB21BC5497,
TRP002644,,MANDI-056,WH-East,16.8,757.1,PB94AB9792,DRV144
TRP005739,,MANDI011,WH-North,23.5,1086.1,DL14DF6101,
TRP001720,2026-04-20,MANDI028,WH-South,14.8,796.8977727760661,,DRV589
TRP005348,,041,WH-West,,733.6,HR30AB6263,DRV854
TRP005933,,MANDI-009,WH-North,8.8,410.2,PB65DF9117,
TRP000841,2026-03-18,mandi014,WH-West,,1013.1,,
TRP002030,,036,Export-Terminal,8.0,403.5,RJ26AB2678,DRV753
TRP000582,,MANDI051,WH-East,23.9,1279.3,UP78BC6330,DRV655
TRP000205,2026-06-14,MANDI022,Export-Terminal,7.5,434.6,HR72CD3765,DRV734
TRP007897,2026-02-15,MANDI056,WH-North,7.1,329.6,HR19AB9993,DRV434
TRP001642,,mandi_046,WH-Central,19.0,894.5974997182441,,DRV543
TRP002015,,MANDI008,WH-West,22.1,1299.9,UP49CD4915,DRV726
TRP003254,,MANDI053,WH-West,,684.8,DL57AB8604,DRV505
TRP008197,2026-06-22,MANDI027,WH-South,21.2,939.1,DL57AB4913,DRV853
TRP008016,,MANDI-038,WH-West,8.6,511.89856931116594,HR40CD6901,DRV511
TRP000906,,MANDI-014,WH-Central,,827.0,PB93CD6866,DRV610
TRP000632,,mandi_039,WH-North,18.9,802.5,,DRV365
TRP007851,,mandi_029,WH-West,,584.0,UP81CD6391,DRV174
TRP008683,,mandi_043,WH-South,6.2,284.8,RJ33DF5561,DRV164
TRP001975,,M045,WH-South,16.5,738.1979368343481,DL90CD9220,DRV401
TRP000163,2026-03-06,mandi038,WH-East,15.3,903.8,UP39BC5245,
TRP004999,2026-07-09,mandi_010,WH-East,8.8,472.7,HR47CD1800,DRV410
TRP001244,,MANDI044,WH-East,19.5,1129.3,RJ37BC9410,DRV872
TRP009961,,M050,Export-Terminal,3.5,168.3,UP50BC6482,DRV229
TRP008310,,048,WH-Central,19.3,1075.6,,DRV146
TRP004714,,mandi033,WH-North,13.8,630.4,HR27CD2051,DRV759
TRP000876,2026-06-07,mandi002,WH-North,21.3,874.9975544974999,HR37AB7294,DRV598
TRP001432,,MANDI032,WH-South,23.2,1198.2,DL15AB2903,DRV756
TRP009089,2026-05-25,MANDI-057,WH-Central,19.3,794.3,RJ55CD2848,DRV878
TRP006869,,MANDI054,WH-West,13.9,655.0,DL65BC8551,DRV273
TRP004644,,MANDI004,WH-North,17.2,969.1,,DRV820
TRP005081,,mandi_030,WH-Central,13.8,751.4,,DRV380
TRP005784,,MANDI001,WH-West,,1085.5,DL89DF3238,DRV236
TRP009555,,MANDI008,Export-Terminal,14.7,856.5,DL91DF5174,DRV839
TRP007711,,MANDI-007,Export-Terminal,13.6,798.9,,DRV159
TRP007737,,MANDI045,WH-East,9.8,569.3,DL21CD7017,DRV725
TRP004284,,MANDI-007,Export-Terminal,14.5,586.2,DL21AB2173,DRV387
TRP007532,,MANDI-006,WH-West,8.1,465.6,RJ32DF6059,DRV160
TRP008444,,MANDI056,WH-Central,6.0,270.2,HR27BC4041,DRV385
TRP009994,,mandi044,WH-East,19.0,943.1,UP67CD7718,DRV278
TRP009815,,M044,WH-East,,1252.1,UP91AB5026,DRV359
TRP002857,,MANDI049,WH-South,,579.6,PB47CD5436,DRV605
TRP001862,,MANDI052,WH-South,,713.0,RJ12BC7600,DRV343
TRP002660,2026-04-04,M045,Export-Terminal,10.1,476.698667690238,DL93CD5982,
TRP003385,,mandi_038,WH-Central,18.0,756.3,RJ99CD4712,DRV393
TRP009947,,MANDI046,Export-Terminal,3.6,147.8,DL21DF6038,
TRP009645,,MANDI053,WH-South,11.6,536.7,,DRV754
TRP008470,,MANDI046,WH-West,2.2,113.4,PB89DF5675,DRV258
TRP009361,,MANDI048,WH-West,6.2,347.99902738872,HR42AB5069,DRV722
TRP007463,,MANDI034,WH-West,8.1,481.298654833882,DL59DF9588,DRV660
TRP006887,,MANDI-046,WH-South,10.7,597.9,PB78BC4525,DRV527
TRP004734,,mandi_010,WH-East,22.4,1086.0,RJ46AB1549,DRV672
TRP003332,,MANDI019,WH-West,18.9,836.99766070218,RJ38AB6656,
TRP009370,,mandi045,WH-Central,,110.4,UP74BC4809,DRV382
TRP007750,,MANDI052,WH-West,3.0,143.9,HR20BC8369,DRV341
TRP008983,,mandi_049,WH-West,21.8,1000.6,UP48BC7790,DRV722
TRP006405,,MANDI034,WH-South,10.1,421.2,RJ14DF8652,DRV128
TRP008680,,mandi046,WH-North,10.4,605.298308271242,UP55AB4256,DRV544
TRP009843,2026-05-30,mandi033,WH-West,17.7,810.6,DL80DF9659,DRV552
TRP007061,,mandi_056,WH-North,10.9,502.6,HR14AB4661,DRV526
TRP002097,,MANDI027,Export-Terminal,3.0,136.5,PB79AB7841,DRV646
TRP002004,2026-06-21,MANDI025,WH-South,,89.5,UP56CD7849,DRV829
TRP008742,,MANDI033,WH-North,13.0,541.5,DL73BC2839,DRV142
TRP008000,,012,Export-Terminal,,711.9,,
TRP009279,,mandi_040,WH-Central,13.2,683.6,DL97DF2365,DRV925
TRP004677,,MANDI048,WH-North,16.7,823.5,UP21DF9367,
TRP008179,,MANDI023,WH-Central,,653.898172441046,PB69CD7898,DRV677
TRP005018,,MANDI-048,WH-East,18.2,995.1,,DRV335
TRP007470,,MANDI-033,WH-North,11.0,456.1,PB92BC5445,DRV421
TRP000547,2026-01-04,MANDI-044,WH-West,5.7,263.6,DL51BC2072,DRV384
TRP001450,,mandi029,WH-Central,19.6,826.6,,DRV352
TRP003987,,MANDI018,WH-East,5.6,285.0,,DRV629
TRP006901,,MANDI038,WH-Central,8.3,396.5,DL35BC4688,DRV869
TRP002611,,MANDI050,WH-East,,352.2,,DRV717
TRP001901,,MANDI-036,WH-North,10.8,471.3,HR52CD7195,DRV965
TRP008187,,MANDI043,WH-East,11.3,582.1,,DRV693
TRP003921,2026-02-10,MANDI-038,WH-West,11.7,689.3,RJ36DF1549,DRV147
TRP002758,,MANDI001,WH-Central,,371.5,RJ62AB5879,DRV193
TRP006125,2026-03-27,M007,WH-North,6.2,250.1,,DRV658
TRP007798,,MANDI007,Export-Terminal,16.3,670.6,RJ78CD4219,DRV202
TRP006398,,MANDI-046,WH-Central,16.1,945.9,PB32CD5777,DRV739
TRP009015,,MANDI009,WH-East,3.0,157.1,,DRV363
TRP002098,,MANDI034,WH-South,,1261.4,PB25DF6063,DRV620
TRP005625,,MANDI008,Export-Terminal,15.4,682.5,RJ77AB2100,DRV917
TRP003472,2026-09-07,MANDI034,Export-Terminal,5.2,308.3,UP29BC9724,DRV887
TRP002172,,mandi017,Export-Terminal,13.6,660.9,DL95BC4350,DRV142
TRP009602,,MANDI024,WH-Central,,1100.9,PB68DF8016,DRV666
TRP009553,,MANDI013,WH-North,,612.0,,DRV759
TRP002011,,M057,WH-Central,10.1,421.6,,
TRP005704,2026-02-01,MANDI010,WH-South,17.6,809.2,,DRV668
TRP001284,,M017,WH-South,,745.1,DL46DF7178,DRV362
TRP009983,,MANDI025,Export-Terminal,,371.5,HR54AB3385,DRV319
TRP001020,,MANDI033,WH-West,23.9,1324.9,UP66DF3559,DRV899
TRP002811,,MANDI053,WH-West,12.1,504.4,HR75DF9957,DRV260
TRP008979,,MANDI013,WH-East,17.9,872.8,HR76AB8508,DRV744
TRP001652,,MANDI047,WH-Central,19.9,1087.796959751292,RJ90DF8774,DRV935
TRP009998,,mandi017,WH-Central,3.0,142.79960089399202,,DRV732
TRP001170,,MANDI023,WH-South,,119.0,DL37CD3435,DRV780
TRP006257,,MANDI012,Export-Terminal,15.4,681.3,UP13BC9981,DRV145
TRP005470,2026-02-19,MANDI013,WH-South,23.7,1153.4,UP64AB6562,DRV647
TRP000868,,mandi_018,WH-West,2.5,132.5,PB32BC4920,
TRP005094,,MANDI-040,WH-East,20.9,1084.096970092274,UP78CD6853,DRV964
TRP005434,,MANDI054,WH-East,22.1,1249.1,UP58DF7351,DRV948
TRP000542,,MANDI025,WH-West,6.5,298.6,UP93DF9703,DRV805
TRP005382,,MANDI055,WH-Central,5.2,294.0,HR81AB3126,DRV461
TRP006355,,M050,Export-Terminal,10.2,425.8,DL86BC2979,DRV474
TRP009707,,MANDI032,Export-Terminal,9.4,397.2,DL50DF6919,
TRP003391,,mandi_014,Export-Terminal,16.8,767.2,,DRV796
TRP008381,,mandi031,WH-South,4.9,209.1,PB47AB9717,DRV342
TRP001618,,MANDI052,WH-Central,20.1,901.0,UP31AB8704,DRV977
TRP003960,,mandi_007,WH-Central,17.4,982.6,UP15DF1304,DRV986
TRP006644,2026-02-19,MANDI-028,WH-West,9.6,560.6,DL30CD8394,
TRP006842,,MANDI-018,WH-North,19.4,983.0,RJ90BC7798,DRV412
TRP008632,,MANDI-003,WH-Central,11.9,636.1,HR80DF5264,
TRP003587,,MANDI-021,WH-South,11.8,620.5,UP11BC2834,DRV823
TRP008419,2026-02-09,M029,WH-Central,4.2,188.3,DL36CD6863,DRV883
TRP002564,,MANDI021,WH-West,2.4,102.99971212942,HR33CD5772,DRV402
TRP005037,,MANDI027,WH-South,19.1,786.7,DL70AB6616,DRV935
TRP001081,,025,WH-North,9.8,520.49854527537,PB19CD2968,DRV399
TRP005892,,MANDI040,WH-Central,10.7,562.3,RJ37DF7081,DRV749
TRP004967,,MANDI001,Export-Terminal,5.8,327.6,RJ39AB3158,DRV448
TRP002024,,032,WH-East,6.3,330.1,HR15AB9419,DRV130
TRP009350,,mandi020,Export-Terminal,8.0,422.5,HR45CD6929,DRV247
TRP007910,,mandi_019,WH-South,6.0,264.2,HR63BC9407,DRV319
TRP009068,2026-04-21,mandi038,Export-Terminal,9.3,464.29870234650195,RJ28DF5145,DRV550
TRP007322,2026-07-24,mandi011,WH-North,10.8,572.9,UP69AB1422,DRV757
TRP000227,,M006,WH-West,11.8,607.798301284092,,DRV679
TRP001014,,MANDI055,WH-West,4.1,231.7,UP62AB2635,DRV575
TRP001930,2026-06-27,mandi033,WH-North,,481.6,UP28AB9098,DRV852
TRP005252,,mandi031,Export-Terminal,16.5,807.49774315055,DL94AB3033,DRV288
TRP002180,2026-04-03,mandi_026,WH-East,4.3,206.2,HR12AB4822,DRV101
TRP000698,,MANDI-047,Export-Terminal,12.9,691.7,UP64CD7470,DRV708
TRP001125,,MANDI042,WH-South,21.0,897.8,DL54BC9729,
TRP007379,,mandi_047,WH-North,6.0,255.2,HR42BC3949,DRV574
TRP009768,,MANDI038,WH-South,15.2,777.9,DL28AB9114,DRV456
TRP005111,,M017,WH-West,11.1,530.0,RJ49BC1480,DRV114
TRP007903,,M001,WH-Central,12.4,642.7,RJ16BC2390,DRV713
TRP001779,2026-07-10,mandi018,WH-West,9.1,446.7,RJ56DF8897,DRV648
TRP008319,,MANDI047,WH-South,,267.7,HR90CD5658,DRV961
TRP002635,,MANDI049,Export-Terminal,16.0,954.49733230613,DL35BC1836,DRV428
TRP007545,,MANDI037,WH-North,15.7,918.9,PB71DF4050,DRV279
TRP007605,,MANDI-031,WH-East,18.9,938.1,RJ49CD6541,DRV679
TRP003490,,MANDI054,WH-East,8.4,469.19868865168803,HR34BC4978,DRV771
TRP001038,,MANDI055,WH-South,18.1,1064.49702487153,PB69CD7419,DRV741
TRP008521,,MANDI049,WH-East,3.3,143.0,HR61BC9202,DRV829
TRP002650,,mandi012,WH-East,5.7,250.3,HR41AB1420,DRV879
TRP002980,,mandi_047,WH-Central,8.0,457.8,DL36CD8345,DRV165
TRP002548,,MANDI056,WH-West,14.6,854.0,RJ33DF5415,DRV719
TRP005133,,M038,Export-Terminal,8.0,397.39888932263597,HR79BC6348,
TRP002160,,MANDI-042,WH-West,18.8,923.9,HR52CD7181,DRV148
TRP006446,,MANDI013,WH-East,14.6,858.1,HR78DF7485,DRV571
TRP003968,2026-03-22,MANDI-042,WH-West,12.9,756.897884570466,HR59CD3940,DRV992
TRP001429,,MANDI014,Export-Terminal,,188.6,,
TRP008757,,mandi_021,WH-Central,23.0,1208.3,HR76BC6357,DRV590
TRP002521,,MANDI026,WH-Central,8.6,360.9,,DRV483
TRP008034,,MANDI-039,WH-Central,6.2,290.3,DL42BC6469,DRV180
TRP008980,,mandi_031,WH-North,14.9,645.7,,DRV983
TRP002361,,MANDI045,WH-North,4.5,194.19945723818802,PB18AB8135,
TRP000449,,MANDI-052,WH-Central,21.5,873.8,DL36CD8850,DRV104
TRP008827,,MANDI023,Export-Terminal,23.2,1117.6,,DRV369
TRP005996,,mandi_014,WH-North,22.8,1088.9,HR47DF1070,DRV350
TRP008371,,MANDI029,Export-Terminal,12.2,575.7,HR62DF3508,DRV162
TRP003728,,MANDI042,WH-North,14.4,705.6,UP38AB7137,
TRP007354,,MANDI020,WH-South,14.7,703.9,HR19CD5935,DRV552
TRP006280,,M034,WH-West,20.8,1092.0,UP28AB9114,DRV309
TRP009303,,mandi015,WH-West,,514.0,DL93DF1766,DRV982
TRP007296,,052,Export-Terminal,5.8,300.79915930611196,DL72DF8527,DRV639
TRP006252,,MANDI003,WH-East,22.3,1012.5,PB30CD3030,DRV157
TRP005927,,mandi012,WH-North,22.2,923.1,HR76BC3302,DRV116
TRP002461,,MANDI051,WH-Central,19.9,826.7,PB41DF5106,DRV993
TRP000023,,M022,Export-Terminal,12.8,625.9,RJ72AB3993,DRV798
TRP002067,,MANDI-022,WH-East,12.2,669.7,,DRV174
TRP001654,,MANDI036,WH-Central,14.9,645.6,UP99AB3674,DRV348
TRP001377,,010,WH-Central,21.6,1070.49700810237,PB62DF6339,DRV731
TRP001725,,MANDI-051,WH-West,23.2,1233.4,PB53DF6801,DRV657
TRP003755,,mandi015,Export-Terminal,11.2,484.9,,DRV313
TRP004184,,MANDI032,WH-Central,15.1,604.3,RJ21CD9681,
TRP004083,,M024,Export-Terminal,5.4,300.5,HR66CD9016,
TRP006580,2026-01-30,MANDI-031,Export-Terminal,13.7,754.1,UP87DF9518,DRV270
TRP004559,2026-05-08,MANDI034,WH-South,18.3,1051.6,,DRV404
TRP003538,,MANDI053,Export-Terminal,15.8,886.697521797638,DL60AB2259,
TRP007004,,MANDI057,Export-Terminal,7.4,419.2,UP69BC3291,DRV446
TRP009848,2026-07-06,MANDI-007,WH-West,,896.7,PB76BC5585,DRV639
TRP000647,2026-08-14,MANDI037,WH-South,20.8,1232.2,RJ21CD8257,DRV284
TRP006382,,MANDI047,WH-North,13.5,745.197917270328,HR53AB1547,DRV407
TRP007528,,MANDI027,WH-East,23.8,1363.1,UP46DF8518,DRV207
TRP003146,,MANDI036,WH-East,17.1,720.1,UP74CD9506,DRV272
TRP007166,,mandi_018,WH-East,2.3,92.3,DL45AB4525,
TRP009330,,M008,WH-West,4.0,223.8,,DRV841
TRP007698,2026-04-30,MANDI-012,WH-South,6.9,310.5,PB28BC2783,DRV925
TRP009782,,M028,WH-East,15.1,681.1,UP78BC7812,DRV428
TRP004876,,MANDI056,WH-North,4.0,181.2,HR58DF5348,
TRP008941,,MANDI013,WH-West,17.0,781.7,PB31BC2250,DRV220
TRP005342,2026-09-08,MANDI032,WH-East,3.6,155.6,DL80BC4618,DRV704
TRP007032,,MANDI020,WH-East,16.4,814.097724704474,,DRV189
TRP002161,,MANDI017,WH-South,15.5,826.5,HR76DF1079,DRV331
TRP000686,,MANDI-016,WH-South,18.0,1039.797093904572,HR14CD8036,
TRP002462,,MANDI030,WH-South,,362.3,PB17AB3344,DRV382
TRP007129,,MANDI-046,Export-Terminal,6.3,356.3,,DRV443
TRP006268,2026-04-27,MANDI011,WH-North,12.6,740.9979290087399,UP46AB6544,DRV373
TRP004942,2026-02-13,mandi_011,WH-North,22.0,1144.6,HR29CD9363,DRV122
TRP005947,,mandi_016,WH-Central,11.7,580.8,UP68DF2788,DRV300
TRP004584,,MANDI-053,WH-West,3.0,134.7,RJ43DF7922,DRV123
TRP005785,,MANDI-043,Export-Terminal,5.4,275.4,PB43DF3005,
TRP007570,,M015,WH-South,17.3,750.6,RJ52BC4049,DRV673
TRP000522,2026-07-17,MANDI053,WH-South,,474.3,DL23DF9228,
TRP003984,,MANDI021,WH-East,9.7,393.09890134053404,RJ70BC3537,DRV935
TRP009943,,mandi032,WH-Central,,488.5,RJ78CD3659,DRV679
TRP000781,,MANDI013,Export-Terminal,,500.098602290514,DL55BC1482,DRV909
TRP008564,,MANDI056,WH-West,,610.2,,DRV363
TRP005608,,MANDI032,WH-North,10.0,511.2,DL88AB1727,DRV275
TRP005979,2026-07-28,mandi_038,WH-South,8.6,396.4,UP97BC9560,DRV500
TRP003748,,mandi_006,Export-Terminal,21.4,901.6,PB54CD5053,DRV716
TRP002197,,MANDI-033,Export-Terminal,11.9,656.6,,DRV866
TRP005267,,MANDI011,WH-Central,2.7,141.6,DL27CD4962,
TRP004286,2026-07-09,MANDI-052,WH-South,15.8,746.0,RJ54CD1824,DRV687
TRP006980,,MANDI002,WH-South,20.7,1099.996925654,HR50DF7280,DRV804
TRP001828,2026-07-29,MANDI054,Export-Terminal,,717.2,DL21DF5088,DRV180
TRP001189,,mandi_005,WH-East,10.9,487.0,RJ93DF9913,DRV138
TRP002377,,049,WH-South,,1068.4,UP24AB5000,DRV169
TRP003840,,mandi_004,Export-Terminal,,192.0,UP47AB6192,
TRP001247,2026-01-04,MANDI028,WH-North,22.4,1264.7,PB41DF3429,DRV864
TRP007505,,MANDI033,Export-Terminal,6.3,359.898994129886,RJ57DF9819,DRV201
TRP006512,,M021,WH-North,14.0,724.0,PB46BC8311,
TRP005440,2026-07-10,mandi_028,WH-South,10.4,546.6,UP67DF9359,DRV159
TRP009614,,MANDI-038,WH-South,2.6,147.0,HR27BC3593,DRV739
TRP005511,,MANDI-037,WH-South,9.0,537.0,PB72CD1182,DRV669
TRP005331,,M043,WH-West,16.0,876.6,PB95DF7510,DRV278
TRP004532,,MANDI-009,WH-South,4.0,218.4,HR71BC8270,DRV489
TRP000366,,MANDI046,Export-Terminal,21.7,1149.1,,DRV774
TRP003313,,003,WH-North,22.2,1207.2966257655219,,DRV403
TRP000148,,mandi037,Export-Terminal,14.6,788.197797091348,UP68BC9093,DRV261
TRP001669,,M021,WH-Central,4.2,227.5,PB53DF3715,DRV633
TRP009202,,M039,WH-South,,252.8,DL96DF4204,DRV987
TRP007651,2026-04-22,MANDI023,WH-West,2.6,118.6,DL43CD4471,DRV947
TRP007789,,mandi_045,WH-North,,938.3,UP92AB6289,DRV971
TRP003457,,mandi_055,WH-North,18.6,1002.99719675542,RJ75DF7177,DRV136
TRP003272,,MANDI043,WH-South,12.4,677.298107041322,RJ44BC2002,DRV816
TRP004941,,MANDI-024,WH-North,,1098.1,,DRV951
TRP006231,,M020,WH-North,,1291.3,,
TRP009265,,MANDI031,WH-Central,11.8,498.8,,DRV205
TRP008450,,mandi053,Export-Terminal,19.7,869.3,DL10AB7087,DRV696
TRP003927,2026-08-30,MANDI-044,Export-Terminal,2.5,111.5,DL53CD4188,
TRP008889,,MANDI-048,WH-Central,14.8,761.6,UP63DF4402,DRV734
TRP008081,,MANDI027,WH-South,23.6,1413.5,DL84BC6541,DRV278
TRP000079,,MANDI-023,WH-West,21.5,1212.3,HR60AB1135,DRV850
TRP007089,2026-06-12,MANDI037,WH-West,19.8,1054.4,DL94BC7994,DRV540
TRP002248,,045,WH-East,18.9,911.7,HR20CD6946,DRV739
TRP008798,,M043,WH-South,22.3,1000.2,,DRV512
TRP004774,2026-02-15,036,WH-East,19.9,814.49772358653,RJ23AB3423,DRV785
TRP007452,,MANDI009,Export-Terminal,8.2,396.198892676468,DL97DF4694,DRV267
TRP002280,,mandi_005,WH-West,20.7,856.2,,
TRP008124,,MANDI019,WH-West,,651.49817914871,UP49BC1167,DRV212
TRP003898,,MANDI056,WH-West,,304.3,DL24CD2488,DRV466
TRP007178,,MANDI056,Export-Terminal,9.8,392.7,PB58CD6718,DRV185
TRP009831,,MANDI-054,WH-Central,4.4,221.29938149748202,HR93BC9854,
TRP003632,,MANDI001,Export-Terminal,15.5,785.6,DL87DF8179,DRV958
TRP008971,,mandi002,WH-Central,14.3,632.2,,DRV810
TRP006273,,MANDI005,WH-West,20.0,1108.5,,DRV383
TRP000393,2026-01-04,M041,WH-West,8.7,511.8,DL15DF2199,DRV819
TRP003192,2026-06-08,MANDI-056,WH-Central,,513.6,RJ81CD2283,DRV246
TRP000017,2026-07-13,MANDI002,Export-Terminal,23.0,1379.0,HR47CD6280,DRV334
TRP004201,,mandi_007,WH-West,18.5,888.6,RJ45DF4677,DRV252
TRP002673,2026-03-10,mandi009,WH-East,7.6,374.1,RJ77CD4950,DRV956
TRP006165,2026-06-23,MANDI-010,WH-Central,,607.1,,DRV201
TRP003494,,MANDI038,WH-West,10.4,560.7,PB80CD5597,DRV665
TRP007395,,MANDI036,WH-North,16.0,778.3,DL69DF4608,DRV389
TRP004840,,MANDI019,Export-Terminal,,694.9,PB41BC5554,DRV108
TRP000594,,MANDI-020,WH-South,20.5,995.1,PB51CD1186,DRV185
TRP009687,2026-04-06,MANDI001,WH-East,6.6,315.8,DL76DF6023,
TRP005828,,MANDI047,WH-South,,249.4,,
TRP007962,,MANDI021,WH-Central,3.2,129.99963666820003,UP53CD3625,DRV351
TRP005888,,MANDI018,WH-West,16.2,957.9,UP49AB2378,DRV617
TRP002356,2026-08-10,MANDI053,WH-West,,605.6983071532981,DL52AB6830,DRV930
TRP006037,2026-09-06,MANDI055,WH-North,5.3,229.199359418088,PB50CD2070,DRV113
TRP004799,,mandi045,WH-Central,15.4,908.8,HR76DF2706,DRV404
TRP008993,,MANDI045,WH-East,19.2,865.3,RJ19CD1916,DRV131
TRP004593,,mandi_031,WH-East,16.5,820.6,RJ80CD5351,DRV612
TRP000164,,mandi_048,Export-Terminal,6.6,281.6,PB96AB9004,DRV399
TRP009632,,MANDI-051,Export-Terminal,13.9,805.1,RJ31CD1073,DRV205
TRP009811,,MANDI044,WH-Central,19.0,828.5,,
TRP008895,,mandi040,WH-Central,20.5,1197.9,RJ77BC8905,DRV117
TRP007381,,MANDI-002,WH-South,18.0,873.7,UP50BC8694,
TRP006357,,MANDI045,WH-East,23.2,1114.9,DL94AB2788,
TRP005543,2026-03-04,MANDI029,WH-North,,926.2,,
TRP006008,,MANDI029,Export-Terminal,8.3,342.6,UP34AB9780,DRV387
TRP007994,2026-03-14,mandi_033,Export-Terminal,18.7,761.9,DL47BC9825,DRV453
TRP007639,,mandi027,Export-Terminal,22.7,1273.6,PB65AB6443,DRV907
TRP006794,,MANDI031,WH-West,18.3,987.5,HR84AB8046,DRV638
TRP007759,2026-04-27,mandi_049,WH-South,10.2,417.7,HR41BC3942,DRV874
TRP004838,,MANDI-014,WH-East,3.8,166.7,DL89DF6998,DRV160
TRP002294,,MANDI006,WH-Central,4.5,266.2,RJ51AB5617,DRV307
TRP006549,2026-05-06,mandi_031,Export-Terminal,6.6,274.799231972472,UP60CD2310,
TRP007899,,MANDI013,WH-South,,520.6,PB98CD2483,DRV146
TRP004482,2026-03-06,MANDI018,Export-Terminal,21.8,1294.8,UP72DF2065,DRV135
TRP003717,2026-07-14,M044,WH-Central,14.4,612.8,PB76BC8696,DRV241
TRP006141,,M029,WH-North,,805.8,UP21BC2919,DRV407
TRP001550,,MANDI048,WH-North,6.9,297.9,,DRV167
TRP002045,2026-02-21,mandi_019,WH-Central,23.8,1248.4,UP28BC7636,
TRP000768,,M044,WH-East,13.3,639.7,PB14BC1498,DRV456
TRP005694,,MANDI-001,WH-East,16.6,684.3,PB14BC7321,DRV550
TRP007871,,mandi_030,WH-North,11.9,709.3,UP58BC6298,DRV759
TRP007858,,MANDI019,WH-South,7.9,329.8,PB26BC1511,DRV625
TRP003303,,MANDI029,WH-Central,14.1,713.8,RJ18BC5288,DRV863
TRP004518,,mandi026,WH-North,7.8,382.0989320839941,PB13AB1322,DRV138
TRP009442,,MANDI011,WH-North,12.1,621.298263553482,DL47AB4796,DRV664
TRP003293,,MANDI018,WH-South,9.7,401.4,DL70DF9251,DRV972
TRP001404,,MANDI034,WH-South,,995.8,HR99BC2336,DRV161
TRP001383,,mandi050,WH-North,,590.99834823774,RJ32DF7834,DRV753
TRP006929,,mandi_044,WH-North,4.6,244.6,,DRV184
TRP005672,,MANDI056,WH-North,3.4,138.4,UP52CD2585,DRV494
TRP001639,,MANDI010,WH-South,14.1,693.6,HR42CD2190,DRV946
TRP006908,2026-01-24,MANDI026,Export-Terminal,15.7,830.49767886877,RJ76CD4009,DRV535
TRP006407,,M006,WH-North,22.3,1218.8,DL58DF1488,
TRP001180,,MANDI054,WH-North,22.9,994.097221629674,HR57DF4111,DRV816
TRP005449,,MANDI-056,WH-Central,,1069.5,UP82DF7822,DRV895
TRP005079,,010,WH-West,14.4,690.7,HR31AB7047,
TRP005176,,MANDI-048,Export-Terminal,13.3,762.697868360278,UP27AB6231,DRV514
TRP000690,,MANDI-007,Export-Terminal,20.8,1212.2,RJ99CD3567,DRV602
TRP009210,2026-06-17,M001,WH-West,17.2,823.8,RJ43BC2131,DRV776
TRP006526,,MANDI026,WH-West,12.0,690.1980709876281,,
TRP009784,,mandi051,WH-East,11.3,627.2,PB10DF4182,DRV183
TRP006489,,MANDI054,WH-South,14.0,679.6,UP81DF2725,
TRP007155,,MANDI-011,WH-North,7.2,418.3,HR40AB7998,
TRP008759,,mandi_030,Export-Terminal,14.3,716.3,HR74AB7214,DRV599
TRP006611,,MANDI-020,WH-West,,1100.5,HR40CD5096,DRV424
TRP008913,2026-01-21,mandi045,Export-Terminal,9.6,401.1,HR17CD3015,DRV366
TRP004350,,MANDI016,WH-South,7.8,461.9,PB77AB7180,DRV418
TRP001885,,mandi_055,WH-North,22.7,1309.7,PB55DF5777,DRV617
TRP008987,,mandi_021,WH-North,6.9,282.2,RJ23CD1193,DRV561
TRP002495,,M011,WH-North,18.9,850.0,RJ25BC1166,DRV314
TRP005948,,044,WH-Central,12.9,698.7,RJ60DF1835,DRV297
TRP003037,,030,WH-East,11.6,468.5,,DRV779
TRP005778,,MANDI031,WH-East,8.8,523.8,DL74DF8721,DRV800
TRP000846,,MANDI056,WH-West,,1043.6,UP27DF1617,DRV880
TRP007968,,MANDI-037,WH-North,20.0,1063.9,HR94CD2514,DRV872
TRP008822,,mandi052,WH-West,5.0,238.6,RJ62DF1982,DRV861
TRP007341,,MANDI-003,WH-West,16.9,1009.4,HR63AB6180,DRV154
TRP009371,,MANDI050,WH-East,23.7,1236.7,UP39CD5722,DRV189
TRP009075,,MANDI-018,WH-South,11.3,579.5,HR74BC7875,DRV963
TRP007138,,MANDI-030,WH-North,17.1,1002.4,PB31BC3051,DRV203
TRP002965,,MANDI-046,Export-Terminal,6.7,326.299088037182,UP81DF9038,
TRP002530,,MANDI008,WH-East,13.5,777.1,PB59AB1872,DRV190
TRP005773,2026-02-14,MANDI-051,Export-Terminal,12.9,738.8,,DRV945
TRP001049,2026-08-16,MANDI053,WH-Central,9.6,557.2,,DRV696
TRP007046,,mandi_019,WH-East,,698.1,RJ70CD7844,DRV257
TRP001961,2026-04-03,mandi044,WH-Central,,740.3,PB79AB9692,DRV449
TRP002531,,MANDI008,Export-Terminal,22.6,1055.0,PB43BC7505,DRV847
TRP008430,,mandi_007,WH-East,2.1,92.699740916478,PB73DF8615,DRV299
TRP004918,,051,WH-North,,571.898401619566,RJ10DF6926,DRV322
TRP005902,,MANDI009,WH-South,17.9,849.3,,DRV483
TRP008287,2026-06-18,mandi001,WH-North,17.2,993.5,PB33AB8740,DRV444
TRP004260,,MANDI055,Export-Terminal,23.5,1084.3,DL13DF9939,
TRP005657,,M010,WH-North,16.1,743.7,,DRV942
TRP006098,,MANDI044,WH-West,,739.0,RJ24BC5571,DRV200
TRP005908,2026-04-04,MANDI009,WH-West,2.8,143.3,,
TRP007374,,mandi021,WH-South,,670.3,DL78CD2900,DRV940
TRP002979,,mandi_012,WH-South,,711.9,,DRV193
TRP009219,2026-07-13,030,WH-West,21.5,899.8,DL91CD5026,
TRP009673,,MANDI020,WH-East,3.0,154.199569032588,DL10CD8128,DRV961
TRP006722,,M037,WH-Central,7.9,378.89894102754596,RJ59BC2200,DRV955
TRP007843,,MANDI-055,WH-South,,740.9,UP18AB7938,DRV204
TRP008265,,MANDI-018,WH-South,9.4,518.2,DL47CD6042,DRV385
TRP009119,2026-09-01,MANDI051,WH-East,2.2,110.7,UP80BC6712,DRV475
TRP003139,,MANDI-028,WH-South,15.8,898.7,HR24BC9889,DRV132
TRP008326,,mandi_009,WH-North,,1126.1,,DRV445
TRP007754,,MANDI-020,WH-West,12.0,506.69858384443796,UP54DF3863,DRV130
TRP001827,,MANDI-012,Export-Terminal,20.3,1185.1,PB51BC7522,DRV798
TRP005549,,MANDI001,WH-South,21.7,1079.8,RJ74DF2019,
TRP000561,,MANDI049,WH-South,7.8,325.4,UP37CD2873,DRV763
TRP009162,,M031,WH-North,3.3,143.1,UP90AB9579,
TRP008436,,mandi003,WH-South,23.9,1333.1,PB70BC2844,DRV468
TRP005436,,mandi040,WH-North,22.2,952.6,UP82AB9045,DRV560
TRP004438,,mandi_035,WH-East,19.6,1152.6,UP70DF5617,DRV995
TRP001443,,mandi026,WH-South,3.7,170.3,,DRV260
TRP008454,,M025,WH-Central,22.9,1319.9,,DRV736
TRP004407,,MANDI031,WH-South,,1412.3,HR88AB9086,
TRP009914,2026-09-06,M043,Export-Terminal,9.6,560.99843208354,,DRV384
TRP001690,,MANDI049,WH-Central,13.3,707.1,RJ44BC9103,DRV584
TRP007229,,mandi_014,WH-North,22.1,1202.2,PB70BC2731,DRV858
TRP009357,,M013,WH-East,17.7,935.7,,DRV771
TRP005963,,MANDI022,WH-North,23.6,1032.2,DL54BC9804,DRV675
TRP002497,2026-04-30,MANDI026,WH-West,10.0,433.9,PB25DF2607,DRV520
TRP008531,2026-06-10,MANDI-044,WH-Central,,810.4,DL69BC6181,DRV493
TRP000341,,MANDI-031,WH-South,3.2,157.799558971092,UP77BC3632,DRV965
TRP002409,,MANDI039,WH-North,,687.9,PB95DF1053,DRV226
TRP008693,,MANDI035,WH-Central,,914.3,PB71CD1350,
TRP005783,,mandi_018,WH-Central,5.9,345.399034655356,,DRV665
TRP004577,,M013,Export-Terminal,16.8,1000.7,HR90DF7402,DRV583
TRP003726,,mandi_014,WH-North,3.6,176.7,,DRV796
TRP002786,,MANDI-033,WH-Central,5.5,301.1,UP85CD6458,DRV205
TRP001013,,MANDI-042,WH-South,8.3,464.9,RJ77CD4907,DRV387
TRP005281,,MANDI042,WH-West,,783.2,RJ92AB3628,DRV179
TRP004896,,MANDI-055,WH-West,14.7,811.7,DL80CD9686,
TRP007122,,MANDI-025,WH-South,19.8,809.8,HR75CD5561,DRV404
TRP006550,2026-07-07,MANDI032,WH-South,22.6,1186.5,DL89BC6231,DRV349
TRP004038,2026-09-04,mandi_028,WH-South,4.3,211.4,UP74BC8246,
TRP000149,2026-06-09,mandi_053,WH-South,6.3,335.4,,DRV767
TRP000286,,mandi_049,WH-East,11.8,608.5,PB68DF1657,DRV352
TRP006631,2026-01-27,MANDI046,WH-West,19.1,794.8,PB61DF1670,DRV635
TRP008745,2026-05-21,MANDI047,WH-West,5.3,296.09917244195407,,DRV406
TRP006771,,MANDI028,WH-East,15.5,816.3,,
TRP004444,,MANDI017,WH-North,3.5,157.1,HR57CD6784,DRV955
TRP007447,,mandi_034,WH-East,19.3,1108.3,DL42BC3909,DRV443
TRP000237,,M040,WH-Central,23.6,1272.1,,DRV264
TRP009971,,mandi_051,WH-Central,14.2,576.898387645266,HR89BC1097,DRV394
TRP007124,,MANDI-017,WH-North,13.5,585.6983630504981,DL60BC5399,DRV238
TRP008691,,MANDI039,Export-Terminal,8.0,361.3,PB48AB5968,DRV956
TRP003084,,MANDI049,WH-West,,1145.8967973699262,UP48BC4843,DRV236
TRP000633,,MANDI001,WH-Central,,435.398783117956,UP24DF5476,DRV473
TRP006814,,mandi053,WH-North,5.1,213.6,DL19AB8443,DRV141
TRP002494,2026-08-01,MANDI057,WH-Central,10.8,571.7,PB83DF8215,DRV774
TRP002666,,MANDI028,Export-Terminal,11.0,647.298190887122,,DRV259
TRP008832,,MANDI052,WH-Central,,1010.7,RJ89BC4414,DRV708
TRP008760,,M005,WH-South,8.1,363.9,UP80CD8303,
TRP009916,,mandi_057,Export-Terminal,20.3,1046.5,DL24BC1552,DRV378
TRP004212,,MANDI004,WH-South,,737.9,DL24BC4859,DRV718
TRP003875,,mandi_040,WH-South,6.0,285.5,PB88DF3910,
TRP002818,,mandi_008,WH-South,13.9,715.7,RJ29DF4581,
TRP008601,,mandi028,WH-Central,15.4,620.8,RJ70CD7568,
TRP000519,,mandi_040,WH-South,18.8,1043.2,RJ15DF1359,DRV555
TRP009343,,004,WH-North,,700.4,RJ78DF6777,DRV357
TRP007427,,mandi_001,WH-North,6.6,374.798952486472,DL71CD1631,DRV229
TRP008949,,MANDI048,WH-Central,2.2,112.3,PB24CD7299,DRV964
TRP008812,2026-02-07,MANDI056,WH-Central,4.4,208.5,DL67CD3719,DRV701
TRP009569,,mandi044,Export-Terminal,14.1,705.0,PB20BC8108,DRV105
TRP001736,2026-06-14,MANDI032,WH-East,,232.7,DL53CD3718,DRV324
TRP007398,,MANDI-007,WH-South,21.1,898.0,,DRV742
TRP004256,2026-07-23,MANDI014,WH-West,21.2,1254.396494127616,PB29CD6571,DRV212
TRP008621,,MANDI023,Export-Terminal,24.0,1177.8,RJ31DF7797,DRV533
TRP002476,,MANDI056,WH-Central,2.5,130.0,DL41AB3629,DRV305
TRP001254,,MANDI041,WH-South,18.2,1013.2,,
TRP003714,2026-01-22,MANDI045,Export-Terminal,,235.7,RJ80AB2912,DRV958
TRP009341,,MANDI043,WH-Central,6.5,313.5,PB85BC4007,DRV211
TRP001805,,MANDI022,WH-Central,17.3,947.7,UP54DF2553,DRV956
TRP000708,,015,WH-East,13.0,684.2,UP88DF4081,DRV463
TRP009561,2026-01-22,MANDI005,Export-Terminal,11.8,578.8,RJ31CD2080,DRV297
TRP005190,,mandi046,WH-Central,9.1,373.4,DL36BC4451,DRV657
TRP005473,,MANDI031,WH-North,15.6,721.0,RJ83CD4866,DRV217
TRP000073,,M038,WH-West,,120.8,RJ60AB5280,DRV544
TRP007844,,mandi054,WH-East,,924.0,PB33BC3219,DRV150
TRP005102,,mandi011,WH-East,18.7,1022.1,PB40BC5920,DRV607
TRP006765,2026-04-07,MANDI021,Export-Terminal,21.0,1157.8,PB99CD1499,DRV390
TRP001126,,MANDI-041,WH-West,17.4,942.1,,DRV758
TRP001242,,mandi_007,Export-Terminal,2.9,165.8,DL58DF1302,DRV499
TRP008586,,mandi_004,WH-South,8.3,422.2,DL72AB5501,DRV315
TRP002350,,MANDI-012,WH-West,15.2,650.3,RJ19CD1036,DRV668
TRP006603,2026-01-16,MANDI017,WH-West,23.1,1068.6,HR11BC3887,
TRP006781,,MANDI008,WH-Central,5.7,303.4,HR49CD5605,DRV513
TRP004359,,040,WH-Central,17.7,826.6,,DRV783
TRP001344,,mandi_010,WH-South,2.8,129.8,PB47DF2754,DRV472
TRP004399,,mandi015,Export-Terminal,15.8,634.6,PB18CD3167,DRV822
TRP009028,,MANDI026,WH-South,,1171.6,RJ16CD3877,
TRP009960,,mandi_052,WH-North,23.2,1178.9,UP31AB7026,DRV569
TRP006653,,MANDI006,WH-East,18.0,845.2,HR83CD1398,DRV783
TRP001101,2026-04-20,MANDI047,WH-West,11.3,452.5,,DRV997
TRP007328,2026-07-05,020,WH-East,,532.9,PB18DF9604,DRV757
TRP007623,,MANDI003,WH-Central,8.5,481.5,HR54AB7393,DRV367
TRP000988,,M054,WH-East,18.4,813.4,,
TRP002853,,mandi_020,WH-North,11.9,569.8,DL95CD4454,DRV335
TRP000631,,MANDI-032,WH-Central,3.2,129.2,HR11AB7542,DRV216
TRP001250,,MANDI019,Export-Terminal,,363.2,UP65CD7318,
TRP003180,,MANDI053,WH-Central,17.8,784.2,UP64CD6007,DRV410
TRP000483,,mandi016,WH-South,10.1,549.5,PB43CD3684,DRV899
TRP003041,,MANDI025,WH-South,2.5,123.0,DL58CD9178,DRV781
TRP005011,,024,WH-Central,2.5,147.9,RJ83AB9232,
TRP009078,,mandi_009,WH-North,6.3,273.6,,DRV113
TRP007001,,mandi_041,WH-Central,14.3,727.7,DL68DF3907,DRV365
TRP003274,,MANDI-031,WH-North,13.1,735.9,HR23CD9224,DRV857
TRP007228,,MANDI015,WH-North,10.4,524.698533536958,HR74CD8251,DRV702
TRP003684,2026-05-08,MANDI056,WH-South,13.8,693.7980609261319,PB64DF7151,DRV838
TRP006675,2026-07-11,MANDI015,WH-Central,5.4,244.5,PB96BC5632,DRV229
TRP006808,,MANDI021,Export-Terminal,6.5,316.7,DL50DF5638,DRV508
TRP003400,2026-06-08,M018,WH-East,5.2,262.6,DL84AB7135,DRV554
TRP001317,,M012,WH-Central,18.6,907.5,PB99CD4923,DRV707
TRP003226,,MANDI-033,WH-West,,761.5,RJ91DF3037,DRV559
TRP001073,,mandi_051,WH-West,20.8,873.6,DL95DF1940,DRV123
TRP004816,,MANDI-022,Export-Terminal,19.1,976.9,DL83BC5018,DRV115
TRP008794,,MANDI012,WH-North,8.8,386.2,UP62CD8682,DRV576
TRP005753,2026-01-03,mandi001,WH-West,16.7,755.5,DL21BC9959,DRV363
TRP009512,2026-08-18,mandi028,WH-West,7.6,434.7,RJ68AB4542,
TRP004617,,MANDI023,WH-West,21.3,1191.5,DL94AB8064,DRV379
TRP003098,2026-02-09,MANDI036,WH-South,22.7,950.6,PB55BC7644,DRV969
TRP006870,2026-04-02,MANDI-024,WH-North,21.5,1179.1,HR28AB3312,DRV269
TRP001301,,MANDI057,WH-East,22.3,1131.4,RJ54DF1411,DRV222
TRP007286,,mandi010,WH-North,5.7,235.8,PB12CD3224,
TRP006285,,MANDI022,Export-Terminal,11.8,547.7,DL81BC6438,DRV829
TRP005496,,MANDI037,WH-West,19.5,1038.1,,DRV699
TRP005292,,MANDI022,WH-South,20.2,1182.5,,DRV770
TRP001799,,036,WH-West,5.4,311.8,,DRV616
TRP005204,,MANDI-001,WH-East,3.7,168.8,PB48BC5319,
TRP008228,,mandi025,WH-North,8.5,413.3,UP93AB5788,DRV138
TRP005048,,mandi_037,WH-West,5.9,249.6,,
TRP006442,,MANDI015,WH-North,22.3,1022.2,UP52BC2862,DRV871
TRP008106,,mandi006,WH-East,,1155.3,PB17DF2683,DRV647
TRP002360,2026-09-06,mandi_020,Export-Terminal,17.6,704.6,DL99DF2134,DRV566
TRP009754,,MANDI-056,WH-West,20.8,896.6,RJ99CD1117,DRV338
TRP003655,,mandi_005,WH-North,17.1,826.8,DL43AB1513,DRV677
TRP007053,,MANDI046,WH-North,4.1,211.3,UP30CD6915,
TRP001287,,MANDI054,WH-South,22.9,1138.7,,DRV110
TRP009492,,MANDI057,WH-South,20.7,1202.8,PB89BC8267,DRV818
TRP004446,,mandi004,WH-West,18.2,1039.0,DL70BC1625,DRV966
TRP002138,,007,Export-Terminal,23.0,983.4,HR22AB8327,DRV975
TRP006788,,MANDI019,WH-East,,174.9995108995,,
TRP000120,,MANDI-023,WH-South,18.0,745.2979169908419,PB72CD4744,DRV212
TRP008850,,MANDI044,WH-East,9.8,419.3,PB50CD1857,DRV894
TRP009329,,MANDI004,WH-South,5.9,315.7,PB72BC9320,DRV574
TRP006895,,042,Export-Terminal,13.7,597.1983309096082,DL51BC6947,
TRP009526,,MANDI024,WH-East,9.9,559.5,DL80CD6610,DRV229
TRP008565,,mandi026,Export-Terminal,5.5,276.3,DL38BC4844,DRV125
TRP007152,,mandi_040,WH-West,10.6,633.1,UP11CD4549,DRV321
TRP000964,2026-09-09,050,WH-East,11.1,622.0,,DRV824
TRP006013,2026-06-23,MANDI006,WH-South,19.4,1154.9,UP88DF7568,DRV562
TRP004883,2026-03-12,057,WH-North,7.5,415.5,UP30BC2231,DRV955
TRP000141,,MANDI013,WH-East,4.0,184.0,UP80CD6664,DRV592
TRP009396,,MANDI015,WH-West,8.5,366.3,DL50DF5936,DRV659
TRP006937,,MANDI-035,WH-South,13.4,802.597756845364,PB93AB5757,DRV913
TRP006543,,MANDI031,Export-Terminal,12.8,598.9,RJ43AB4289,DRV942
TRP005244,,M027,WH-Central,15.4,795.897775570926,RJ63AB1050,DRV125
TRP004432,,001,WH-Central,8.6,414.2,RJ44AB9404,
TRP000407,,MANDI022,WH-Central,21.9,901.5,HR80CD2113,DRV133
TRP008213,,MANDI-003,WH-South,2.3,134.5,PB44CD5888,DRV684
TRP008710,,mandi_039,WH-Central,5.1,260.7,PB99AB2044,DRV194
TRP008974,,mandi_042,WH-Central,14.4,675.2,PB89AB9028,
TRP008235,,M009,WH-West,22.0,1192.3,,DRV489
TRP004400,,MANDI019,WH-Central,,705.8,DL20BC3306,DRV255
TRP005253,2026-07-19,MANDI052,WH-East,17.2,982.5,UP25BC8531,DRV137
TRP000012,,MANDI054,WH-West,14.5,854.2,HR90BC5255,DRV137
TRP004761,,MANDI054,WH-South,11.6,635.4,RJ60DF5026,DRV384
TRP001178,,MANDI040,Export-Terminal,14.9,632.4,DL46DF5019,DRV200
TRP002864,,mandi_019,WH-South,,312.7,UP68BC2847,DRV502
TRP006472,,MANDI054,Export-Terminal,,441.5,RJ52BC6166,
TRP006229,,MANDI-030,WH-North,7.9,435.7,,DRV342
TRP002990,,M030,Export-Terminal,8.5,469.19868865168803,PB67CD3234,DRV999
TRP007118,,MANDI007,WH-West,12.1,572.9,DL18CD5341,DRV137
TRP007011,,MANDI-001,WH-East,10.9,633.3,PB66BC1888,DRV951
TRP008901,2026-07-17,014,Export-Terminal,9.8,559.8,,DRV408
TRP001441,,mandi_022,WH-Central,23.1,1271.596446056024,HR50AB5527,
TRP009418,,MANDI043,WH-North,23.0,924.2,PB55AB8232,DRV806
TRP002876,,mandi021,WH-Central,,562.5,RJ93BC4499,DRV201
TRP009463,2026-09-07,MANDI026,WH-West,2.2,114.199680826988,,DRV153
TRP009143,,MANDI018,Export-Terminal,14.3,739.1,PB69AB7520,
TRP007233,2026-07-19,M030,Export-Terminal,17.2,820.3,,DRV143
TRP003727,2026-07-15,MANDI-051,WH-North,7.1,320.0,UP75AB8154,DRV748
TRP002773,,mandi_015,WH-East,,866.5,UP92CD1555,DRV576
TRP000455,,MANDI-049,WH-South,11.6,537.6,HR35CD7169,DRV695
TRP008190,2026-04-22,M021,WH-East,15.8,822.2,UP61BC1379,DRV996
TRP001368,2026-01-10,mandi016,WH-West,12.4,566.798415873352,UP32CD2011,DRV187
TRP003713,,MANDI041,WH-West,8.7,495.6,RJ11CD5871,DRV749
TRP001510,2026-05-23,M043,WH-East,14.1,722.8,,DRV149
TRP001389,,014,Export-Terminal,,446.198752933468,RJ81CD1526,
TRP001001,,mandi_012,Export-Terminal,3.8,200.09944074851398,PB98CD7050,
TRP007762,,057,WH-North,11.1,542.0,UP14CD6348,DRV633
TRP003554,,049,WH-South,8.1,377.7,DL45CD1114,DRV277
TRP004115,,MANDI022,Export-Terminal,17.5,833.3976707636759,HR87AB9215,DRV963
TRP001668,,mandi_011,WH-South,,136.3,RJ53CD2057,DRV774
TRP003174,,MANDI-040,WH-North,19.1,805.9,PB32CD8066,DRV507
TRP009771,2026-03-24,MANDI016,WH-South,,215.2,HR54AB8289,DRV816
TRP000489,,MANDI-009,Export-Terminal,13.7,663.4,UP30AB3401,DRV742
TRP003231,2026-02-14,mandi035,WH-East,19.9,938.5973767444041,,DRV590
TRP003829,,MANDI039,WH-West,20.5,890.9975097797401,UP73DF2495,DRV639
TRP008999,,047,WH-North,17.0,993.9,,
TRP005209,,MANDI-008,Export-Terminal,18.0,936.3,UP73BC2541,DRV862
TRP007849,2026-03-25,M044,Export-Terminal,15.8,899.8,UP85BC8330,DRV695
TRP005705,,MANDI053,WH-Central,10.7,509.8,,DRV651
TRP008244,,007,WH-East,,1084.9969675769,UP15AB3005,DRV332
TRP008134,,mandi_006,Export-Terminal,21.2,885.99752375404,,DRV896
TRP000704,,mandi_027,Export-Terminal,22.3,1045.6,PB10AB9688,DRV689
TRP005106,,MANDI019,WH-Central,21.7,1111.6,HR82CD8156,DRV522
TRP009252,,MANDI-033,WH-South,3.2,165.5,,DRV615
TRP003292,,M009,WH-South,13.3,592.9,RJ71CD1996,DRV529
TRP008126,,MANDI036,Export-Terminal,9.4,521.9,DL65DF7416,DRV177
TRP007052,,MANDI043,WH-Central,21.7,878.5,PB63DF8462,
TRP009385,,mandi_034,WH-North,18.2,1028.9,HR37CD5863,DRV174
TRP004910,,mandi_037,WH-East,17.4,705.7,DL22DF5575,DRV884
TRP004441,,M049,WH-West,4.5,201.1,PB39BC9451,DRV278
TRP000987,,M014,WH-West,20.5,1052.5,PB59AB8110,DRV492
TRP009607,,MANDI011,WH-North,13.1,756.0,UP70CD8316,DRV871
TRP009426,,MANDI-001,Export-Terminal,15.1,795.9,RJ77BC6272,
TRP007706,2026-04-13,MANDI-011,WH-East,13.4,629.1,UP24DF6320,
TRP006258,,MANDI027,WH-East,10.8,580.5,PB38DF2768,DRV923
TRP006090,,027,WH-North,15.7,881.4,,DRV551
TRP005239,,MANDI023,WH-East,10.0,481.1,DL62BC2338,DRV926
TRP001199,,MANDI056,WH-North,15.8,874.8,UP44CD9807,DRV506
TRP009434,,mandi044,WH-North,8.9,387.9,DL25DF9302,DRV440
TRP007520,,011,Export-Terminal,9.9,474.4,PB10BC2855,DRV634
TRP006813,,MANDI038,WH-South,2.8,162.5,,DRV566
TRP008321,,MANDI053,WH-East,11.6,661.8,PB12DF2208,DRV735
TRP007176,,M008,WH-North,15.6,917.3,DL45AB3627,DRV440
TRP004471,,MANDI-015,WH-East,3.2,152.1,,DRV966
TRP000892,2026-02-28,mandi035,WH-South,23.2,1256.5,,DRV502
TRP001970,2026-08-25,MANDI011,Export-Terminal,9.0,473.798675795332,DL59AB6701,DRV974
TRP005758,,MANDI057,WH-South,22.9,1272.1,RJ11CD1308,
TRP006528,2026-01-13,MANDI-027,WH-Central,,877.2,RJ76AB8135,DRV562
TRP006295,,mandi028,WH-West,4.6,255.9,DL90CD8784,DRV558
TRP007596,,mandi_048,WH-East,13.4,654.2,,DRV970
TRP003250,2026-07-01,MANDI040,WH-Central,18.2,728.6979633855182,HR52BC2523,DRV926
TRP006571,2026-07-09,mandi_039,Export-Terminal,17.9,738.2,RJ89CD4209,DRV632
TRP006639,,MANDI024,WH-South,,387.0,UP77AB4730,DRV224
TRP007352,,MANDI026,WH-Central,,853.8,DL80BC2715,DRV736
TRP009540,,012,Export-Terminal,,1142.4,PB56CD5811,DRV800
TRP007474,,011,WH-South,23.2,1279.9,HR38CD5272,
TRP009575,,mandi_002,WH-West,10.1,496.8,DL78AB8814,DRV766
TRP009022,,mandi_034,WH-West,12.3,530.5,HR16CD6184,DRV196
TRP001240,,M040,WH-South,15.3,640.298210451142,DL31DF1986,DRV794
TRP002290,,MANDI026,WH-West,,127.2,UP75BC1843,DRV230
TRP002741,,033,Export-Terminal,10.2,416.4,UP23DF1823,DRV262
TRP008468,,M009,WH-West,14.2,630.3,PB33CD6962,DRV570
TRP004586,,MANDI044,WH-South,7.3,348.9,UP44DF9548,DRV603
TRP001230,,MANDI014,WH-West,8.2,461.1,PB20BC4893,
TRP006981,,mandi_001,WH-Central,20.7,875.9,UP75AB6809,DRV627
TRP005179,,MANDI051,WH-Central,12.9,532.1,HR26CD6171,DRV227
TRP004294,,MANDI026,WH-North,15.2,861.8,DL75CD7169,DRV923
TRP001059,,MANDI035,WH-West,21.9,974.0,UP14BC6660,DRV130
TRP006263,2026-07-05,mandi_045,WH-North,5.0,216.2,HR55CD4426,DRV305
TRP000282,,MANDI037,WH-East,23.4,1138.7,HR44BC5325,DRV632
TRP000969,,mandi039,WH-South,,311.4,,DRV361
TRP003954,,mandi_023,WH-West,10.4,479.2,DL97AB7303,DRV659
TRP001940,,mandi_049,WH-South,14.8,802.697756565878,HR32DF8046,
TRP008800,,M049,WH-South,13.0,602.2,HR46DF7753,DRV152
TRP001275,2026-01-10,MANDI018,WH-East,,647.0,DL37BC4298,DRV382
TRP000620,2026-06-25,MANDI052,WH-Central,3.5,208.4,,DRV300
TRP008843,2026-06-02,mandi_038,WH-North,8.7,374.5,HR40BC7404,DRV176
TRP001743,,M015,WH-North,3.8,212.3,RJ84DF2905,DRV315
TRP001391,2026-08-25,MANDI056,WH-Central,,803.6,DL83DF2992,DRV491
TRP002204,,M020,WH-West,14.2,827.7,HR38CD4307,DRV556
TRP003569,2026-02-17,027,WH-North,11.4,670.3,PB67DF4249,DRV464
TRP006117,,M045,WH-Central,13.8,584.1,HR76CD8183,DRV922
TRP002026,,mandi_030,WH-Central,,341.4,PB85CD1500,DRV362
TRP006053,2026-01-01,MANDI045,WH-Central,,768.0,RJ30DF1077,DRV753
TRP003179,,M057,WH-Central,2.1,124.1,,DRV808
TRP003193,,MANDI045,WH-South,9.4,481.9,PB44AB8313,DRV605
TRP006100,2026-03-12,MANDI054,WH-East,22.6,1211.8,,DRV867
TRP007030,,MANDI-049,WH-North,8.2,455.6,,DRV171
TRP000576,,MANDI003,WH-North,11.2,536.2,UP53BC9419,DRV747
TRP006657,,M008,WH-North,,715.5,HR80AB8559,DRV311
TRP007116,,MANDI007,WH-Central,22.7,1340.2,,DRV779
TRP009158,,MANDI019,WH-West,9.4,479.2,DL81BC2091,
TRP006277,2026-02-14,MANDI-056,WH-Central,15.7,756.3,,DRV818
TRP009347,,MANDI-004,Export-Terminal,6.0,314.3,PB12AB6760,DRV966
TRP005898,,mandi_004,WH-West,12.0,580.0,HR44DF6702,DRV739
TRP005725,,049,WH-South,,625.8,UP53CD9762,DRV794
TRP000270,,mandi_025,WH-West,21.4,1077.4,DL94AB7292,DRV614
TRP000630,,MANDI051,Export-Terminal,11.0,648.2,,
TRP003082,,MANDI046,WH-North,7.1,317.0,UP40BC3139,DRV446
TRP003467,,MANDI-028,WH-South,17.3,922.4,,DRV192
TRP006431,2026-02-07,MANDI002,Export-Terminal,13.5,564.4,PB11CD7759,DRV848
TRP009685,,mandi_045,WH-North,7.6,360.3,DL76AB9539,DRV470
TRP007063,,MANDI038,WH-West,21.4,911.2,,DRV584
TRP004050,,mandi041,WH-Central,22.8,1126.5,,DRV209
TRP005544,,mandi_036,WH-North,11.2,460.9,HR85AB5574,DRV203
TRP004357,,MANDI-007,WH-East,10.8,521.7,HR92BC3644,DRV445
TRP002114,,MANDI-033,WH-Central,,834.3,DL32DF4043,
TRP008220,2026-08-04,MANDI029,WH-West,16.2,716.9,HR70AB4762,DRV782
TRP003217,,MANDI049,WH-Central,16.3,785.797803799012,DL61AB3956,DRV302
TRP003815,,mandi_049,WH-Central,15.2,622.3,RJ90DF9359,DRV928
TRP008322,2026-07-31,mandi_032,WH-West,,124.3,UP63DF7034,DRV266
TRP008935,,mandi054,WH-North,20.3,1117.5,PB93BC9564,DRV758
TRP002279,,046,WH-Central,,212.0,RJ37DF5507,
TRP004600,,MANDI033,WH-East,20.9,1133.4,RJ39CD6005,DRV142
TRP000014,,MANDI-013,WH-West,13.3,767.597854665464,PB72BC7175,DRV857
TRP009596,,MANDI051,Export-Terminal,20.0,1169.3,PB44AB2636,DRV448
TRP001526,,MANDI007,Export-Terminal,17.4,697.6980500261781,,DRV198
TRP002366,2026-05-27,MANDI011,WH-South,15.4,721.7,HR49CD7921,DRV864
TRP004649,,041,WH-West,3.6,150.9,UP18DF4783,DRV251
TRP000375,,mandi_012,WH-South,5.3,302.6,UP98DF3136,DRV731
TRP008861,,MANDI022,WH-East,17.3,941.1,RJ77BC4092,
TRP006478,,MANDI055,WH-North,7.0,355.7,,
TRP000526,,MANDI-016,WH-Central,22.3,1058.5,DL93CD7133,DRV808
TRP006896,2026-03-10,MANDI-030,WH-North,14.9,779.8,DL36CD4171,DRV749
TRP003592,,MANDI046,WH-East,19.2,863.4,RJ70BC3532,DRV706
TRP007905,2026-01-11,mandi_013,Export-Terminal,9.4,385.7,RJ95BC1353,DRV239
TRP002959,2026-06-24,MANDI015,WH-Central,19.8,1056.797046391952,HR61CD8181,
TRP000530,2026-05-31,mandi_030,WH-Central,8.6,459.0,RJ53CD5979,DRV890
TRP003715,2026-07-30,MANDI-050,WH-West,5.9,293.8,UP53AB6664,
TRP004733,,MANDI-008,WH-North,21.4,949.2,DL32BC7682,DRV842
TRP001395,2026-03-21,mandi036,WH-East,14.9,806.6,,DRV498
TRP005632,,M029,WH-West,3.2,185.6,UP81DF2536,
TRP006564,,MANDI-015,WH-North,20.1,896.4,UP69DF8786,DRV749
TRP004704,,MANDI-054,WH-South,10.8,499.7,RJ93CD7324,DRV649
TRP001713,,MANDI-011,WH-South,,162.4,HR75AB4590,DRV464
TRP007888,2026-05-13,M044,Export-Terminal,12.8,747.7,RJ78AB7905,DRV191
TRP000956,,MANDI032,WH-West,2.4,116.9,PB29BC6836,DRV418
TRP006676,,mandi034,Export-Terminal,14.4,816.3,DL70BC9338,DRV919
TRP003454,,mandi_040,WH-North,21.4,958.2,,DRV211
TRP008596,2026-08-05,mandi055,WH-North,3.7,156.5,UP25CD5249,DRV726
TRP002072,,M011,WH-South,6.5,270.0,RJ14AB7652,DRV501
TRP009150,,MANDI017,WH-East,5.1,301.9,RJ86DF7847,DRV573
TRP000159,2026-05-27,M031,WH-North,4.5,194.4,PB74AB1133,DRV297
TRP007006,,MANDI055,WH-North,7.5,412.9,RJ33AB1205,DRV401
TRP000353,,mandi_045,WH-Central,22.2,1042.1,UP86AB1472,DRV240
TRP006079,,MANDI051,WH-South,20.2,871.5,,DRV507
TRP006237,,MANDI-036,Export-Terminal,10.8,507.2,,DRV911
TRP002921,,MANDI037,Export-Terminal,2.0,104.5,PB15DF6477,DRV892
TRP008504,,MANDI056,WH-East,11.5,644.7,UP60DF5230,DRV715
TRP004645,,MANDI057,Export-Terminal,12.4,707.6,UP30AB2006,DRV867
TRP000662,,MANDI002,Export-Terminal,19.4,956.3,,DRV740
TRP007058,,MANDI-021,WH-West,9.0,505.7,,DRV946
TRP003666,,MANDI054,WH-North,,143.2,DL30DF7387,DRV324
TRP007980,,MANDI-009,WH-East,2.2,89.2,DL80DF2084,DRV895
TRP000307,,mandi_031,WH-East,18.1,856.9,HR40BC1762,DRV130
TRP004791,,MANDI-050,WH-West,12.0,686.5,HR10AB5313,DRV367
TRP002357,,005,WH-West,,1166.4,UP36AB8329,DRV182
TRP001928,,mandi_011,WH-South,22.1,1027.0,PB69CD8996,DRV751
TRP009705,,mandi_046,WH-East,,782.8,UP94AB3612,DRV720
TRP003428,,MANDI037,WH-Central,12.0,508.49857881369,UP17DF1641,DRV955
TRP003639,,MANDI025,WH-Central,7.6,453.9,UP13DF1071,DRV301
TRP001267,,M032,WH-North,22.0,969.7,PB88BC1867,DRV643
TRP001561,,mandi_024,WH-Central,22.1,1142.2,UP97AB7474,
TRP007180,2026-07-25,M053,WH-North,,983.6,HR71CD5125,DRV804
TRP004110,,M050,WH-East,21.0,1207.1,RJ35BC8830,DRV838
TRP007868,,MANDI048,WH-South,8.0,360.8,HR34DF9182,DRV769
TRP004905,,MANDI031,WH-North,7.2,312.5,UP96BC6961,
TRP007295,,MANDI005,WH-South,23.5,952.9973364984199,HR65CD4694,
TRP000515,,MANDI054,WH-North,3.4,142.9,,DRV509
TRP000895,,MANDI020,WH-Central,5.5,277.8,DL51CD5092,DRV803
TRP008602,,mandi_036,WH-North,19.4,1019.6971500812581,UP41BC8597,
TRP000022,,MANDI037,WH-East,21.5,944.4,PB34DF2418,DRV490
TRP000900,2026-09-05,MANDI-042,WH-South,18.2,794.1,PB32AB8021,DRV498
TRP000208,,mandi_019,WH-West,13.5,713.5,HR96BC2156,
TRP000459,,MANDI018,WH-East,23.6,1335.7,,DRV165
TRP002431,2026-04-02,MANDI009,WH-East,13.1,549.7,HR34CD1037,
TRP008443,,MANDI053,WH-South,19.1,894.2,PB46AB1616,DRV426
TRP003390,,MANDI028,Export-Terminal,11.6,556.8,DL28CD9556,DRV678
TRP003912,,MANDI003,Export-Terminal,,445.798754051412,,DRV733
TRP005384,,MANDI-055,WH-North,2.6,114.1,,DRV560
TRP000553,2026-04-11,mandi032,WH-Central,23.1,1136.0,,DRV400
TRP003145,,M021,WH-North,6.9,401.9,DL91DF9547,DRV562
TRP006918,2026-04-02,M026,WH-South,,269.7,HR23DF7511,DRV993
TRP002057,,M012,Export-Terminal,20.7,1139.7,PB59DF2758,DRV106
TRP001926,,mandi054,WH-South,,511.1,PB22AB7726,DRV707
TRP000635,,mandi_045,WH-East,10.4,418.99882895366,UP90DF8767,DRV494
TRP006083,2026-03-31,MANDI021,WH-North,16.7,727.9,,DRV384
TRP008509,,mandi_042,WH-East,8.1,410.198853548428,UP19AB7526,DRV175
TRP009641,,MANDI008,WH-South,22.9,1073.7,HR17DF8770,DRV245
TRP002754,,M032,WH-East,23.6,966.99729737038,HR23DF5452,DRV203
TRP008620,,MANDI022,WH-West,20.2,956.9,DL52CD2777,
TRP000106,,MANDI-006,WH-South,23.9,1398.5960911088039,PB45CD8037,DRV869
TRP003042,2026-04-18,mandi_015,WH-Central,3.8,181.7,PB90AB4120,DRV539
TRP001710,,mandi_002,WH-South,,929.097403295574,HR42BC7724,DRV653
TRP000090,,mandi_036,WH-East,3.1,149.8,PB17BC1200,DRV730
TRP007015,,mandi040,Export-Terminal,8.0,354.9,DL16CD1684,DRV250
TRP003175,,MANDI042,Export-Terminal,11.4,630.7,PB14BC8617,DRV402
TRP000918,,MANDI005,WH-North,17.2,796.7977730555519,DL19BC8452,DRV469
TRP007834,,M011,WH-East,11.4,626.3,RJ69BC8507,DRV618
TRP006733,2026-07-28,M026,Export-Terminal,2.7,149.9,HR50AB2305,DRV737
TRP001950,2026-08-27,MANDI-011,WH-East,7.0,375.398950809556,HR25BC4676,DRV594
TRP006369,,MANDI017,WH-West,16.0,857.4,PB63DF9557,DRV499
TRP000002,,mandi053,WH-West,13.6,671.1,RJ83BC6190,DRV817
TRP008033,,MANDI057,WH-West,10.1,516.9,UP21CD3483,
TRP006048,,MANDI003,WH-Central,12.8,740.297930965142,PB22BC9889,
TRP002721,,mandi_022,WH-North,4.9,219.2,,DRV839
TRP008784,2026-01-02,MANDI019,WH-Central,10.8,628.4,UP40BC8949,DRV637
TRP009203,2026-03-17,MANDI024,WH-North,14.6,684.0,RJ23DF2371,DRV993
TRP003118,,M009,WH-West,14.3,815.5,UP49AB1832,DRV604
TRP009844,,M016,WH-North,9.9,416.6,RJ98DF5838,DRV242
TRP003763,,mandi002,WH-South,7.8,446.9,HR32AB9783,DRV565
TRP000214,,MANDI044,WH-East,4.5,191.0,PB81AB6865,DRV932
TRP000779,,mandi015,WH-South,6.3,349.9,UP38BC2099,
TRP003497,,MANDI045,WH-East,10.5,498.9,RJ67AB2751,DRV557
TRP009173,,MANDI-016,WH-West,3.2,162.799544996792,HR60CD6603,DRV300
TRP002044,,mandi_018,WH-East,11.5,561.0,DL18CD7744,DRV101
TRP005421,,MANDI041,WH-Central,11.3,611.0,DL99AB9594,DRV809
TRP006155,,mandi044,WH-East,5.9,295.6,UP80AB1207,
TRP008358,,MANDI006,WH-East,16.0,932.7973929545919,RJ71CD1037,DRV711
TRP009057,,MANDI027,WH-South,,192.9,HR29BC4838,
TRP008466,,MANDI040,WH-North,11.7,654.8,RJ59AB6345,
TRP004168,,MANDI-002,WH-North,9.4,539.3,DL20CD2240,DRV782
TRP003789,,MANDI051,WH-East,6.6,366.5,PB97AB6616,DRV695
TRP008587,,mandi_041,WH-West,11.3,521.2,HR98BC2706,DRV479
TRP000584,,MANDI008,WH-North,22.5,1145.9967970904402,PB73CD1896,DRV880
TRP008482,,MANDI022,Export-Terminal,18.5,1105.1,RJ41BC5862,DRV670
TRP008795,,MANDI056,WH-North,15.1,611.0,UP98CD2323,DRV156
TRP000117,2026-01-03,mandi051,WH-South,,1256.1,HR57CD5729,DRV465
TRP006645,,M002,WH-South,14.9,869.7,UP88DF6910,DRV347
TRP009397,,mandi_057,WH-Central,9.1,426.5,HR44BC6350,DRV732
TRP006952,,mandi_021,WH-North,11.1,501.9,RJ76AB2058,DRV279
TRP009321,,M054,WH-North,8.2,462.298707936222,HR29CD3512,DRV781
TRP008713,,M050,WH-East,23.0,1202.7,UP98BC7364,DRV530
TRP001764,,mandi_048,WH-South,17.4,837.6,HR76BC9631,DRV250
TRP001876,,MANDI028,WH-North,8.6,477.5,DL60AB3203,DRV817
TRP003225,,MANDI046,WH-South,18.6,943.8,PB67DF6280,DRV162
TRP000527,2026-02-17,mandi_005,WH-Central,9.9,469.7,PB29CD8655,DRV475
TRP007726,,mandi020,WH-South,,477.9,HR74DF2577,DRV501
TRP002947,,MANDI013,WH-North,14.4,780.2,DL34BC6100,DRV636
TRP004474,,M056,WH-Central,7.9,409.0,DL85CD6813,DRV110
TRP005656,,mandi_034,WH-Central,21.0,1146.8,RJ84DF9274,DRV373
TRP008885,2026-05-13,mandi_038,WH-East,8.6,447.1,,DRV507
TRP006060,,MANDI053,WH-South,6.4,375.7,DL65BC9582,DRV577
TRP000960,,MANDI-016,WH-West,,1015.8,,DRV790
TRP006343,2026-08-31,017,WH-South,,263.9,DL96DF7884,
TRP003634,,mandi_023,WH-South,3.7,153.399571268476,UP52AB3640,
TRP001051,,MANDI040,WH-North,3.6,158.6,PB10BC5308,DRV699
TRP008783,,MANDI002,WH-South,2.9,148.4,PB70AB4335,DRV358
TRP008712,,MANDI008,Export-Terminal,4.1,221.2,RJ33CD1157,DRV949
TRP003381,,MANDI032,WH-Central,,329.4,,
TRP003677,,mandi_018,WH-East,7.5,420.1,RJ47AB9466,DRV399
TRP005777,,MANDI025,WH-Central,,596.3,DL72CD3774,DRV852
TRP009409,,MANDI053,Export-Terminal,10.9,473.198677472248,DL74AB9813,
TRP006574,,mandi_051,Export-Terminal,6.5,270.8,PB46BC2340,DRV883
TRP005180,,MANDI012,WH-East,16.3,835.8,HR14DF9230,
TRP001608,,MANDI040,WH-Central,18.4,872.9,UP21CD7194,DRV400
TRP003611,,M010,WH-South,21.7,1006.0,DL59CD4352,DRV574
TRP007549,,MANDI-019,WH-Central,18.8,1026.5,,DRV960
TRP006636,,mandi_040,WH-Central,,190.3,HR96BC3229,DRV677
TRP002046,,M038,WH-East,,825.3,,DRV812
TRP000792,2026-07-14,MANDI013,WH-West,10.4,555.2,HR47DF9880,DRV330
TRP003057,,MANDI010,WH-West,5.5,323.4,UP75CD4114,DRV610
TRP001981,2026-07-11,mandi055,Export-Terminal,22.3,1009.2,UP28DF3985,DRV524
TRP003599,,MANDI050,Export-Terminal,2.1,87.8,PB28AB8528,
TRP000934,2026-04-17,MANDI-046,WH-East,14.0,770.7,HR67BC6004,DRV492
TRP007425,,MANDI032,WH-South,14.8,596.298333424982,DL76BC6161,DRV647
TRP005627,,MANDI007,WH-North,9.7,410.8,RJ71AB1952,DRV519
TRP001683,,MANDI042,WH-North,3.1,149.0,HR36CD9333,DRV155
TRP004180,,MANDI048,WH-East,20.3,1186.2,PB62BC6093,
TRP006447,2026-06-07,MANDI045,WH-North,15.8,882.9,HR15DF6735,DRV907
TRP004117,,MANDI015,WH-North,6.3,298.4,HR53BC6727,DRV392
TRP000989,,mandi027,WH-West,,586.298361373582,PB94DF7643,DRV235
TRP002897,,MANDI-044,WH-East,11.2,653.9,,DRV412
TRP003779,2026-01-01,MANDI-032,WH-Central,,322.4,PB83CD6562,DRV307
TRP005659,2026-06-22,MANDI-051,WH-East,22.1,1220.5,RJ96BC7572,
TRP003094,,mandi014,WH-East,13.6,571.0,DL96CD2036,DRV126
TRP003156,,MANDI015,WH-North,10.6,581.9,RJ45CD1746,DRV721
TRP001824,,mandi_040,WH-West,15.2,809.7,RJ68DF9680,DRV794
TRP000440,,MANDI054,WH-North,21.4,1016.8,UP50AB4159,DRV162
TRP001099,2026-01-26,MANDI-033,WH-South,4.3,204.4,PB88BC5784,
TRP002845,,MANDI057,WH-West,12.2,502.2,PB86BC3556,DRV576
TRP003343,,mandi_049,WH-West,16.4,707.2,HR31CD8156,DRV568
TRP000039,,mandi_032,WH-South,10.9,438.6,RJ32DF8089,
TRP006541,2026-08-07,mandi_022,WH-East,17.5,1041.49708915331,,DRV259
TRP004614,,MANDI054,WH-North,,479.9,UP62AB1484,
TRP008708,2026-01-22,MANDI045,WH-West,,713.098006985334,HR59AB2470,DRV766
TRP003357,,MANDI026,Export-Terminal,18.2,864.4,HR70CD6995,DRV702
TRP007814,,mandi044,WH-West,11.9,639.3,,
TRP008221,,MANDI-015,WH-North,20.3,959.0973194497741,,DRV855
TRP009598,2026-06-07,MANDI-005,WH-East,21.0,894.797499159272,UP78BC8576,DRV548
TRP002429,,MANDI045,WH-North,18.7,1111.7,PB84DF2897,DRV860
TRP005044,,M002,WH-South,22.8,1163.796747341932,HR27CD3484,DRV226
TRP005347,,mandi_045,WH-North,15.1,865.5,,DRV351
TRP004812,,MANDI015,WH-Central,,137.5,RJ66DF5230,
TRP008477,,MANDI007,WH-South,19.2,930.8,PB16DF9077,DRV274
TRP000687,,mandi_015,WH-West,16.3,659.8,DL90AB7687,DRV795
TRP004800,,mandi_051,Export-Terminal,17.1,835.6976643354981,HR13CD5309,DRV603
TRP007438,,MANDI026,WH-North,13.3,574.7,UP80DF3781,DRV663
TRP002354,,mandi_005,WH-Central,7.2,296.3,PB30BC9332,DRV309
TRP006354,2026-06-07,MANDI038,WH-South,15.4,898.7974879798319,DL88BC5291,DRV953
TRP004570,,MANDI049,WH-South,3.3,174.2,HR21CD1508,DRV292
TRP008214,,MANDI008,WH-West,,235.5,PB26DF2538,DRV439
TRP002753,,mandi_011,WH-Central,21.8,1211.8,UP66AB1225,DRV768
TRP008074,,MANDI-050,WH-West,6.2,329.7,RJ77DF6276,
TRP001041,2026-04-16,MANDI-037,WH-South,16.3,665.4,UP85CD5902,DRV878
TRP007492,,mandi_028,WH-Central,14.6,808.9,UP75BC2111,DRV339
TRP001266,,048,WH-West,18.6,950.3,UP20AB5636,DRV161
TRP009636,,M022,WH-East,,1208.2,DL33CD6999,DRV394
TRP007060,,MANDI-036,WH-South,16.5,857.99760201012,UP45AB1335,DRV486
TRP000278,2026-08-27,mandi002,Export-Terminal,14.1,730.2,DL65AB4381,DRV951
TRP005085,,MANDI007,WH-East,8.6,415.4,,DRV192
TRP002383,,MANDI045,WH-Central,4.1,201.2,PB58BC1979,
TRP000572,,MANDI-032,WH-West,14.4,701.9,UP75CD7829,
TRP001436,,MANDI012,WH-Central,16.1,648.2,,
TRP005353,2026-03-15,M017,WH-North,2.6,120.99966182194,UP89CD5366,DRV899
TRP005446,,MANDI030,WH-East,7.3,292.49918250344996,DL62AB4833,
TRP001008,,mandi016,WH-North,10.1,458.2,RJ46CD7524,DRV675
TRP004544,2026-07-01,MANDI017,WH-East,,885.8,PB11BC1408,DRV369
TRP009172,,M025,WH-East,19.3,1149.3,UP61BC2562,DRV121
TRP002065,,MANDI045,Export-Terminal,22.6,918.6,UP96CD8873,DRV859
TRP001137,,MANDI-046,WH-Central,8.2,394.6,PB42AB8180,DRV507
TRP005344,,MANDI032,WH-East,,591.598346560824,PB80CD2710,DRV848
TRP000295,,MANDI001,WH-Central,4.0,228.5,RJ17BC5709,DRV274
TRP008781,,M037,WH-North,23.9,1179.8,UP60DF9428,DRV907
TRP002404,,MANDI047,WH-West,14.5,587.4,PB95BC3690,DRV627
TRP003999,,mandi045,WH-South,16.4,980.4,HR69CD4034,DRV291
TRP003742,,MANDI016,Export-Terminal,,245.0,,DRV924
TRP009593,,MANDI016,WH-South,16.9,771.5,PB66AB4050,DRV345
TRP002720,,mandi052,WH-South,16.5,822.0,DL97AB9403,DRV607
TRP009570,,MANDI-049,WH-West,,700.3,RJ97CD6293,DRV641
TRP005151,,MANDI047,WH-South,4.5,231.99935159248,RJ33DF1788,DRV811
TRP002809,,MANDI045,WH-South,3.7,156.4,DL89BC8942,DRV862
TRP000557,,MANDI-044,WH-East,12.3,499.9,DL18AB4065,DRV184
TRP009286,,MANDI-035,Export-Terminal,13.0,690.2,UP36AB8661,
TRP004796,,MANDI047,WH-West,13.6,552.7,,DRV646
TRP002470,,MANDI-055,WH-West,21.0,873.0,PB62AB3281,DRV754
TRP003739,,MANDI-028,WH-North,19.9,799.2,RJ54AB3596,DRV316
TRP004287,,MANDI023,WH-North,8.3,470.6,HR47DF7858,
TRP002605,,MANDI-054,Export-Terminal,23.6,1181.3,RJ96AB6368,DRV706
TRP000363,,MANDI-044,WH-North,17.4,916.1,,DRV657
TRP006925,,MANDI-011,WH-East,16.2,749.9,UP35AB9533,DRV861
TRP001705,,MANDI044,WH-West,,625.798250976612,RJ90AB6937,DRV491
TRP002140,,MANDI027,WH-East,16.4,878.297545274462,UP44DF6237,DRV643
TRP003240,,mandi_022,WH-South,5.5,323.599095583304,PB59DF9146,DRV357
TRP002384,,MANDI051,WH-East,,1185.8,RJ20DF4032,DRV976
TRP007315,,041,WH-South,12.0,577.698385409378,UP50DF8692,
TRP004312,,MANDI056,Export-Terminal,,835.797664056012,PB98CD5143,DRV740
TRP001313,,MANDI029,WH-West,19.4,824.8976945199861,RJ48DF6595,DRV872
TRP003931,,M040,WH-Central,23.6,1323.896299884846,UP66AB3562,DRV853
TRP006184,2026-05-09,MANDI025,WH-North,9.7,393.2,UP52CD9770,DRV789
TRP001592,,MANDI-041,WH-East,22.9,1147.8,UP61AB6131,DRV309
TRP009938,,mandi_053,WH-East,12.0,715.9,,DRV911
TRP002163,,MANDI001,WH-Central,20.8,1188.1,HR21BC3248,DRV532
TRP002397,2026-07-03,mandi_042,WH-West,11.0,458.7,HR72DF3272,
TRP000318,,MANDI042,WH-East,2.7,141.8,HR99AB9638,DRV840
TRP005234,,mandi043,WH-West,22.2,1086.9,RJ36DF3463,DRV318
TRP005069,,mandi007,WH-South,15.8,821.797703184052,PB34AB5834,DRV765
TRP004037,,MANDI024,WH-West,7.6,357.3,,DRV968
TRP008988,,MANDI-005,WH-East,15.0,712.7,HR23AB6771,DRV724
TRP003021,2026-08-13,M036,Export-Terminal,18.9,937.9,UP91BC4747,DRV829
TRP008229,,mandi034,WH-North,19.5,940.7,HR12AB3116,DRV525
TRP005296,,MANDI017,WH-West,,1081.8,DL46CD7660,DRV634
TRP003973,,MANDI002,Export-Terminal,8.9,376.8,UP83AB1519,DRV681
TRP005371,,MANDI-045,Export-Terminal,,271.0,,DRV532
TRP004134,,MANDI049,WH-South,7.3,348.7,HR75DF5919,DRV258
TRP000975,,MANDI017,WH-West,9.9,551.398458914196,PB18CD9635,DRV790
TRP007292,,mandi_036,WH-North,9.9,436.3,PB91AB9732,DRV819
TRP000955,,MANDI042,Export-Terminal,16.2,949.097347398374,DL46BC9541,
TRP009680,,MANDI-030,WH-East,8.2,336.8,RJ92BC5144,DRV893
TRP005017,,M036,WH-Central,,581.8,RJ59BC9412,DRV933
TRP002345,,050,WH-West,21.5,1054.6,DL66DF5329,DRV327
TRP007491,,MANDI038,WH-North,,503.0,,
TRP001641,,mandi009,WH-West,10.0,432.898790105106,UP47DF2598,DRV523
TRP001291,,MANDI047,Export-Terminal,17.0,687.1,RJ50CD2106,DRV242
TRP001381,,MANDI020,WH-Central,,884.49752794633,DL35CD5468,DRV403
TRP001934,,MANDI-023,WH-South,,1001.4,UP25DF9813,DRV695
TRP004676,,MANDI-046,Export-Terminal,13.8,667.9,HR35DF1642,DRV875
TRP000893,,MANDI023,WH-East,6.6,291.0,UP71DF2502,DRV329
TRP007288,,MANDI-001,Export-Terminal,15.8,895.0,UP12CD6559,DRV546
TRP004877,,mandi_026,WH-East,23.5,1336.9,UP91DF6723,DRV247
TRP007907,,MANDI046,WH-West,13.8,775.5,,DRV149
TRP008195,,MANDI034,Export-Terminal,,1036.8,HR99BC4362,DRV195
TRP009753,2026-04-14,M016,WH-Central,19.4,885.6,,DRV690
TRP009042,,MANDI050,WH-North,3.1,137.6,HR20DF9346,DRV796
TRP002467,,mandi_001,Export-Terminal,8.1,346.0,HR31BC8266,DRV628
TRP007658,,MANDI050,Export-Terminal,12.5,712.198009500708,HR95DF7050,DRV401
TRP001914,2026-04-09,MANDI002,WH-North,21.9,989.197235324488,RJ11DF3735,DRV233
TRP002737,,MANDI049,WH-West,,256.2,HR31AB9280,
TRP000727,,mandi_040,WH-Central,22.7,1038.3,DL82BC7927,DRV562
TRP007215,,MANDI015,WH-South,13.9,742.5,,DRV982
TRP008246,,MANDI-027,WH-South,10.6,579.8,,DRV504
TRP001797,,MANDI023,Export-Terminal,,968.697292619118,PB92BC9017,DRV218
TRP003846,,M019,WH-East,13.4,561.8,UP88BC6283,DRV397
TRP006403,,M038,WH-West,22.7,1140.3,HR94AB4130,
TRP000937,,MANDI053,WH-East,18.9,1064.0970259894739,RJ61AB6282,DRV499
TRP002266,,MANDI020,WH-East,16.7,783.7,,
TRP000825,,MANDI006,WH-West,16.6,989.8,HR27BC5490,DRV166
TRP007275,,MANDI019,WH-Central,2.6,132.4,UP70AB7125,DRV778
TRP001390,,MANDI006,WH-East,23.4,1081.3,HR74AB1162,DRV181
TRP003565,,mandi_034,WH-East,15.5,671.8981221335661,PB80CD9317,DRV551
TRP005430,,MANDI047,WH-Central,2.5,119.0,UP26CD6937,
TRP007828,,M046,WH-Central,6.8,399.4,DL52AB1442,
TRP005691,2026-05-16,MANDI025,WH-South,14.2,595.4,DL15BC5808,DRV539
TRP007879,,MANDI036,WH-North,20.3,822.2,DL29CD3345,DRV746
TRP001869,2026-05-07,MANDI041,Export-Terminal,6.1,263.7,DL60BC2196,DRV981
TRP008203,,MANDI024,WH-East,16.0,778.6,PB50AB1436,DRV189
TRP007487,2026-07-22,MANDI030,WH-East,6.5,262.9,RJ65AB9748,
TRP000807,,mandi011,WH-East,13.9,586.6,HR58AB8258,DRV820
TRP004806,,MANDI004,Export-Terminal,18.1,794.2,UP62BC7885,DRV311
TRP009519,,MANDI-002,WH-Central,15.6,730.5,RJ63BC9778,DRV999
TRP007512,,MANDI050,WH-Central,13.6,661.5,PB22AB8471,DRV801
TRP008057,,mandi017,WH-East,12.1,640.5,DL73CD4825,DRV516
TRP004495,,MANDI013,WH-Central,22.0,1313.196329789848,,DRV725
TRP002633,,MANDI049,WH-East,22.9,1119.7,PB53BC9884,DRV146
TRP009259,,mandi_054,WH-South,,525.7,RJ66DF8051,DRV228
TRP008897,,MANDI-038,WH-Central,6.9,281.3,HR93AB8683,DRV803
TRP008624,2026-06-10,MANDI-039,WH-North,3.6,204.0,HR47AB5537,DRV652
TRP007833,,045,WH-North,22.9,945.4,DL60CD5754,
TRP004389,,MANDI012,Export-Terminal,14.4,716.697996923838,UP67DF4326,DRV600
TRP000146,2026-02-19,M027,WH-North,7.7,320.6,UP52CD3091,DRV905
TRP006468,,M017,WH-South,13.9,749.5,UP99DF7927,DRV572
TRP002034,,mandi011,WH-Central,8.7,517.8,DL38AB4096,
TRP005971,2026-02-02,MANDI027,WH-West,,768.2,RJ23CD8545,DRV751
TRP001166,,MANDI041,WH-Central,19.2,1097.596932361664,RJ73DF5472,DRV710
TRP002051,,MANDI038,WH-North,13.2,626.9,PB63BC6428,
TRP003761,,MANDI005,WH-Central,10.5,560.7,RJ37CD1565,DRV920
TRP004436,,MANDI029,WH-North,5.0,234.4,,DRV168
TRP003431,,MANDI027,WH-North,17.4,946.2,UP87DF2443,DRV328
TRP008191,2026-07-16,M023,WH-North,4.3,250.399300167056,DL18CD4928,
TRP009106,,mandi_033,Export-Terminal,21.6,1241.3,PB95CD4023,
TRP007070,,MANDI043,WH-West,,558.99843767326,DL34CD8886,
TRP004362,,MANDI046,WH-West,22.2,1284.5,DL80CD1405,DRV767
TRP001772,,MANDI032,Export-Terminal,21.3,924.0,DL18CD3882,DRV956
TRP003512,,MANDI010,Export-Terminal,11.3,649.8,HR84BC1121,DRV138
TRP000272,,MANDI047,WH-East,21.0,1225.5965746195839,RJ35CD4030,
TRP008437,,MANDI-006,Export-Terminal,22.4,908.7,DL14BC1037,DRV166
TRP002033,,M003,WH-Central,14.3,857.6,DL25BC7134,DRV257
TRP009006,,mandi_050,WH-Central,8.4,433.5,UP37DF7529,DRV526
TRP004994,,MANDI007,WH-South,7.1,398.4,RJ42CD2186,DRV671
TRP003811,,MANDI014,WH-North,6.2,287.8,HR63CD4968,DRV493
TRP004347,,MANDI-004,WH-South,10.5,509.298576577802,RJ19AB8525,
TRP000546,,mandi014,WH-East,13.1,574.5,PB17AB6000,DRV691
TRP003242,,MANDI003,WH-North,,561.7,RJ15BC3237,DRV169
TRP008931,,mandi029,WH-South,14.4,699.2,RJ51DF8306,DRV971
TRP008503,,mandi_057,WH-West,12.8,611.7,RJ30AB8660,DRV164
TRP006596,2026-03-31,mandi043,Export-Terminal,11.8,637.4,,
TRP007565,,MANDI043,WH-North,13.9,576.0,RJ35AB8836,
TRP000921,,mandi_017,WH-East,20.0,825.8,PB16CD3497,DRV148
TRP009484,,MANDI052,WH-North,12.2,647.6,PB93CD6277,
TRP006641,2026-03-18,MANDI031,WH-Central,12.9,746.8,UP14AB1162,DRV306
TRP007695,,032,WH-West,22.4,925.3,RJ94AB2033,
TRP008231,,mandi_053,WH-North,22.6,1280.99641978434,HR94DF9074,DRV388
TRP007127,,MANDI049,WH-West,23.8,1003.6,UP80AB2660,DRV798
TRP004279,,mandi_046,Export-Terminal,9.5,477.8,,DRV384
TRP002984,,mandi022,WH-South,12.6,548.1,HR74CD7515,DRV716
TRP000131,,MANDI018,Export-Terminal,13.2,759.9,PB11BC7253,DRV741
TRP007981,,mandi_032,WH-North,10.4,456.7,HR51DF5308,DRV913
TRP002668,,mandi021,WH-North,5.7,257.8,HR90BC7463,
TRP007139,,MANDI044,WH-East,5.9,263.0,DL55DF3792,DRV941
TRP003224,,027,WH-South,7.2,338.5,PB62CD4414,DRV615
TRP007694,,019,Export-Terminal,21.6,1167.1,HR80AB2060,DRV290
TRP005393,,MANDI-005,WH-West,15.3,704.898029903186,PB40BC6665,
TRP000615,,MANDI-026,WH-Central,17.7,776.4,PB79AB1093,DRV421
TRP006164,,mandi025,WH-South,,635.4,DL47BC3888,DRV785
TRP001467,,mandi_040,WH-West,5.6,231.1,HR61DF5265,DRV226
TRP004498,2026-04-25,mandi026,WH-West,21.8,915.8,DL12DF8282,DRV350
TRP003043,,MANDI-046,WH-North,,482.9,DL86CD9898,DRV107
TRP002420,,mandi046,WH-East,,469.8,DL81CD5571,DRV297
TRP005086,,mandi_022,WH-West,5.3,223.799374510332,DL81BC9032,DRV622
TRP003295,,M011,WH-South,,894.8,,DRV132
TRP006738,,mandi_041,WH-Central,12.9,531.098515649854,RJ65AB3602,DRV638
TRP001501,,MANDI050,WH-West,4.2,199.0,UP97DF3106,DRV529
TRP009019,,MANDI037,WH-Central,,352.4,HR95AB4925,DRV861
TRP001522,2026-04-02,MANDI051,WH-North,21.6,926.7,RJ29CD9393,DRV727
TRP009483,2026-04-10,MANDI-047,WH-West,,761.897870596166,,
TRP004233,,MANDI050,WH-South,22.2,1032.5,HR31AB7101,DRV178
TRP007687,,MANDI018,WH-Central,,624.1,PB10DF7818,DRV187
TRP008821,,mandi_043,Export-Terminal,8.7,392.7,RJ70BC9768,DRV419
TRP004431,,mandi053,WH-South,12.8,614.6,,
TRP000391,2026-07-24,MANDI003,WH-Central,10.3,445.1,UP95AB3207,DRV906
TRP009421,,MANDI043,WH-North,,344.5,UP30BC8611,DRV111
TRP007125,,mandi_041,WH-South,15.0,618.9,HR45CD8256,DRV683
TRP005914,,MANDI053,WH-West,,993.9,RJ26BC4368,DRV803
TRP008593,2026-05-19,006,WH-South,18.4,1030.9,DL56AB7620,DRV676
TRP004807,,MANDI013,WH-Central,15.4,794.1,PB72BC8077,DRV662
TRP009315,,MANDI-010,WH-North,19.3,971.4972847935101,,DRV845
TRP008239,,MANDI-029,WH-South,,803.7,DL35CD2163,DRV345
TRP008045,,MANDI037,Export-Terminal,,289.9,UP84DF5154,DRV152
TRP007059,,MANDI-038,WH-East,11.5,498.5,,DRV564
TRP003994,,mandi_034,WH-South,23.3,1171.2,RJ17BC6560,
TRP009933,,MANDI031,Export-Terminal,,1099.3,UP78DF1408,DRV718
TRP006610,,MANDI043,WH-West,20.3,931.5973963084241,,DRV509
TRP005320,,MANDI-017,WH-Central,10.2,591.6,PB12DF9181,DRV590
TRP004382,,MANDI-025,WH-Central,19.1,768.4,DL21CD9302,DRV105
TRP007120,,049,WH-South,16.1,762.4,UP68CD7532,DRV391
TRP002422,,MANDI036,WH-Central,8.3,440.6,UP72CD3634,DRV941
TRP005605,,MANDI031,WH-North,22.5,1254.6,,DRV776
TRP001751,,MANDI-042,WH-South,,758.9,RJ82DF2307,DRV441
TRP009379,,mandi056,WH-North,7.8,345.6,HR69BC1965,DRV919
TRP001863,,MANDI044,WH-East,20.4,1199.9,HR64AB6632,DRV790
TRP000339,,MANDI-049,WH-North,15.2,803.9,DL73BC1032,DRV989
TRP008408,2026-01-18,mandi019,WH-Central,21.0,1025.7,,DRV335
TRP001342,,mandi_001,WH-West,18.1,750.6,HR74CD4103,DRV294
TRP003791,,mandi034,WH-South,17.0,824.9,,DRV823
TRP007983,,MANDI030,WH-North,11.5,536.3,PB86AB3195,DRV857
TRP003641,2026-05-18,MANDI047,Export-Terminal,20.0,971.0,PB24AB8810,DRV537
TRP000330,,MANDI039,WH-South,21.5,1199.8,RJ36DF5259,
TRP009462,,MANDI-013,WH-South,,495.2,HR32BC3883,DRV237
TRP003005,,M028,WH-Central,14.3,769.5,PB70DF4458,DRV944
TRP006961,,MANDI-052,Export-Terminal,8.1,359.69899468885797,PB91BC5992,DRV691
TRP004091,,MANDI002,WH-East,10.3,549.4,,DRV860
TRP002323,,M043,WH-South,14.9,700.5,PB25AB3335,DRV840
TRP006668,,MANDI-028,WH-South,13.7,584.6,HR70BC7979,DRV765
TRP007010,,MANDI002,WH-West,22.2,1006.99718557598,,DRV803
TRP004198,2026-04-24,MANDI018,WH-East,16.2,660.0,UP89DF6823,DRV862
TRP003550,,mandi_009,WH-West,16.9,913.6,PB91DF5342,DRV224
TRP008364,,mandi_002,WH-West,20.5,999.2,PB98DF4227,DRV711
TRP004204,,MANDI049,WH-East,5.3,299.4,PB60BC7709,DRV249
TRP009684,2026-04-21,MANDI043,Export-Terminal,12.1,574.9,PB71BC2188,DRV486
TRP009297,,MANDI022,WH-East,,343.3,,DRV573
TRP006186,,mandi_042,WH-East,13.2,641.8,,DRV863
TRP001640,2026-06-17,MANDI-007,WH-Central,,220.1,RJ32DF3176,DRV820
TRP009131,,MANDI-050,WH-South,,275.7,DL69BC8184,DRV560
TRP000061,,MANDI-020,WH-Central,11.7,586.3,,DRV249
TRP001241,2026-08-20,MANDI001,Export-Terminal,14.3,792.0,UP14CD6873,DRV207
TRP005761,,MANDI-023,WH-West,4.5,232.1,,DRV348
TRP005137,,MANDI014,WH-West,,659.3,,
TRP002344,,MANDI019,WH-East,,870.9975656769401,RJ62CD3817,DRV848
TRP002121,,MANDI045,WH-Central,19.7,891.4,PB15AB8357,DRV374
TRP001525,,MANDI021,WH-East,23.6,1036.1971039660682,HR90CD1540,
TRP007618,,MANDI024,WH-Central,22.9,1282.1,RJ94DF7506,DRV611
TRP000154,,mandi_055,WH-East,14.1,815.5977205121841,HR36AB1625,DRV899
TRP000482,,M030,WH-East,,1322.296304356622,HR63BC9783,
TRP006123,,mandi049,WH-West,5.9,326.79908663975203,DL80CD7863,DRV174
TRP007675,,MANDI-009,WH-North,10.6,604.9,UP48DF5397,DRV298
TRP007102,2026-07-23,MANDI003,WH-North,19.8,1120.1,DL58BC2195,DRV940
TRP001763,2026-06-01,MANDI053,WH-North,8.5,432.99878982562,PB50AB2414,DRV865
TRP008943,,MANDI028,WH-Central,14.9,879.2975424796019,HR83BC7257,DRV424
TRP007716,,mandi022,WH-South,9.1,438.3,PB26DF4768,DRV204
TRP009481,,MANDI017,WH-Central,14.3,829.4,,DRV483
TRP007480,,mandi_020,WH-North,,516.7,PB24DF1279,
TRP006213,2026-06-27,MANDI016,WH-North,7.6,422.49881917165,RJ70BC4322,DRV692
TRP004854,,MANDI042,Export-Terminal,2.5,110.5,UP29BC2879,
TRP002712,,mandi033,WH-East,,747.797910003692,RJ67DF4205,DRV544
TRP006767,,mandi_005,WH-North,,527.8,PB27BC7637,DRV409
TRP004151,,M022,WH-Central,15.5,831.0,RJ96AB2018,DRV322
TRP001334,2026-05-22,M013,WH-Central,22.8,1253.49649664299,,DRV285
TRP008379,,MANDI040,WH-East,4.1,214.9,PB88DF4834,DRV256
TRP003502,,mandi_032,WH-Central,21.3,1207.1,DL21BC9993,DRV903
TRP003788,,017,WH-East,19.6,1075.7,,DRV423
TRP009487,,mandi003,WH-East,8.1,466.2,,DRV760
TRP003851,,mandi047,WH-West,16.2,857.4,DL17BC2850,
TRP008341,,M036,WH-North,14.7,731.7,HR52AB5393,DRV630
TRP004125,,MANDI-041,WH-North,7.5,334.8,HR42DF9381,DRV462
TRP009325,,MANDI-044,WH-Central,17.4,969.1,,DRV356
TRP004789,,MANDI007,WH-South,12.7,543.9,UP14CD7643,DRV470
TRP002867,,053,WH-East,9.9,456.3,PB49AB4171,DRV460
TRP001387,,mandi_016,WH-South,11.8,491.3,,DRV564
TRP005942,,M051,Export-Terminal,22.4,1334.0,PB42BC1294,
TRP003068,,MANDI047,WH-Central,13.6,560.0,,DRV297
TRP009422,,mandi_009,WH-North,6.2,348.2,PB57DF1726,
TRP003630,,MANDI026,WH-West,19.9,852.2,UP28BC1893,DRV397
TRP009834,2026-05-09,MANDI056,WH-South,15.7,827.2,DL19DF8137,DRV443
TRP009310,,mandi008,WH-North,18.4,948.9,PB49DF4829,DRV605
TRP003029,,mandi_007,WH-North,19.3,917.4,HR52AB4891,DRV432
TRP002970,,mandi004,WH-East,3.6,194.2,RJ96CD6149,DRV705
TRP008647,,MANDI017,WH-East,,367.3,UP77AB6667,DRV918
TRP006137,,M051,WH-Central,,704.098032139074,UP98CD5852,DRV460
TRP008802,,MANDI043,WH-West,6.8,281.4,RJ42BC7974,DRV936
TRP004264,2026-03-10,MANDI016,WH-East,14.7,740.5,PB95DF1558,DRV341
TRP000646,,MANDI-056,WH-South,5.9,321.5,PB24CD5493,DRV973
TRP000036,,MANDI-042,WH-Central,19.7,1070.7,RJ52CD3274,DRV103
TRP002075,,MANDI049,WH-West,4.2,210.399411961456,,DRV947
TRP000342,,MANDI017,WH-Central,,1115.0,PB80AB7311,DRV580
TRP008042,2026-01-31,MANDI014,Export-Terminal,5.1,221.6,DL96DF8414,DRV850
TRP001623,2026-07-17,MANDI055,WH-South,,564.7,DL51DF1149,DRV557
TRP007142,,MANDI-026,WH-North,12.3,545.4,DL27DF7491,DRV314
TRP005797,,mandi_030,WH-Central,,385.4,HR21AB9414,DRV131
TRP007185,,MANDI-023,WH-East,20.9,864.5,DL64BC6910,
TRP008233,,MANDI043,Export-Terminal,4.9,283.0,UP26BC5058,
TRP005476,,MANDI-021,Export-Terminal,8.5,434.7,PB64AB7413,DRV565
TRP009623,2026-03-31,MANDI-008,WH-West,7.9,404.8,PB60BC7348,DRV394
TRP000075,,mandi_022,WH-Central,17.2,908.4,HR99AB6586,DRV207
TRP004424,,mandi023,Export-Terminal,21.8,958.3,DL80AB8515,DRV942
TRP008634,2026-04-30,M040,Export-Terminal,18.5,756.6,DL11BC4626,DRV896
TRP009600,,MANDI050,Export-Terminal,20.7,1030.5,HR55AB1889,
TRP002052,,MANDI018,WH-Central,21.2,1048.99706819186,UP55BC4076,
TRP002542,,mandi_036,WH-East,19.2,913.9974454979599,PB10BC6551,DRV543
TRP001302,2026-07-09,MANDI014,WH-North,7.5,318.49910983709003,PB11DF3051,DRV493
TRP005878,2026-01-09,MANDI036,WH-East,21.7,1095.1,RJ82BC7888,DRV299
TRP007369,,mandi_057,WH-West,7.5,414.1,,DRV633
TRP001305,,MANDI-045,Export-Terminal,,886.4,UP34BC8841,
TRP008429,,MANDI044,Export-Terminal,13.7,698.7,UP91DF3209,DRV850
TRP009458,,M022,WH-Central,18.5,1021.3,RJ23BC9119,DRV624
TRP002600,2026-01-31,M005,WH-East,23.6,1022.597141976164,HR29DF6968,DRV280
TRP002574,,MANDI023,Export-Terminal,21.0,912.9974482928201,UP75CD4197,
TRP003187,,MANDI018,WH-Central,9.0,386.4,UP14CD5954,DRV728
TRP002769,2026-03-12,MANDI047,WH-South,11.2,455.5,UP19CD9191,
TRP004832,,mandi011,WH-North,12.9,729.2,PB65AB2156,DRV814
TRP004224,,MANDI-049,WH-South,13.1,665.5,PB67CD9469,DRV625
TRP000252,,MANDI047,WH-East,7.4,306.0,PB31AB3254,DRV278
TRP002107,,MANDI051,WH-North,9.3,405.7,UP67AB8210,DRV111
TRP002680,,MANDI-039,Export-Terminal,2.9,172.0,HR46BC1042,
TRP001388,2026-07-21,MANDI005,WH-North,5.1,250.9,UP93DF4388,DRV513
TRP009292,2026-05-09,MANDI034,WH-East,13.0,765.897859416726,DL89CD4970,DRV437
TRP003466,,MANDI031,WH-North,10.9,556.2,,DRV696
TRP007084,,025,WH-North,19.1,973.0,PB37CD7159,DRV834
TRP001280,,mandi050,WH-East,3.1,177.2,,DRV893
TRP000805,2026-01-28,MANDI015,WH-North,20.3,872.6,UP31BC9259,DRV153
TRP001556,,MANDI048,WH-West,5.8,295.7,UP73CD3978,DRV207
TRP009865,,MANDI-028,WH-East,22.0,903.7,RJ72DF1365,DRV897
TRP004567,,MANDI-021,Export-Terminal,10.9,558.798438232232,UP39DF4085,DRV622
TRP009656,,M018,WH-South,,537.2,PB67BC5837,DRV891
TRP004842,,mandi037,WH-South,4.1,205.2,UP71AB1263,DRV472
TRP003595,,MANDI006,Export-Terminal,3.1,130.9,HR96DF7044,DRV142
TRP006036,,mandi_052,WH-South,11.9,490.798628282712,UP13BC5533,DRV156
TRP006853,,MANDI-044,Export-Terminal,14.3,826.4,PB67CD5993,DRV393
TRP008706,,MANDI026,WH-Central,20.8,1050.0,RJ84DF5101,DRV761
TRP004178,,MANDI038,WH-South,,832.0,HR50AB1844,
TRP001309,,MANDI042,WH-South,,1108.5,HR51CD7112,DRV364
TRP009107,,M038,WH-East,22.7,1329.3,RJ50DF4866,DRV659
TRP003453,,mandi_012,WH-Central,,994.8,DL54DF1590,DRV681
TRP003696,,048,Export-Terminal,20.2,844.9976383433,PB84BC9250,DRV660
TRP004243,2026-04-17,M025,WH-Central,19.4,946.99735326758,RJ49BC3522,DRV693
TRP002199,,M006,WH-East,,625.9,RJ13DF7925,DRV879
TRP008967,,MANDI-020,WH-South,21.7,1194.9966601423,,
TRP004426,,MANDI-017,Export-Terminal,18.2,732.0,PB22CD6237,DRV182
TRP006151,2026-06-02,MANDI025,WH-Central,15.6,658.7,HR43AB4478,DRV858
TRP000944,,MANDI-009,WH-North,16.2,786.6,RJ94DF2738,DRV997
TRP000823,2026-08-03,MANDI041,WH-South,10.0,591.4,DL25AB2253,DRV359
TRP005006,,MANDI040,WH-Central,19.8,946.9,UP77CD8610,DRV654
TRP006613,,mandi_002,WH-Central,3.7,187.1,UP84AB4092,DRV533
TRP008357,2026-08-14,mandi_033,WH-Central,9.0,463.7,,DRV763
TRP005620,,MANDI024,WH-West,14.3,690.7,,DRV379
TRP004548,,mandi_022,WH-Central,,419.8,HR69DF9921,DRV194
TRP002539,,MANDI-053,WH-North,10.0,484.5,PB10DF2817,DRV433
TRP005208,,MANDI031,WH-East,3.1,155.7,DL49DF2321,DRV987
TRP009894,,mandi022,WH-South,3.3,168.2,DL44AB9765,DRV217
TRP009373,,MANDI-022,Export-Terminal,,803.4,PB74BC8209,DRV441
TRP003055,,MANDI034,Export-Terminal,23.9,1392.1,RJ91BC6196,DRV497
TRP003676,,MANDI-057,WH-North,18.0,736.7,UP94BC1032,DRV607
TRP007777,,MANDI021,WH-Central,9.8,570.0,UP92CD1941,DRV457
TRP007219,,MANDI057,WH-Central,13.3,610.1,HR67AB9385,DRV549
TRP006723,,MANDI021,Export-Terminal,8.0,329.8,HR39CD4721,DRV213
TRP003301,,mandi_052,WH-West,14.2,610.0,UP90DF8599,DRV938
TRP003311,,MANDI011,WH-East,22.8,1289.8,PB77AB9414,DRV335
TRP007222,,MANDI-040,WH-Central,23.2,1152.4,PB90AB4803,DRV244
TRP008520,,mandi_007,WH-Central,23.9,1005.99718837084,,DRV758
TRP005955,,MANDI-001,WH-North,18.8,1121.0,DL93DF7516,DRV403
TRP000833,,M035,WH-West,15.1,905.3,PB80DF8156,DRV338
TRP003463,,MANDI021,WH-South,,773.6,HR14AB5973,DRV485
TRP007644,2026-03-01,MANDI-011,WH-East,9.0,459.9,RJ79AB7057,
TRP000055,,mandi024,Export-Terminal,18.5,1078.2,RJ98BC3357,DRV594
TRP003452,,005,Export-Terminal,13.1,738.0,HR46AB1097,DRV169
TRP006306,,mandi_022,WH-Central,20.0,894.7,RJ19CD3350,
TRP001482,,mandi041,WH-Central,,626.4,PB34BC9798,DRV608
TRP004874,2026-06-17,mandi_053,WH-West,16.3,829.9976802662,RJ86DF8555,DRV440
TRP008039,,MANDI-029,WH-South,2.7,112.6,PB45BC9932,DRV854
TRP003336,,mandi050,WH-East,19.0,804.1,HR81DF1291,DRV629
TRP006017,,M052,WH-East,23.5,1082.4,RJ78CD6195,DRV237
TRP004927,,M055,WH-Central,19.6,1159.5,RJ84AB4169,DRV443
TRP009139,2026-06-08,MANDI004,WH-West,3.9,176.299507266182,DL86CD9878,DRV762
TRP005798,,M048,WH-Central,5.5,228.9,,DRV198
TRP001248,,mandi029,WH-South,,1018.2,HR49DF9523,DRV507
TRP005084,,MANDI034,WH-South,15.9,767.8,UP73BC2193,DRV596
TRP006646,,mandi_026,Export-Terminal,4.1,222.2,DL48AB6461,DRV605
TRP005491,2026-01-13,MANDI052,WH-East,,619.0,HR88CD1677,DRV776
TRP000769,,MANDI021,WH-West,15.1,724.6,RJ21DF6834,
TRP002066,2026-02-16,M025,WH-South,19.1,973.9972778063601,,DRV572
TRP009879,2026-02-10,MANDI024,WH-Central,,847.1,UP38DF8852,DRV151
TRP007312,,MANDI041,WH-North,7.0,322.199099496108,DL82BC4929,DRV334
TRP008478,2026-08-04,MANDI056,WH-South,10.9,604.398310786616,HR67BC5973,DRV773
TRP004525,,MANDI-018,WH-North,19.5,797.3,HR82CD9358,DRV800
TRP002718,2026-06-04,mandi024,WH-North,9.4,455.0,,DRV817
TRP002080,,MANDI020,WH-North,,323.2,UP74BC6839,DRV711
TRP008915,,mandi043,WH-West,12.2,641.0,,DRV119
TRP000952,,MANDI012,Export-Terminal,8.4,500.2,UP27BC3964,
TRP008059,,mandi_048,WH-North,19.3,970.4,UP60AB8673,
TRP002483,,M011,WH-East,20.1,914.4,RJ83BC3529,DRV670
TRP009182,2026-03-23,MANDI037,WH-Central,12.0,559.9984348784,,DRV211
TRP001760,,M014,WH-West,21.4,907.1,PB36BC7809,DRV793
TRP004423,2026-04-02,MANDI015,WH-South,3.8,215.8,RJ74CD6512,DRV535
TRP006705,2026-05-29,MANDI037,WH-South,,489.7,RJ45CD8361,DRV810
TRP005183,,MANDI040,WH-East,21.4,1120.5,DL88AB5779,
TRP008534,,MANDI002,WH-West,22.9,1216.3,HR43AB1956,DRV115
TRP003702,,mandi011,Export-Terminal,,816.8,UP54DF7000,DRV207
TRP004244,,MANDI-016,WH-East,5.9,351.799016768252,,DRV443
TRP000689,,MANDI031,WH-Central,16.9,893.5,HR27BC1222,DRV551
TRP003433,,MANDI052,WH-West,16.7,826.7,,DRV560
TRP004945,,MANDI054,WH-North,18.6,1110.0,PB48DF7787,DRV759
TRP000967,,M012,WH-North,10.0,561.8,UP60AB2751,
TRP009863,,MANDI012,WH-North,3.4,164.2,UP80CD2567,DRV413
TRP002714,,MANDI016,WH-North,11.8,592.2,UP82CD6911,DRV840
TRP004758,2026-01-10,MANDI029,WH-South,,387.1,RJ43CD5389,DRV168
TRP009927,,MANDI024,Export-Terminal,21.0,1170.6,DL12AB9446,DRV306
TRP006321,,M051,WH-North,,1055.49705002527,HR48AB7742,DRV501
TRP005976,,MANDI-032,WH-Central,,1075.2,UP40DF8713,DRV575
TRP003573,,MANDI-032,WH-East,13.8,681.398095582396,RJ12AB4982,
TRP005300,,mandi_026,Export-Terminal,,774.5,UP98CD4158,DRV931
TRP001991,,M019,WH-South,14.2,642.1,DL43DF4964,DRV948
TRP001206,2026-03-07,mandi_027,WH-Central,15.9,750.8,DL39DF7082,DRV895
TRP004972,,MANDI018,WH-South,5.7,278.5,,DRV455
TRP008710,,mandi_039,WH-Central,5.1,260.7,PB99AB2044,DRV194
TRP006784,,MANDI044,Export-Terminal,,137.799614868292,DL84BC7568,DRV418
TRP003601,2026-04-22,M026,WH-East,10.9,563.4,UP71DF2880,DRV952
TRP006491,,MANDI019,WH-West,15.2,870.5,DL18BC1502,DRV484
TRP008610,,mandi_015,Export-Terminal,,1130.8,DL41CD5308,DRV444
TRP000796,,mandi025,WH-Central,20.4,969.3,DL68DF4952,DRV718
TRP008071,,M052,WH-South,,734.4,DL79CD4751,DRV326
TRP008578,,mandi_057,WH-East,22.5,1186.49668389861,HR29DF2004,DRV410
TRP007974,,MANDI-010,WH-West,,1050.897062881626,HR42BC9652,DRV198
TRP001626,,MANDI033,Export-Terminal,23.8,1338.6,PB21BC6163,DRV659
TRP000537,2026-07-22,M031,Export-Terminal,12.7,624.698254050958,,DRV202
TRP008767,,M052,WH-South,8.3,354.6,,DRV387
TRP007971,,MANDI021,Export-Terminal,13.3,590.5,UP14DF6961,
TRP004213,,MANDI039,WH-Central,3.3,181.299493291882,UP68AB5304,DRV983
TRP006457,,MANDI018,WH-Central,17.2,951.197341529168,RJ20CD4873,DRV981
TRP003508,,M034,WH-South,21.7,1135.596826156984,UP99CD6478,DRV773
TRP008394,,MANDI015,WH-East,9.4,498.8,RJ95DF3526,DRV943
TRP007113,,MANDI002,WH-South,2.8,125.4,RJ46CD1444,
TRP002709,,MANDI013,WH-West,23.6,1121.1,HR28AB9522,DRV899
TRP005032,,M027,Export-Terminal,19.8,1095.6,,DRV856
TRP006515,,MANDI-048,WH-South,,1192.3,DL19BC9476,DRV865
TRP004663,,mandi_049,WH-Central,23.7,1336.5,RJ36CD4962,DRV496
TRP004022,,mandi_040,WH-South,3.9,189.3,UP18CD9322,DRV121
TRP001855,,MANDI045,WH-East,12.1,611.1,DL31BC1645,DRV845
TRP009801,,MANDI022,WH-East,,391.9,,
TRP002873,2026-03-03,MANDI-021,WH-East,2.2,126.9,UP12CD1991,DRV254
TRP003031,,MANDI033,WH-East,7.8,363.698983509418,UP94DF7165,DRV888
TRP001646,,MANDI026,WH-East,,467.3,HR67AB9114,
TRP003418,,MANDI028,WH-South,,329.399079373116,RJ19BC8359,
TRP003477,2026-03-05,mandi024,WH-South,9.3,538.0,UP75AB7734,DRV569
TRP009934,,MANDI025,WH-Central,9.3,403.7,UP50AB7889,
TRP001793,,mandi_011,WH-North,20.6,1016.097160142754,HR14BC3331,DRV598
TRP003798,,MANDI043,WH-Central,2.9,118.1,PB15BC6433,DRV695
TRP003369,,M020,WH-Central,7.7,415.8,,DRV778
TRP007197,,MANDI018,WH-West,,949.2,UP81CD2507,
TRP008848,,MANDI010,Export-Terminal,14.3,755.6,,DRV266
TRP005110,,M035,Export-Terminal,2.5,146.6,PB60AB9601,DRV145
TRP006025,,MANDI-010,WH-West,13.3,554.6,,DRV433
TRP008796,,M010,WH-Central,18.5,766.6,DL83AB7429,DRV741
TRP009665,,MANDI029,WH-West,7.1,317.1,DL33AB6763,
TRP000127,,MANDI027,WH-West,15.5,766.5,,DRV372
TRP005960,,mandi046,WH-East,,974.9,,DRV498
TRP003877,2026-05-23,M028,Export-Terminal,23.6,1106.0,HR77AB9486,DRV616
TRP004452,,MANDI022,WH-Central,14.7,699.6,RJ73DF5713,DRV940
TRP007148,,MANDI018,WH-South,14.0,661.6,HR19BC7788,
TRP003532,,MANDI-054,WH-West,20.5,1033.8,PB34CD1567,
TRP000828,2026-04-15,MANDI-057,Export-Terminal,22.8,1319.296312741202,RJ88AB2948,DRV638
TRP007791,,MANDI007,WH-North,,742.797923977992,HR82DF4993,DRV307
TRP000985,,MANDI034,WH-Central,7.4,359.9989938504,RJ40BC8366,
TRP007784,2026-08-23,031,WH-North,10.9,581.7,RJ29CD7220,DRV256
TRP002444,2026-04-11,MANDI038,WH-Central,,703.6,HR73AB2729,DRV416
TRP008555,,MANDI052,WH-South,20.2,942.0,HR42BC4702,DRV831
TRP000346,,MANDI-012,WH-Central,10.8,563.698424537418,HR48AB6208,DRV444
TRP000815,,M043,WH-South,2.6,150.6,UP39BC6439,DRV635
TRP006167,2026-03-13,M046,WH-South,7.0,319.2,PB74DF3881,DRV106
TRP005780,2026-04-02,MANDI011,WH-Central,23.9,976.3,RJ70DF3855,DRV625
TRP002117,,MANDI025,WH-West,,435.0,,DRV980
TRP000794,,mandi050,WH-South,8.7,398.49888624829,UP95BC3436,
TRP006899,,mandi_017,WH-South,22.7,1096.3,PB46CD6601,DRV366
TRP002675,2026-04-10,M008,WH-North,11.7,578.5,RJ20BC1372,DRV903
TRP000095,,MANDI044,WH-East,21.0,1110.8,PB33BC7431,DRV347
TRP004226,,M010,WH-East,23.5,1282.2,,DRV487
TRP003757,,mandi_010,Export-Terminal,14.9,842.697644771478,HR65BC9668,DRV282
TRP002892,,mandi_046,Export-Terminal,7.8,452.0,DL60CD2292,DRV209
TRP002372,,mandi_057,WH-East,10.3,466.7,PB47CD3224,DRV352
TRP009762,,mandi003,WH-North,10.1,553.1984538834481,PB17CD3995,DRV235
TRP003229,,MANDI023,WH-North,9.0,504.5,,DRV351
TRP007864,,MANDI-012,Export-Terminal,12.3,617.8,DL98DF7929,
TRP006360,,mandi_023,WH-West,17.0,747.9,PB80DF7657,DRV957
TRP009566,,M038,Export-Terminal,4.9,258.5,PB97CD3714,DRV257
TRP007327,,mandi_018,WH-West,11.6,670.9,UP66BC2613,DRV174
TRP006029,,MANDI029,WH-North,16.8,949.0,PB62AB5379,DRV704
TRP001866,,MANDI047,WH-South,,900.4,DL31CD9351,
TRP004613,,MANDI050,WH-North,2.1,100.1,UP45AB8925,DRV427
TRP002646,,MANDI004,WH-South,13.0,620.698265230398,,DRV984
TRP002244,,mandi_046,WH-South,,711.9,HR44AB9934,DRV435
TRP005374,,MANDI050,WH-Central,3.4,167.2,UP27AB3110,DRV545
TRP002337,,mandi_025,WH-South,3.7,194.9,,DRV515
TRP000951,,mandi049,WH-East,,805.4,DL15CD3130,
TRP001121,,mandi_002,WH-North,,581.2,RJ74CD7572,DRV533
TRP002205,,MANDI-039,WH-North,5.7,228.6,PB32CD9431,DRV665
TRP000420,,MANDI042,WH-North,4.7,276.4,UP27DF7278,DRV695
TRP000923,,mandi_043,WH-North,11.4,661.99814980268,HR23DF5486,DRV411
TRP008670,,MANDI-045,WH-South,21.5,936.3,UP31CD1967,DRV516
TRP005409,,mandi_046,Export-Terminal,12.1,655.8,DL61CD3780,
TRP005789,,mandi009,WH-East,,683.6,UP30BC7005,DRV405
TRP005743,2026-05-05,MANDI-040,WH-East,8.9,396.3,DL50BC4187,DRV730
TRP007668,,MANDI-030,WH-Central,16.4,960.49731553697,RJ62CD9643,DRV993
TRP005568,,MANDI025,WH-Central,15.3,821.8,HR75AB4912,DRV659
TRP008136,,MANDI051,WH-Central,,450.7,PB45CD9780,DRV230
TRP001203,,M026,Export-Terminal,14.9,707.5,RJ65CD3537,
TRP005766,,MANDI-006,Export-Terminal,13.0,725.9,DL24BC3155,DRV991
TRP008390,,mandi_055,WH-West,21.4,1180.9,PB34BC8622,
TRP001971,,mandi_019,WH-East,9.8,506.1,HR33CD8791,DRV564
TRP004019,,MANDI026,WH-North,23.4,1115.1,,DRV219
TRP003688,,MANDI011,Export-Terminal,21.1,970.5,DL18BC4221,DRV554
TRP001998,2026-07-05,MANDI-019,WH-West,23.8,1415.1,,
TRP004034,,MANDI026,WH-Central,10.0,477.8,RJ81BC7427,DRV790
TRP001249,,MANDI025,WH-West,8.5,355.2,PB67BC2607,DRV349
TRP002193,,MANDI046,Export-Terminal,,463.6,DL46DF8846,
TRP002713,2026-06-03,M009,WH-Central,6.7,313.1,HR51BC5684,DRV269
TRP009185,,mandi_026,WH-North,9.3,531.198515370368,HR27CD3112,DRV499
TRP002191,2026-05-10,MANDI056,WH-Central,22.3,1179.5,DL66AB9137,DRV334
TRP004671,,007,WH-South,18.0,1073.8969985998463,DL46AB6578,
TRP005143,,MANDI053,WH-East,8.5,445.8,PB85DF2638,DRV362
TRP005985,,MANDI056,WH-Central,20.8,942.0,HR21BC5635,DRV365
TRP006566,,mandi_010,WH-North,14.9,705.8,PB79BC4017,DRV250
TRP007805,,MANDI055,WH-West,19.4,794.2,HR60AB2252,DRV633
TRP006944,2026-02-13,mandi_015,WH-North,10.5,571.3,UP66DF4496,DRV175
TRP002137,,mandi048,WH-West,17.6,1034.8,UP85BC7343,DRV400
TRP001066,,mandi_028,WH-East,,913.7,HR35AB5493,DRV420
TRP000601,,M038,WH-North,,838.4,UP17BC6460,DRV354
TRP004228,2026-07-31,mandi042,WH-North,21.2,989.2972350450019,RJ76AB8359,DRV939
TRP007578,,M044,Export-Terminal,7.9,453.7,DL11AB7055,
TRP000078,2026-07-21,MANDI018,WH-South,,529.0985212395741,,DRV945
TRP007547,2026-01-13,mandi026,WH-East,15.0,693.9,PB11BC6565,
TRP002899,2026-01-23,052,WH-North,,141.3,UP86CD4320,DRV178
TRP004821,,MANDI037,WH-North,3.8,195.3,DL20DF8272,DRV784
TRP009675,2026-04-16,MANDI-020,Export-Terminal,11.5,540.298489937142,HR28BC1004,DRV812
TRP006414,,MANDI-029,WH-East,,1176.2,,DRV410
TRP009445,,mandi_051,WH-Central,,290.59918781368407,PB85DF3449,DRV335
TRP009065,2026-05-05,MANDI013,WH-West,,314.9,RJ83BC8906,
TRP008008,,MANDI-012,WH-West,4.9,249.7,PB17DF9526,DRV788
TRP005469,2026-04-12,MANDI024,WH-North,14.4,589.7,DL72DF9162,
TRP005952,,MANDI-037,WH-West,17.7,1016.5,UP20DF7332,DRV378
TRP003392,,M051,WH-North,20.5,1185.3,RJ21CD3792,DRV461
TRP005416,,MANDI-052,WH-West,19.9,962.4,RJ81CD1269,DRV442
TRP002561,,MANDI041,WH-West,9.4,550.0,HR37CD4154,DRV325
TRP008163,,MANDI025,WH-West,14.5,737.4,UP88DF5358,DRV221
TRP002636,,MANDI-021,WH-South,13.7,758.0,UP80BC9630,DRV203
TRP005257,,MANDI048,WH-East,20.4,1111.2,RJ28BC9581,DRV894
TRP003531,,MANDI039,WH-East,19.4,851.1,PB51CD7739,DRV991
TRP008568,2026-09-03,MANDI003,Export-Terminal,14.5,607.9,DL20CD1334,DRV143
TRP001909,,MANDI-044,WH-South,13.5,775.4,,DRV717
TRP000236,,MANDI040,WH-South,10.7,554.7,HR60BC9657,DRV898
TRP001605,,mandi029,WH-East,6.4,356.799002793952,,DRV750
TRP007985,,MANDI-030,WH-South,12.9,739.3,HR96DF1436,DRV267
TRP009311,,MANDI021,WH-East,2.7,126.099647568154,UP89DF5238,DRV630
TRP003491,2026-08-12,MANDI055,WH-South,21.6,1085.5,,DRV520
TRP001995,,MANDI011,WH-Central,8.4,359.3,DL15CD8545,DRV911
TRP002825,,MANDI054,WH-Central,5.7,263.9,DL85BC9092,DRV133
TRP009656,,M018,WH-South,,537.2,PB67BC5837,DRV891
TRP001343,,MANDI043,WH-East,5.6,306.49914337541,PB31AB2507,DRV868
TRP008513,,MANDI026,Export-Terminal,21.9,1279.0,,DRV946
TRP001620,,MANDI032,WH-South,2.1,101.4,UP12BC6068,
TRP005288,2026-07-24,mandi_004,WH-South,,647.7,DL29DF2770,
TRP002061,,MANDI025,WH-South,15.2,733.8,DL85CD6479,DRV590
TRP000389,,027,WH-North,12.6,629.0,DL15CD1670,DRV783
TRP002220,,MANDI-007,WH-Central,17.1,733.7,RJ60AB5174,DRV287
TRP006039,,MANDI-026,Export-Terminal,16.7,910.8,RJ85CD8203,DRV941
TRP000261,2026-07-19,MANDI-052,WH-West,4.4,223.5,RJ67BC2843,DRV166
TRP009739,,M025,Export-Terminal,15.4,733.6,DL60DF5571,DRV711
TRP009094,,MANDI012,Export-Terminal,21.7,1120.3,PB34CD2525,
TRP003745,,MANDI-049,WH-East,15.3,787.7,RJ32DF7563,DRV764
TRP002027,,mandi_023,WH-Central,16.2,785.1,,
TRP006989,2026-08-19,MANDI-038,WH-North,,562.198428729708,RJ14AB8469,DRV149
TRP004235,2026-01-04,mandi030,WH-East,16.9,800.4,RJ10CD3560,
TRP001918,,MANDI008,Export-Terminal,10.2,416.4,DL80BC8111,DRV697
TRP001829,,mandi040,Export-Terminal,16.0,775.3,DL94DF3313,DRV992
TRP006234,,MANDI057,Export-Terminal,10.3,541.5,RJ72AB1067,DRV420
TRP009706,,M026,WH-Central,3.2,152.1,DL34BC1940,DRV275
TRP006284,,MANDI010,WH-South,11.0,449.1,DL66DF5855,DRV361
TRP004209,,M033,WH-Central,7.0,381.6,PB98DF6723,DRV818
TRP000225,,MANDI-021,WH-Central,17.0,785.4,,DRV936
TRP008916,,mandi_042,WH-Central,,578.1,,DRV622
TRP009334,,mandi_030,WH-East,13.3,763.9,RJ30CD3438,DRV892
TRP006470,,MANDI-036,WH-South,11.0,485.4,PB98DF5223,DRV951
TRP009789,,MANDI038,WH-East,6.0,296.5,HR99CD2191,DRV400
TRP000847,,MANDI016,WH-East,,898.9,PB88CD2003,DRV915
TRP004290,,010,Export-Terminal,8.8,466.5,DL60DF8184,DRV487
TRP005561,2026-06-27,mandi_014,WH-North,21.5,1139.5,UP63AB8853,DRV959
TRP002552,,MANDI007,Export-Terminal,7.3,435.4,HR68DF7791,DRV326
TRP000118,2026-02-07,MANDI008,WH-North,6.5,321.6,DL82DF2485,
TRP008838,,032,WH-Central,10.3,562.7,RJ46BC7864,DRV300
TRP005967,,mandi_026,WH-South,,1039.3,PB85BC8405,DRV178
TRP008196,,mandi_054,Export-Terminal,18.1,1049.5,DL92BC6627,DRV228
TRP008660,,MANDI-028,Export-Terminal,,425.6,PB37DF2068,DRV104
TRP007490,,MANDI-042,WH-Central,16.5,840.3,UP77DF1972,DRV643
TRP000006,,M025,WH-North,3.6,170.2,,DRV134
TRP005343,,MANDI-019,WH-South,5.2,303.0,PB32BC8514,DRV617
TRP009112,,MANDI045,WH-West,4.4,202.5,UP28DF3268,DRV955
TRP004325,2026-01-19,MANDI011,Export-Terminal,,704.3,UP88AB4225,DRV686
TRP001064,,mandi004,WH-Central,23.3,1361.6,HR26DF3402,DRV219
TRP002591,,MANDI009,WH-South,17.7,711.49801145711,DL98BC8643,DRV336
TRP008435,,mandi_001,WH-South,4.3,208.8,HR61BC5392,
TRP009353,,MANDI031,WH-East,3.9,156.6,PB66DF6014,DRV274
TRP003736,,M039,WH-North,3.0,162.4,UP51CD9931,DRV980
TRP003518,,MANDI042,WH-North,13.3,672.3,RJ70AB1911,DRV501
TRP006987,,mandi_002,WH-South,13.0,586.1,PB74CD2728,DRV226
TRP006768,,MANDI022,WH-North,,216.6,,
TRP005623,,MANDI037,WH-North,6.5,297.5,HR53AB7959,
TRP001606,,MANDI018,Export-Terminal,11.9,513.1,HR82DF4087,DRV967
TRP001734,,mandi_051,WH-South,15.3,748.4,,DRV886
TRP009715,,MANDI043,WH-North,8.8,379.8,HR60CD9214,DRV847
TRP009505,,mandi024,Export-Terminal,5.9,319.7,RJ69BC8951,DRV113
TRP003813,,M015,WH-South,20.3,907.3,DL68CD7225,
TRP007488,,mandi_045,WH-North,19.1,917.5,RJ56AB5017,DRV175
TRP001762,,mandi001,WH-South,11.8,497.9,HR80BC2600,DRV780
TRP005402,,MANDI013,WH-West,11.3,495.49861514687007,PB23AB2367,DRV750
TRP002740,,MANDI011,WH-East,18.6,1095.396938510356,HR88DF9219,DRV997
TRP002473,,MANDI004,Export-Terminal,2.1,96.5,DL65AB7447,DRV422
TRP006739,,mandi_019,WH-North,3.8,167.0,,DRV265
TRP006892,,MANDI035,WH-East,6.6,344.5,,DRV521
TRP007944,,mandi055,WH-West,9.7,428.4,RJ32AB9627,DRV687
TRP004207,,006,WH-East,17.5,816.7,HR41CD9880,DRV548
TRP006372,2026-04-06,MANDI041,WH-West,13.0,705.3,RJ65CD6764,DRV757
TRP009362,,MANDI-007,WH-South,7.7,440.298769423142,PB81DF8391,DRV681
TRP000233,2026-07-09,mandi_055,WH-Central,19.2,1046.1,DL44BC3798,DRV114
TRP008259,,mandi_052,WH-North,10.0,587.7,,DRV883
TRP007562,,MANDI045,WH-East,,406.2,HR64AB7174,DRV973
TRP006169,,MANDI006,Export-Terminal,3.1,177.6,RJ39CD1593,DRV130
TRP003597,,MANDI012,WH-South,15.1,710.9,UP10AB4091,
TRP006289,,MANDI051,WH-East,4.4,201.4,DL86DF1840,DRV521
TRP004633,,MANDI051,WH-North,,557.7,UP42BC4459,DRV231
TRP000126,,MANDI045,WH-Central,9.9,448.2,DL71AB2316,DRV979
TRP007642,,MANDI053,WH-East,12.6,634.3,PB68CD1879,
TRP006230,,MANDI041,WH-East,21.1,850.0976240895142,UP64CD4669,DRV671
TRP001297,,mandi_001,Export-Terminal,10.6,441.0,RJ24AB8339,DRV694
TRP001977,,MANDI-028,WH-Central,14.1,743.3,PB16DF1340,DRV140
TRP009859,,mandi007,WH-East,19.2,905.3,UP44AB8741,DRV239
TRP009813,,MANDI046,WH-East,4.9,254.9992873107,,DRV593
TRP005751,,MANDI043,WH-East,7.9,412.4,RJ72AB7619,DRV341
TRP008153,2026-07-02,mandi_029,WH-East,20.5,1066.8,HR65CD5889,DRV662
TRP003087,2026-06-26,MANDI-001,WH-Central,7.6,353.099013134934,HR18CD2700,DRV823
TRP009647,2026-05-13,MANDI-024,Export-Terminal,16.1,741.0,,DRV962
TRP006883,2026-08-22,MANDI-044,WH-Central,5.5,312.4,RJ22CD1745,DRV709
TRP009679,,MANDI043,WH-East,,131.2,DL86CD9248,DRV878
TRP007674,,MANDI001,WH-East,22.8,1226.1,UP78AB4456,DRV570
TRP003346,,MANDI031,WH-Central,21.5,896.1,,DRV331
TRP008173,,MANDI019,WH-East,13.8,601.8,UP58CD7706,DRV397
TRP009797,,M005,WH-West,13.0,624.3,DL38CD3384,
TRP005871,,MANDI-015,WH-East,16.0,738.4,RJ14BC1620,
TRP006507,,M015,WH-West,21.0,1123.6,,DRV702
TRP002798,,mandi040,WH-South,23.9,1012.7,RJ45AB8114,DRV910
TRP000919,,mandi_011,WH-West,14.4,728.5,UP36AB7434,DRV545
TRP001647,2026-01-15,050,WH-Central,15.4,670.9,PB40DF7644,DRV156
TRP005123,,MANDI033,Export-Terminal,,697.8,HR32AB4084,DRV974
TRP005127,,MANDI001,WH-West,17.2,867.6,RJ35BC2554,DRV696
TRP004622,2026-06-11,mandi046,WH-North,9.1,513.4,,DRV704
TRP006810,2026-03-19,MANDI-056,WH-South,10.6,532.4,HR62DF2635,DRV999
TRP000365,2026-02-25,MANDI016,WH-East,,1041.7,RJ75DF8081,DRV197
TRP002126,,mandi_048,WH-West,15.2,688.4,HR99DF9798,DRV730
TRP008151,,MANDI057,WH-South,8.0,446.2,PB60CD2936,
TRP008718,2026-04-03,015,WH-East,5.5,297.099169647094,PB67AB1919,DRV872
TRP000056,,MANDI022,WH-North,20.5,895.1,RJ84CD4226,DRV542
TRP000639,,MANDI013,WH-West,3.2,145.1,HR40AB5649,
TRP000303,2026-05-09,M038,WH-East,23.5,1264.2,UP43BC5919,DRV361
TRP005812,,MANDI046,WH-East,17.1,751.7,PB61CD6576,
TRP001277,,MANDI009,WH-Central,23.8,1332.3,RJ30AB3957,DRV960
TRP004433,,MANDI050,WH-West,12.8,623.3,DL82CD8849,DRV928
TRP003645,,MANDI-042,WH-South,3.6,185.29948211244198,RJ93CD8534,DRV379
TRP004144,,MANDI054,Export-Terminal,18.4,831.7,PB97CD6371,DRV270
TRP002879,,MANDI002,WH-West,4.7,198.5,,DRV978
TRP006494,2026-06-17,MANDI026,Export-Terminal,19.5,1166.5,HR26AB9617,DRV648
TRP005241,,mandi_010,WH-South,14.3,824.1,RJ17CD5892,
TRP009783,2026-06-16,M045,WH-East,14.5,792.7,HR65AB2500,DRV138
TRP006938,,MANDI042,WH-North,5.7,265.9,PB11BC7579,
TRP007241,2026-06-06,MANDI043,WH-North,11.0,524.1,HR92CD5410,DRV242
TRP002594,,MANDI015,WH-South,18.2,1048.1,PB68CD4171,
TRP002394,,MANDI025,WH-South,2.6,146.4,,DRV417
TRP000524,,mandi041,Export-Terminal,10.1,585.9,,
TRP006377,,MANDI041,WH-West,15.8,905.2,RJ59CD2399,
TRP006982,2026-06-18,mandi_002,WH-South,10.1,598.5,HR36BC5683,DRV431
TRP006678,,MANDI039,WH-North,,498.9,PB37AB4068,DRV215
TRP003901,,MANDI052,WH-Central,11.2,547.0,,DRV847
TRP002250,,M021,WH-Central,,775.5,PB67AB8204,
TRP005586,,mandi_044,Export-Terminal,,735.8,PB53DF4684,DRV729
TRP009734,,MANDI049,Export-Terminal,22.4,1243.9,HR25BC1141,DRV795
TRP007957,,mandi053,Export-Terminal,6.7,335.2,HR53DF9148,DRV269
TRP007571,,MANDI037,Export-Terminal,23.3,978.5,RJ19BC3593,DRV673
TRP006778,2026-01-20,MANDI-048,WH-East,13.5,553.1,RJ79AB6808,
TRP000672,,MANDI020,WH-East,5.9,276.6,,DRV281
TRP004189,,mandi_041,WH-South,19.4,1101.8,RJ48CD8104,DRV963
TRP000667,,051,WH-Central,22.9,1008.6,DL47BC1621,DRV834
TRP003267,2026-08-23,MANDI-015,WH-North,2.7,125.5,PB32CD3756,DRV368
TRP001888,,MANDI011,WH-East,6.4,315.8,HR95CD7950,DRV911
TRP008473,2026-08-17,MANDI044,WH-North,19.5,925.0,,DRV276
TRP009092,,MANDI-001,WH-North,,783.2,UP69BC7773,DRV215
TRP007688,,MANDI-016,WH-North,20.3,834.3,,DRV131
TRP006032,,MANDI057,WH-North,23.7,1361.0,,DRV531
TRP006091,,MANDI046,WH-South,10.4,448.0987476232341,PB95BC5696,DRV321
TRP006239,2026-06-10,MANDI002,WH-North,7.5,427.6,DL93BC1902,DRV541
TRP007351,,MANDI005,WH-East,9.9,501.4,UP80DF8998,DRV402
TRP007831,,MANDI033,WH-Central,,891.6,UP55CD1677,
TRP000761,,MANDI017,WH-North,20.3,903.4,DL43DF6223,DRV696
TRP006255,,034,WH-East,18.1,801.9,,DRV511
TRP001907,2026-01-05,MANDI005,Export-Terminal,9.8,554.598449970644,RJ15DF1316,
TRP003819,,M039,WH-North,8.8,494.398618221216,RJ86AB7870,DRV377
TRP006270,,MANDI-020,WH-Central,2.8,114.9,RJ31CD2144,DRV571
TRP004301,,MANDI-047,WH-West,,703.5,DL21CD8515,DRV259
TRP005570,,MANDI001,WH-North,3.2,134.2,RJ16CD7152,DRV149
TRP007942,,mandi_038,Export-Terminal,12.9,588.8983541069459,UP77AB3272,DRV824
TRP004165,,mandi016,WH-South,6.8,306.8,HR98DF4406,
TRP005972,,mandi_057,WH-South,9.3,498.7,RJ55CD8697,DRV627
TRP003580,,mandi_031,Export-Terminal,21.6,1170.2,DL80BC9968,
TRP002833,2026-06-09,mandi035,WH-South,,876.7,UP97AB7451,DRV464
TRP005450,,MANDI038,WH-East,23.3,1221.5,DL26BC4241,DRV586
TRP003473,,mandi_026,WH-Central,17.7,1052.5,,
TRP006328,,MANDI025,WH-Central,,457.9,RJ84BC8057,DRV357
TRP000138,2026-03-21,mandi_017,WH-West,2.5,131.2,DL86BC9789,DRV974
TRP007044,,mandi052,Export-Terminal,8.6,385.9,,DRV257
TRP004893,,M047,WH-East,,532.5,HR33AB9340,DRV886
TRP002181,,M054,WH-Central,19.2,1023.0,,DRV239
TRP007731,,MANDI-010,WH-North,9.6,502.39859586233604,RJ16BC5216,DRV222
TRP003178,,MANDI010,WH-South,12.5,548.9,DL12AB7225,DRV976
TRP004855,2026-03-21,MANDI-013,WH-South,19.5,921.597424257024,RJ97BC2497,DRV888
TRP004638,,mandi043,WH-East,19.9,1025.7,,DRV264
TRP005116,,MANDI-028,Export-Terminal,11.3,641.2,,DRV701
TRP009674,,MANDI012,WH-North,9.0,487.9,DL60AB4995,DRV136
TRP007649,2026-08-19,MANDI025,WH-Central,17.9,997.8,RJ35CD9700,DRV546
TRP004262,,MANDI-040,WH-North,,664.898141697586,DL93BC8752,DRV644
TRP001332,,mandi_039,WH-East,,1293.3963851280762,RJ40CD4303,DRV256
TRP007003,,MANDI032,WH-East,15.8,824.9,HR61CD9876,DRV463
TRP009551,,M049,WH-South,22.3,1248.2,DL32DF9108,DRV198
TRP006942,,MANDI033,WH-West,18.8,1069.49701089723,PB61CD7309,DRV932
TRP008018,2026-02-07,MANDI-056,WH-North,16.7,998.1,,DRV338
TRP006242,2026-04-23,MANDI038,Export-Terminal,5.7,242.5,PB16CD3181,DRV808
TRP009522,,M044,WH-Central,12.9,568.3,HR57BC6096,DRV713
TRP003838,,MANDI-037,WH-North,22.8,1238.7,DL34DF4645,DRV838
TRP006882,,MANDI021,WH-South,7.9,348.5,,DRV508
TRP004531,2026-04-06,MANDI006,WH-West,16.0,661.6,,DRV497
TRP004674,,MANDI045,WH-North,,901.1,DL90DF9078,DRV428
TRP006997,,M045,WH-South,5.9,309.19913582928797,DL94AB8579,DRV734
TRP001253,2026-01-09,mandi027,WH-South,,207.099421184494,,DRV901
TRP003375,,MANDI052,Export-Terminal,14.4,642.0,DL76CD2523,DRV193
TRP002815,,049,Export-Terminal,6.0,250.799299049112,DL17CD5272,DRV422
TRP004720,,MANDI037,WH-North,20.9,1013.7,HR34AB7217,DRV438
TRP006545,,MANDI038,Export-Terminal,16.2,857.0,DL47CD7130,DRV825
TRP004859,,MANDI005,WH-South,22.1,1115.7,,
TRP007902,,MANDI044,WH-West,6.7,332.9,RJ78AB3085,DRV295
TRP008581,2026-08-14,MANDI-039,WH-Central,15.4,652.898175235906,UP41AB1791,DRV712
TRP008428,,MANDI042,Export-Terminal,4.8,274.0,UP82CD2224,DRV107
TRP001078,,mandi_024,Export-Terminal,15.5,884.5,PB67BC5050,DRV882
TRP004364,2026-04-16,MANDI055,WH-Central,,858.7,,DRV391
TRP000771,,MANDI048,WH-Central,,592.7,UP61BC1748,DRV752
TRP008866,,MANDI038,WH-West,5.6,320.59910396788405,,DRV161
TRP000250,,M011,WH-Central,9.9,510.7,HR49DF9976,DRV832
TRP007240,,MANDI046,WH-East,,579.5,PB83CD7762,DRV441
TRP003420,2026-06-05,M005,WH-East,17.3,978.5,DL77CD7077,DRV749
TRP004977,,mandi014,WH-South,3.4,140.6,DL11DF7663,DRV864
TRP004545,,MANDI015,WH-South,5.5,256.1,UP40AB3229,DRV534
TRP005566,2026-04-28,MANDI009,WH-North,,658.8,,
TRP007940,,M006,WH-East,12.9,732.597952485564,UP74DF7066,
TRP000717,,MANDI-049,WH-North,11.5,636.5,DL68DF5064,DRV229
TRP005548,,MANDI038,WH-East,12.6,524.8,,DRV186
TRP002049,,MANDI051,WH-South,,100.8,PB87BC7051,DRV447
TRP005998,,MANDI041,WH-West,,735.6,HR44DF2761,DRV265
TRP006601,,mandi_002,WH-North,21.6,1288.396399102376,,DRV227
TRP007246,2026-01-20,MANDI050,WH-South,20.6,1074.7969960844719,RJ15CD1835,DRV380
TRP004179,,mandi_053,WH-Central,7.3,345.49903437587,RJ51BC3434,DRV931
TRP004810,,mandi045,WH-North,,441.3,RJ52DF1364,DRV415
TRP009861,,MANDI-004,WH-Central,,959.7,,DRV866
TRP007141,,MANDI011,Export-Terminal,,352.8,UP56CD9646,DRV631
TRP007191,2026-04-28,mandi_003,Export-Terminal,11.8,671.0,UP62AB7207,DRV366
TRP001461,,mandi052,WH-West,8.6,431.4,RJ54AB2226,DRV583
TRP005990,2026-06-01,MANDI004,WH-Central,11.6,629.0,UP64BC3502,DRV905
TRP002001,,MANDI004,WH-Central,23.2,965.5,PB86BC3664,DRV283
TRP008176,,MANDI019,WH-South,19.0,1024.397136945416,HR57CD6679,DRV976
TRP000405,2026-08-29,M034,WH-East,3.0,128.1,UP67CD9582,DRV657
TRP000385,,MANDI017,WH-West,17.0,682.3,,DRV557
TRP009826,,mandi_032,WH-East,20.0,888.9,,DRV908
TRP009866,,046,WH-North,5.5,239.4,DL19CD1429,DRV667
TRP001634,,MANDI013,WH-East,2.2,105.2,HR49AB1397,DRV666
TRP009937,,mandi039,WH-North,5.9,274.9,HR87AB4932,DRV397
TRP004785,,MANDI-031,WH-Central,15.1,668.2,UP89DF1368,DRV200
TRP009835,,mandi_044,WH-South,,322.8,HR80DF1923,DRV848
TRP006971,2026-01-01,MANDI-037,WH-Central,19.9,997.5972118476641,HR52CD6646,
TRP003926,,mandi035,Export-Terminal,,1178.2,HR70AB2974,
TRP004159,,mandi040,Export-Terminal,13.2,536.5,DL89CD6086,DRV949
TRP007450,2026-06-09,035,WH-South,,732.597952485564,UP86AB3583,DRV289
TRP008416,,032,WH-Central,18.3,1001.3,RJ89DF3832,
TRP002194,,mandi_016,WH-West,,1189.7,,DRV684
TRP001016,,MANDI029,WH-North,19.5,851.097621294654,,DRV489
TRP005125,2026-06-12,mandi019,WH-South,19.5,1082.49697456405,HR84DF2625,DRV162
TRP007419,,mandi_023,WH-South,17.7,764.7,RJ46BC6799,DRV174
TRP007410,,MANDI012,WH-South,5.1,296.3,,DRV269
TRP008990,,mandi_023,WH-West,12.3,568.9,PB26CD4586,DRV905
TRP002872,,MANDI016,WH-West,18.8,790.8,UP69AB4217,DRV748
TRP000010,,mandi056,Export-Terminal,8.0,378.3,RJ74CD5670,
TRP001839,,MANDI018,Export-Terminal,,372.69895835567803,PB98CD7164,DRV563
TRP004805,,MANDI010,WH-North,21.4,983.1,HR69BC4444,DRV838
TRP000256,2026-03-04,M024,WH-Central,18.7,1061.7,,DRV313
TRP007027,2026-02-13,MANDI-005,Export-Terminal,,273.5,,DRV581
TRP005714,,MANDI052,WH-Central,,885.0,UP35DF4187,DRV468
TRP003325,,MANDI-034,WH-East,19.8,806.6,UP20CD6627,DRV358
TRP007715,,MANDI-018,WH-West,,225.9,RJ51DF2685,
TRP001582,,M013,WH-South,16.6,780.5,DL90DF6659,DRV309
TRP000925,2026-08-30,MANDI-016,WH-North,9.0,436.9,UP23BC3579,DRV535
TRP002780,,MANDI-036,WH-West,,835.1,RJ70AB5937,DRV858
TRP007892,,MANDI051,WH-North,7.5,415.7,PB93DF4386,DRV776
TRP006133,,MANDI023,Export-Terminal,4.1,229.1,HR77BC5269,DRV378
TRP005321,,MANDI041,WH-West,5.6,280.8,,DRV865
TRP007313,,mandi023,WH-West,19.7,842.3,UP37AB6445,
TRP007103,,M001,WH-East,7.7,431.8,DL89BC2002,DRV639
TRP006043,2026-02-02,052,Export-Terminal,10.2,484.698645331358,RJ33BC7402,DRV817
TRP003776,,M035,WH-West,,542.3,,DRV236
TRP004836,,MANDI052,WH-South,,825.3,RJ95DF9356,DRV480
TRP004965,,MANDI033,WH-North,8.6,437.4,PB75BC7252,DRV865
TRP000540,,MANDI038,WH-North,18.6,750.6,HR35CD4187,DRV136
TRP007484,,040,WH-South,21.9,1166.3,UP81BC6231,DRV678
TRP002746,,mandi_028,Export-Terminal,15.6,886.4,,DRV160
TRP003720,,MANDI030,WH-West,18.2,761.9,PB12AB1860,DRV195
TRP006820,,mandi_055,WH-West,20.5,1132.6,UP22CD9825,DRV945
TRP009338,,MANDI012,WH-East,4.1,181.699492173938,PB93CD8240,DRV733
TRP004469,,mandi_038,WH-South,8.9,523.8,DL98DF9890,DRV759
TRP000668,,mandi_021,WH-East,20.7,1152.2,PB86AB7120,DRV366
TRP007576,2026-06-09,M043,Export-Terminal,5.8,341.599045275824,UP99BC4856,DRV256
TRP008550,,MANDI032,WH-North,12.7,568.6,DL33DF2517,DRV247
TRP005064,2026-02-22,mandi_055,WH-West,12.1,486.4,HR10CD1592,DRV775
TRP001354,,MANDI023,WH-South,17.2,921.0,HR20AB8054,DRV632
TRP007115,,MANDI007,WH-West,,929.8,UP22BC6213,DRV887
TRP000736,2026-03-03,MANDI042,WH-East,13.9,704.7980301826719,PB57CD6077,
TRP008663,,MANDI027,WH-South,4.1,221.69938037953796,UP20DF1566,DRV502
TRP002704,,MANDI-052,Export-Terminal,10.0,570.1,HR88AB4149,DRV734
TRP003331,,MANDI-038,Export-Terminal,8.8,455.6,DL27CD9503,DRV641
TRP008054,,mandi_051,Export-Terminal,7.5,321.0,RJ97DF9844,DRV989
TRP009589,,MANDI050,WH-South,6.7,326.1,UP97DF7791,DRV545
TRP003585,,M022,WH-South,2.8,122.6,RJ33CD8732,DRV446
TRP009819,,MANDI011,Export-Terminal,13.9,567.99841251952,RJ48CD1762,
TRP005646,,MANDI-012,Export-Terminal,20.5,919.6,DL22BC9986,DRV979
TRP003377,,M049,Export-Terminal,14.3,704.9980296237,PB95DF4718,DRV745
TRP001257,,MANDI-051,WH-South,23.1,969.5,,DRV194
TRP006191,,MANDI026,WH-North,7.4,344.0,HR76CD2570,DRV860
TRP009443,2026-08-13,MANDI020,Export-Terminal,6.9,393.6,UP90DF4693,DRV973
TRP005349,,MANDI049,WH-North,23.8,1275.2,UP62CD5070,
TRP004176,2026-02-27,MANDI-013,WH-North,2.6,132.6,RJ40CD1030,
TRP004911,,MANDI024,WH-South,16.8,878.2,HR93CD1721,DRV324
TRP001853,,MANDI009,WH-Central,16.8,784.197808270788,UP58BC4314,DRV362
TRP006317,2026-04-08,MANDI049,Export-Terminal,15.4,907.6,HR94DF3087,DRV699
TRP003016,,MANDI-047,Export-Terminal,6.1,284.6,DL46AB1020,
TRP002106,,MANDI006,WH-North,6.0,257.3,DL53BC4403,DRV812
TRP000134,,mandi_040,WH-West,22.7,1077.4,HR49CD1351,DRV418
TRP005030,,M050,WH-West,20.6,1141.8,HR60BC6497,DRV857
TRP000929,,MANDI-055,WH-Central,18.8,839.9976523176,HR81BC6916,DRV207
TRP000824,,mandi_051,WH-East,4.8,227.4,DL27DF3143,DRV557
TRP007577,,MANDI024,WH-North,17.6,986.1,PB12DF7674,DRV811
TRP001532,,mandi052,WH-East,,1095.49693823087,DL11BC1269,DRV666
TRP001215,2026-03-07,MANDI015,WH-West,2.6,144.599595863244,PB53AB8214,DRV960
TRP000505,2026-03-31,MANDI-039,WH-East,4.2,203.5,PB42BC6793,DRV687
TRP006531,,M010,WH-Central,15.6,831.0,UP66CD5070,DRV971
TRP003073,,M049,WH-West,7.9,440.2,RJ84BC8855,
TRP009577,,mandi_006,WH-Central,20.7,1021.5,RJ45DF9109,DRV141
TRP009087,,MANDI027,WH-Central,5.2,308.2,UP73AB4557,DRV592
TRP008648,,MANDI037,WH-Central,15.6,913.9974454979599,HR57CD5580,DRV459
TRP006620,,MANDI030,WH-East,13.7,623.6,PB79CD1013,DRV989
TRP009274,,MANDI032,WH-East,9.4,558.7,PB92BC9508,DRV243
TRP003710,2026-01-17,MANDI006,WH-North,17.9,993.6,,DRV338
TRP009967,,MANDI023,WH-West,10.4,588.798354386432,HR97DF8898,DRV578
TRP004850,,MANDI-004,WH-North,22.0,1140.8,UP77BC2667,DRV148
TRP004749,,mandi041,WH-North,,753.3,,
TRP004269,,MANDI-016,WH-East,8.9,419.9988261588,RJ31CD9403,
TRP008538,,MANDI026,Export-Terminal,20.5,1164.5,PB94AB8896,DRV881
TRP008906,,MANDI037,WH-West,6.9,327.5,RJ26CD8338,DRV648
TRP004187,,MANDI025,WH-Central,,1176.4,HR37AB2850,
TRP005302,2026-01-01,MANDI044,WH-Central,4.8,275.5,,DRV286
TRP002924,,MANDI016,Export-Terminal,17.2,947.2,DL64BC7886,DRV335
TRP006589,,MANDI030,WH-Central,12.2,581.098375906854,RJ28CD5912,DRV421
TRP001811,,MANDI-036,WH-West,12.1,702.1,DL99CD6476,DRV665
TRP003487,2026-06-17,M009,WH-East,8.7,486.0,UP91DF8502,DRV252
TRP007420,,MANDI056,WH-West,,348.6,PB98DF8419,DRV276
TRP003142,,MANDI046,Export-Terminal,22.3,1020.9,,DRV747
TRP009348,,mandi_034,WH-South,15.4,899.5,HR64DF1007,DRV720
TRP001325,,MANDI020,WH-South,10.5,506.9,RJ89BC2528,DRV400
TRP004313,,M031,Export-Terminal,7.3,379.4,HR87CD8116,DRV257
TRP007495,,MANDI024,WH-Central,9.5,395.6,HR41DF9551,DRV236
TRP008703,,MANDI055,WH-South,15.8,849.1,HR27CD5998,DRV143
TRP008692,,017,WH-West,20.7,1160.0,RJ62AB4581,DRV902
TRP009882,,MANDI017,WH-East,21.1,1123.9,DL84DF3889,DRV562
TRP009581,2026-01-14,020,WH-Central,8.1,479.4,RJ59AB4180,DRV299
TRP005542,2026-07-25,MANDI021,WH-South,13.9,654.3,UP92BC3002,DRV998
TRP006173,,mandi_017,WH-East,,928.9,DL73AB2798,DRV902
TRP001541,,mandi_031,WH-Central,5.0,229.1,DL79DF3926,DRV335
TRP009410,,mandi_054,WH-North,19.0,939.7,HR98DF5813,
TRP002682,2026-06-09,MANDI-052,WH-West,10.6,615.5,PB46DF9891,DRV413
TRP001594,,MANDI-010,Export-Terminal,14.6,796.3,PB44CD5185,DRV896
TRP006314,,mandi013,WH-West,22.4,1011.4,,DRV599
TRP001192,2026-01-06,mandi034,WH-West,21.8,1131.0,,
TRP005294,,MANDI046,Export-Terminal,3.7,177.1,RJ54BC9879,DRV129
TRP001543,,mandi052,WH-Central,16.4,868.5,,DRV390
TRP007057,,MANDI009,WH-East,21.8,917.4,PB84DF6134,DRV765
TRP002540,,MANDI-016,WH-West,22.6,924.5,DL32DF5214,DRV485
TRP000954,2026-08-05,mandi025,WH-East,10.6,536.8,RJ52AB7177,DRV311
TRP007242,,MANDI035,WH-South,11.6,656.1,HR29CD8663,DRV590
TRP006732,2026-09-10,M014,Export-Terminal,20.4,1172.896721908706,RJ64BC5288,DRV407
TRP004847,,MANDI046,Export-Terminal,13.2,700.098043318514,PB32AB8795,DRV500
TRP006802,,mandi_054,WH-South,9.6,390.9,DL64DF8623,DRV134
TRP008011,,mandi_027,WH-West,,816.3,PB35BC5704,DRV261
TRP004331,,MANDI036,WH-East,2.2,125.0,HR56AB6587,DRV208
TRP008925,2026-02-07,MANDI035,WH-East,2.7,137.2,DL26BC3135,
TRP005335,,mandi030,WH-East,14.6,735.7,DL94AB5393,DRV863
TRP007331,2026-03-06,M012,WH-East,13.1,778.7,DL93DF8197,DRV319
TRP009349,,mandi054,WH-South,,650.9,PB46AB3737,DRV315
TRP004730,,M013,Export-Terminal,11.1,513.7985640009321,HR30AB7405,DRV194
TRP006542,,003,Export-Terminal,21.5,1177.4,RJ81CD5503,DRV374
TRP005306,2026-03-19,MANDI054,WH-North,19.7,857.0,DL28BC2168,
TRP005162,2026-07-26,MANDI035,WH-Central,,810.2,HR37BC5275,DRV744
TRP007861,,MANDI024,WH-West,18.4,1096.2,PB98BC3443,DRV744
TRP002157,2026-08-27,M028,WH-Central,4.3,248.0,PB86BC1283,DRV450
TRP001063,,MANDI024,Export-Terminal,9.2,380.9,DL44DF7809,DRV628
TRP001168,,M024,WH-West,5.6,295.4,HR32BC4704,DRV903
TRP003637,,MANDI044,Export-Terminal,10.7,616.3,UP68CD3513,DRV215
TRP007652,,MANDI-007,WH-East,,679.2,,DRV682
TRP005589,,MANDI046,WH-East,,596.5,PB64DF2966,DRV961
TRP007193,,M033,WH-North,17.2,924.4,RJ63BC7138,DRV654
TRP004492,2026-08-16,MANDI016,WH-North,21.2,956.7,HR53DF4679,
TRP007267,2026-03-05,MANDI018,WH-East,14.5,593.0,UP56BC7316,DRV197
TRP004981,,MANDI041,WH-Central,,536.1,RJ54AB2452,DRV464
TRP008336,2026-01-29,MANDI049,WH-South,8.2,394.1,,DRV151
TRP006005,,mandi036,WH-Central,,417.098834263894,UP99BC5132,DRV873
TRP004947,,MANDI016,WH-South,12.8,699.4,UP46CD1599,DRV293
TRP002783,,MANDI007,WH-East,11.1,547.2,UP42CD7397,DRV137
TRP000718,,mandi_055,Export-Terminal,15.5,775.797831747612,HR29AB6129,DRV633
TRP002503,2026-04-09,MANDI010,WH-Central,,1093.4,DL94CD8108,DRV127
TRP004361,,MANDI-024,WH-North,8.1,461.8,PB60CD9323,DRV727
TRP004172,2026-04-13,MANDI040,WH-North,23.5,1025.8,,DRV819
TRP008083,,M022,WH-Central,,1136.3,HR99DF5377,DRV376
TRP006006,,053,WH-Central,4.6,245.4,RJ76BC8914,
TRP000396,,MANDI-022,WH-Central,12.7,693.4,RJ11AB5371,
TRP007187,,MANDI-032,WH-West,10.0,467.5,PB15DF9986,DRV749
TRP005184,,MANDI052,WH-West,12.5,643.8,HR80BC7479,DRV597
TRP004493,,mandi004,WH-Central,,264.0,PB87DF4399,DRV670
TRP001366,,MANDI013,WH-North,17.3,1020.9,,DRV513
TRP009906,,MANDI-051,WH-Central,,819.0,,DRV488
TRP008788,,M006,WH-South,13.4,694.5,UP98BC9366,DRV278
TRP005918,,mandi001,WH-North,21.0,1257.0,HR80CD9654,DRV363
TRP004969,,MANDI-033,WH-West,,860.797594184512,RJ17DF4589,
TRP002915,,MANDI002,WH-West,2.7,125.7,HR10AB9385,DRV364
TRP005645,,M049,WH-Central,3.5,209.9,HR75AB1312,DRV140
TRP003767,2026-05-16,MANDI041,WH-Central,21.4,1039.4,UP29BC2408,DRV330
TRP003441,2026-06-30,025,WH-East,22.9,1224.8,,DRV260
TRP007358,,mandi_020,WH-West,23.0,1312.096332864194,RJ50AB6892,
TRP006807,,MANDI007,WH-Central,7.4,332.0,DL35BC4238,DRV426
TRP009880,,MANDI-055,WH-Central,23.2,1218.9,UP11AB8870,DRV514
TRP002144,,049,Export-Terminal,22.7,1285.0,DL56BC7107,
TRP005105,,MANDI-043,WH-East,9.6,386.9,UP78CD5319,DRV699
TRP005074,,MANDI-048,Export-Terminal,6.0,319.9991056448,HR60BC2640,
TRP001572,,M046,WH-North,5.3,301.5,UP30AB1514,DRV803
TRP004080,,mandi008,WH-Central,18.5,744.49791922673,HR61BC1502,DRV712
TRP001123,,M039,Export-Terminal,7.1,362.4,PB80AB7557,
TRP002787,,mandi_029,WH-Central,8.3,336.3,RJ87AB7709,DRV772
TRP002968,2026-04-25,MANDI045,WH-North,,442.8,,DRV579
TRP002505,,MANDI020,WH-South,7.8,456.1,UP82AB7106,DRV635
TRP005989,,mandi_003,WH-North,10.5,592.0,,DRV589
TRP008868,,MANDI040,Export-Terminal,,243.4,RJ30AB6262,DRV689
TRP007165,,mandi_033,WH-Central,14.6,716.5,UP73AB5826,DRV877
TRP000729,2026-08-02,M046,WH-South,6.6,373.7,DL89DF8263,DRV213
TRP007588,,MANDI031,WH-North,,456.4,RJ59AB2120,DRV937
TRP007544,,MANDI019,WH-South,,1171.6,PB30AB5531,DRV299
TRP000413,2026-02-20,mandi_054,WH-East,10.3,521.3,RJ51CD4082,DRV358
TRP009709,,MANDI032,WH-North,17.7,1032.6,,DRV103
TRP005746,,MANDI044,WH-South,,854.6,HR83CD2489,DRV732
TRP007669,,MANDI020,WH-West,2.4,120.1,UP78CD8741,DRV900
TRP000826,,MANDI042,WH-West,,625.798250976612,DL26DF7892,DRV660
TRP003268,,MANDI-007,WH-South,4.0,164.599539966044,RJ58DF9674,DRV177
TRP003975,2026-01-12,mandi013,WH-South,12.8,603.2,PB12CD5403,DRV992
TRP008809,,051,WH-West,21.6,1165.8,,DRV816
TRP008307,,MANDI020,WH-North,7.3,341.6,UP32DF2604,
TRP000418,,MANDI-033,Export-Terminal,10.3,558.4,UP18CD3447,DRV884
TRP009818,2026-05-21,MANDI-047,WH-South,12.6,514.0,PB99CD4071,DRV622
TRP006749,,MANDI-041,Export-Terminal,20.4,1194.9,PB87CD1375,DRV168
TRP008968,,MANDI-049,Export-Terminal,7.8,394.9,,DRV790
TRP002083,,MANDI039,WH-East,6.5,311.1,,DRV182
TRP008946,,MANDI022,Export-Terminal,5.9,242.7,HR27AB5680,DRV282
TRP003374,,MANDI034,WH-East,15.3,797.2,RJ35DF1682,
TRP005727,,mandi_037,WH-West,20.8,1170.296729175342,RJ18AB8011,DRV694
TRP004108,,MANDI049,WH-West,20.5,990.1,HR52CD1728,DRV692
TRP004381,,MANDI012,WH-North,16.4,951.2,RJ60BC7785,DRV203
TRP007724,,MANDI-013,WH-Central,16.2,904.6,RJ32AB8409,DRV144
TRP001067,,MANDI052,Export-Terminal,18.7,838.2,PB46BC6282,DRV755
TRP003914,,mandi_023,Export-Terminal,4.6,254.1,DL79DF1871,DRV301
TRP005537,2026-07-21,MANDI040,WH-South,,755.0,HR81DF4757,DRV955
TRP008003,2026-04-18,mandi_031,WH-East,16.6,797.99776970172,RJ14CD2359,
TRP005388,,MANDI004,Export-Terminal,13.5,788.4,PB38AB5359,
TRP005733,2026-06-07,MANDI-032,WH-West,,230.4,DL30AB7156,DRV897
TRP002739,,MANDI009,WH-East,,953.1,DL33CD6681,DRV485
TRP005053,,MANDI013,WH-West,8.7,422.0,,
TRP004001,,MANDI-005,WH-West,19.7,1071.6970047485381,,DRV495
TRP009761,,MANDI001,WH-South,5.3,226.9,PB39AB5215,DRV728
TRP002428,,mandi_047,WH-West,15.9,914.7,UP15BC7231,DRV579
TRP006834,,MANDI-014,WH-South,13.1,737.5,,DRV108
TRP001688,,mandi002,WH-Central,11.7,523.3,DL85BC9197,DRV112
TRP000852,,mandi045,WH-East,16.7,860.1975958614281,DL88CD7909,DRV780
TRP006304,,mandi_038,WH-West,4.5,259.3,,DRV353
TRP009088,,mandi009,WH-East,13.9,610.7,,
TRP005879,,MANDI009,Export-Terminal,16.7,909.6,RJ88DF1560,DRV234
TRP008528,,mandi050,WH-Central,,238.6,PB28CD4196,
TRP002840,,MANDI-046,WH-North,7.1,347.6,,DRV520
TRP004612,,MANDI024,Export-Terminal,16.9,957.8,,DRV436
TRP009541,,MANDI056,WH-West,13.5,582.5,DL46CD1175,DRV460
TRP009208,,MANDI010,WH-East,,131.4,,
TRP009824,,M036,WH-East,,553.9,DL37CD3867,DRV332
TRP002490,,MANDI047,Export-Terminal,20.7,976.4,UP69DF3448,DRV624
TRP006906,2026-05-05,MANDI051,WH-West,,934.0,UP32CD9221,DRV183
TRP007391,2026-02-24,M051,WH-East,5.2,222.79937730519202,UP56BC8302,DRV170
TRP002850,,MANDI021,WH-Central,9.0,404.89886836118603,UP10AB8826,DRV897
TRP006666,,MANDI048,WH-North,,616.0,PB83BC3387,
TRP005882,,mandi_039,WH-West,15.5,767.7,UP99DF6437,DRV922
TRP004453,2026-06-29,M016,WH-East,11.4,610.99829234054,DL88CD1652,DRV580
TRP009950,2026-04-18,M029,WH-North,23.2,1060.0970371689139,,DRV412
TRP007422,,mandi055,Export-Terminal,,263.19926439284797,,DRV778
TRP009828,,MANDI016,WH-Central,,255.19928675172798,PB59BC3599,DRV860
TRP006485,,M054,WH-South,15.7,871.1,HR14DF3182,DRV654
TRP002480,,M033,WH-North,13.2,681.0,RJ46AB9716,
TRP006618,,mandi022,WH-South,20.6,1040.5,PB72AB3685,DRV406
TRP002142,,mandi_006,WH-North,16.3,968.7,PB78AB5426,DRV549
TRP005189,,M025,WH-North,16.2,702.9,RJ44BC2651,DRV476
TRP009239,,MANDI029,WH-Central,,1019.6,HR71DF5244,DRV762
TRP002745,,MANDI-039,WH-East,,1250.4,HR36CD2586,DRV381
TRP007254,,009,WH-East,17.0,901.4,RJ50CD8323,
TRP003507,,MANDI022,WH-North,2.5,113.5,RJ81BC4148,
TRP001680,,M010,WH-East,3.2,143.5,RJ45CD6268,DRV530
TRP004250,,MANDI012,WH-West,2.2,127.1,HR91AB9068,DRV412
TRP003148,,MANDI-054,WH-West,3.1,139.599609837544,RJ24CD2233,DRV731
TRP008131,,MANDI009,WH-Central,20.5,1180.0,PB54DF6407,DRV820
TRP007005,,M044,WH-Central,9.4,489.7,PB14AB6223,DRV360
TRP000581,,M017,WH-South,,510.9,PB42DF4027,
TRP009663,,MANDI045,WH-West,7.3,434.3,HR14DF7678,DRV996
TRP004071,,MANDI033,WH-West,5.0,278.0,DL39DF1331,DRV654
TRP003344,,mandi_046,Export-Terminal,8.3,455.8,DL53CD9527,
TRP007405,,mandi_016,WH-South,3.3,196.599450530524,,DRV998
TRP003673,,mandi_024,WH-Central,19.3,828.6,HR62AB4206,DRV548
TRP000560,,MANDI027,WH-Central,11.0,549.7,PB44AB1799,
TRP005238,,MANDI021,WH-North,8.8,520.2,UP70DF3575,DRV328
TRP007806,,MANDI028,WH-South,8.6,455.4,RJ94DF9170,DRV887
TRP000513,,M048,WH-East,17.9,1012.3,HR73AB1549,DRV929
TRP001082,,M052,Export-Terminal,2.9,171.3,,
TRP001665,,mandi_040,WH-East,22.4,1065.7,PB26CD3561,DRV448
TRP009205,,MANDI014,WH-North,8.0,321.3,,DRV332
TRP001932,,MANDI034,Export-Terminal,7.3,318.2,,DRV861
TRP003033,2026-05-05,mandi_017,WH-North,15.0,718.2,PB90BC1276,DRV637
TRP001151,,mandi_026,WH-North,3.7,188.6,DL12CD4357,DRV882
TRP002839,2026-06-08,mandi_055,WH-South,8.6,512.0,RJ52DF1082,DRV572
TRP005950,,MANDI022,WH-Central,20.4,841.9,,DRV388
TRP008309,,MANDI016,WH-Central,15.5,822.8,DL21DF1321,DRV588
TRP008933,,mandi002,Export-Terminal,6.5,302.7,HR88DF6867,DRV290
TRP004514,,MANDI041,WH-Central,13.7,676.8,PB21BC1105,DRV143
TRP005178,,MANDI006,WH-Central,23.9,1406.8,,DRV332
TRP000831,,MANDI001,WH-North,,236.0,PB13BC8851,DRV871
TRP008312,2026-04-13,MANDI-045,Export-Terminal,,232.3,DL15DF5257,DRV488
TRP004753,,mandi021,WH-East,,401.6,DL36BC2764,DRV610
TRP001348,,MANDI045,Export-Terminal,22.5,1189.6,PB67BC1788,DRV765
TRP002341,,MANDI025,WH-Central,9.2,476.4,HR30DF4006,DRV315
TRP000636,,M025,WH-South,12.2,663.198146448848,PB49CD4870,DRV794
TRP004466,,mandi_028,WH-West,18.8,1113.5,DL18CD4093,DRV629
TRP006800,,MANDI001,WH-Central,15.3,647.6981897691779,,
TRP007988,,MANDI-036,WH-North,9.6,535.8,DL62AB4149,DRV701
TRP007080,,M025,WH-West,23.4,1397.0,RJ88BC9825,DRV921
TRP006967,,MANDI-016,Export-Terminal,3.1,163.0,PB12BC8271,
TRP004143,,MANDI017,WH-West,6.4,365.4,,DRV543
TRP007028,,MANDI051,WH-Central,,315.6,HR89AB6507,DRV229
TRP009184,,MANDI037,WH-South,11.1,590.7,RJ58AB2736,DRV601
TRP000877,,MANDI-047,WH-West,22.6,987.7,UP98BC6259,DRV173
TRP004870,,MANDI-003,WH-North,9.2,498.59860648280403,,DRV467
TRP005316,,mandi_010,WH-South,3.9,185.0,,DRV183
TRP005223,2026-03-15,MANDI048,WH-West,18.4,883.6,DL17CD1970,DRV659
TRP000005,,MANDI007,WH-West,8.1,347.3,,DRV864
TRP003052,,MANDI-041,WH-Central,10.9,481.2,,DRV537
TRP005692,,MANDI-016,WH-West,23.5,1004.9,RJ14BC2493,DRV255
TRP003125,,034,WH-West,,816.0,,DRV901
TRP002492,2026-04-30,MANDI-050,WH-East,22.5,1299.6,RJ29DF7370,DRV857
TRP003855,,MANDI022,Export-Terminal,,372.7,RJ40DF8404,DRV620
TRP004778,,MANDI028,WH-North,7.0,397.098890161094,,DRV749
TRP009908,,MANDI054,WH-North,15.2,911.8,HR96AB5087,DRV350
TRP007510,,MANDI-024,WH-South,19.7,844.9,,DRV587
TRP006458,,MANDI035,WH-South,22.5,1175.8,DL43CD1506,
TRP006294,2026-06-24,mandi_003,WH-South,7.1,284.4,DL16AB6231,DRV647
TRP001149,,MANDI-034,Export-Terminal,13.2,691.1,UP89CD4799,
TRP000575,2026-08-30,M034,WH-Central,17.2,860.6,,DRV507
TRP003770,,MANDI007,WH-Central,22.3,1087.8,UP68AB3843,DRV491
TRP004147,,M056,WH-South,11.9,573.198397986248,UP64DF1048,DRV968
TRP000854,,MANDI018,WH-West,6.2,304.8,PB19DF1947,
TRP005920,,025,WH-West,,259.4,DL97DF7158,DRV195
TRP009359,2026-04-02,mandi_009,WH-South,9.6,477.49866545435003,UP89AB5781,DRV511
TRP006615,,MANDI009,WH-North,16.4,749.9,UP59DF1126,DRV622
TRP006003,,MANDI039,Export-Terminal,,783.4,DL64BC8172,DRV159
TRP009164,2026-01-24,MANDI-036,WH-Central,14.4,736.4,,
TRP004496,2026-02-05,M017,WH-West,8.4,401.8,UP79CD8242,DRV229
TRP008174,,MANDI024,WH-North,4.6,246.8,,DRV453
TRP006656,,MANDI018,WH-South,16.7,783.4,HR87AB4171,DRV708
TRP002369,,MANDI048,WH-North,20.6,887.8,,DRV520
TRP004781,,MANDI-032,WH-Central,14.9,651.9,HR11BC2092,DRV393
TRP007993,,MANDI048,WH-South,11.0,577.0,,DRV174
TRP002951,,MANDI057,WH-North,4.6,226.8,PB22AB7596,DRV547
TRP005626,2026-06-11,M047,Export-Terminal,18.5,1078.5,UP35DF1666,DRV905
TRP006972,,mandi_010,WH-East,5.8,266.8,HR36AB9300,
TRP008717,,MANDI-026,WH-West,13.7,798.8,PB81AB9315,DRV908
TRP001842,,M001,WH-West,4.2,248.9,HR72BC5643,DRV539
TRP005987,,mandi014,WH-East,14.3,684.3,PB62BC2357,DRV119
TRP000538,,MANDI029,WH-East,5.8,341.8,DL21BC1339,DRV251
TRP002807,,MANDI056,WH-North,,288.0,DL82CD7792,DRV172
TRP005802,,MANDI-022,Export-Terminal,4.5,195.0,UP34DF7097,DRV271
TRP005597,2026-03-19,MANDI047,WH-Central,,782.49781302205,PB19DF4229,
TRP007207,,MANDI039,WH-East,18.6,1073.49699971779,UP97AB9647,
TRP007344,,MANDI043,WH-East,8.3,486.49864030060996,DL78AB6456,DRV394
TRP007561,2026-04-27,mandi054,WH-South,13.6,727.0,,DRV795
TRP008097,2026-05-29,MANDI046,WH-South,3.0,178.5,DL80AB6078,DRV665
TRP000785,,MANDI-026,WH-Central,10.2,540.5,DL62DF3331,DRV803
TRP001410,,MANDI013,WH-Central,11.8,682.8,,DRV833
TRP000155,2026-04-20,047,WH-West,7.7,373.4,UP40AB8786,DRV951
TRP007807,,MANDI-014,WH-Central,8.0,422.1,RJ32BC8392,DRV529
TRP003010,2026-06-14,MANDI008,WH-West,20.3,1076.4,UP57CD7522,DRV564
TRP001687,,MANDI-003,WH-North,7.4,318.8,,DRV171
TRP004015,,mandi_036,WH-East,6.1,350.7,DL20CD2710,DRV632
TRP007456,,MANDI047,WH-South,,458.9,UP86CD2855,DRV248
TRP003864,,MANDI022,WH-East,9.4,402.0,HR13CD5326,DRV476
TRP002734,,MANDI032,WH-North,8.5,408.5,UP38CD8985,DRV421
TRP001896,,mandi_034,Export-Terminal,,1241.0,,
TRP005443,,mandi057,WH-North,,368.8,DL89BC5241,DRV300
TRP000570,,MANDI-053,WH-East,4.4,195.8,,DRV332
TRP006710,2026-07-12,MANDI057,Export-Terminal,7.2,326.2,PB41AB5538,
TRP005855,,MANDI-025,WH-South,6.0,349.6,HR44DF8424,DRV233
TRP001817,,MANDI-014,Export-Terminal,6.5,308.5,DL12DF8865,DRV781
TRP008320,,051,WH-North,19.4,980.5,PB99DF8793,DRV311
TRP003395,,MANDI044,Export-Terminal,,1119.796870315772,UP16BC1086,DRV983
TRP003328,,MANDI008,WH-West,,948.2,,DRV208
TRP002459,,mandi_049,WH-West,13.3,726.5,PB68DF9709,DRV247
TRP006103,,MANDI016,WH-North,18.4,955.0,UP60AB9278,DRV600
TRP002976,,MANDI023,Export-Terminal,9.5,438.1,DL72CD6141,DRV594
TRP000981,,MANDI051,WH-North,11.1,486.0,PB64DF1831,DRV557
TRP000191,2026-02-20,mandi_001,WH-Central,16.5,853.6,PB85DF5201,DRV793
TRP009332,,MANDI044,WH-West,7.0,404.49886947913,DL39AB4103,DRV656
TRP005089,,mandi025,WH-South,20.9,1097.9,,DRV435
TRP000700,2026-01-04,MANDI-023,WH-Central,,1032.4,RJ36CD4313,DRV426
TRP004748,,MANDI029,WH-East,13.0,610.5,UP17CD9370,DRV353
TRP000607,2026-08-05,M011,Export-Terminal,21.6,1211.7,UP22AB8855,DRV237
TRP000302,,mandi_043,WH-West,4.7,191.8,PB70CD2189,DRV225
TRP003421,2026-07-30,MANDI044,WH-North,15.7,634.3,HR15BC8895,DRV972
TRP004517,,MANDI022,WH-South,3.9,225.1,DL98DF6643,
TRP001061,,M037,WH-West,4.5,239.1,HR44BC7893,DRV465
TRP003445,,001,Export-Terminal,2.1,116.1,PB22AB6218,DRV318
TRP001070,,MANDI028,Export-Terminal,8.1,442.0,UP28CD8790,DRV596
TRP002206,,mandi039,WH-South,11.1,490.4,RJ25AB1826,DRV391
TRP009436,,M041,WH-West,17.1,879.9,UP33AB4875,DRV276
TRP007340,,mandi_033,WH-West,3.8,211.5,HR47DF6366,DRV947
TRP008209,,MANDI031,WH-Central,,616.2,UP57BC4086,DRV862
TRP007680,,MANDI029,Export-Terminal,2.4,106.1,PB23AB7697,
TRP004643,,MANDI055,WH-Central,2.3,137.7,DL72DF5866,DRV946
TRP007684,,MANDI042,WH-East,11.4,542.1,DL15CD1959,DRV687
TRP009008,,MANDI-004,WH-North,9.2,443.0,DL67CD1742,DRV972
TRP007997,,mandi057,WH-West,,1278.3964270509762,PB49CD7583,
TRP005601,,MANDI004,WH-North,,737.6,HR72BC4781,
TRP009152,,mandi035,WH-North,5.3,217.1,HR60CD1017,DRV889
TRP007023,,mandi037,WH-North,20.3,1171.2,HR42BC9999,DRV793
TRP004894,,M018,WH-South,18.7,1031.1971179403681,HR55DF7037,DRV202
TRP000226,,mandi_021,WH-Central,12.1,609.6,PB42CD4926,DRV924
TRP003355,,mandi_050,WH-West,16.8,876.4,DL42AB9549,DRV854
TRP005896,,MANDI042,WH-West,9.7,391.6,HR53AB5876,DRV584
TRP008755,,mandi_012,WH-Central,20.5,1029.1,DL13AB9531,DRV491
TRP003437,2026-04-10,019,WH-West,,372.2,HR37DF1405,DRV168
TRP001694,,mandi050,WH-East,18.4,839.7,,DRV351
TRP006894,,MANDI-030,WH-Central,,399.4,UP19CD8736,DRV226
TRP001046,,MANDI-043,WH-North,13.8,766.5,PB15AB4112,DRV941
TRP003447,,mandi_028,Export-Terminal,18.4,950.9,UP73DF1991,DRV839
TRP008051,,M050,WH-East,16.9,918.7,RJ71CD5078,DRV433
TRP009147,,055,WH-South,13.0,757.9,RJ78CD1456,
TRP006267,,MANDI-048,WH-West,8.2,352.6,,DRV820
TRP004736,,MANDI013,WH-Central,3.2,179.3,DL30BC6196,DRV938
TRP004497,2026-04-14,MANDI-026,WH-South,18.4,1024.1971375043881,PB37BC2124,
TRP001219,2026-08-24,MANDI050,WH-North,18.6,1101.4,UP84DF7025,DRV349
TRP006016,,MANDI-010,WH-Central,2.6,154.0,RJ55DF1615,DRV137
TRP009720,2026-08-01,MANDI003,Export-Terminal,11.2,648.99818613586,UP71AB9499,DRV989
TRP003988,2026-06-16,mandi_006,WH-Central,15.6,810.2,,
TRP004912,,mandi042,Export-Terminal,8.7,425.9,UP50CD5554,DRV810
TRP009493,,MANDI030,WH-Central,22.9,1298.5,PB86AB6593,DRV644
TRP004494,,MANDI007,WH-South,11.4,516.5,HR36BC6595,DRV238
TRP006945,,MANDI-016,WH-Central,5.8,268.4,,DRV689
TRP005700,,mandi054,WH-Central,5.0,230.599355505284,PB36BC2367,DRV352
TRP008353,,MANDI-024,WH-East,19.4,1107.5,HR48DF6493,DRV171
TRP000957,,MANDI029,WH-West,12.4,724.8,UP30DF3567,
TRP002870,,mandi_005,WH-Central,8.1,409.0,,DRV430
TRP004434,,M021,Export-Terminal,12.4,616.6982764098381,UP59CD6803,DRV772
TRP004974,,M008,WH-North,19.0,972.7,RJ42AB8559,DRV171
TRP002962,,MANDI002,WH-Central,4.8,276.3,DL58AB6625,DRV439
TRP002201,,MANDI-030,WH-South,14.2,614.6982819995579,PB99DF3357,
TRP000099,,mandi043,WH-West,3.8,185.0,UP84CD9412,DRV393
TRP003411,,037,Export-Terminal,23.1,1115.396882613156,HR50DF9648,DRV581
TRP002558,,MANDI036,WH-West,22.5,1285.2,UP92BC8841,DRV559
TRP008446,,M008,WH-South,22.7,1033.8,RJ93BC5574,DRV987
TRP004200,,mandi027,WH-West,12.6,664.7,DL34DF2041,DRV517
TRP009638,,MANDI-049,WH-North,10.2,483.9,,DRV347
TRP005540,,mandi008,WH-North,5.0,273.5,UP11DF9661,
TRP001649,,043,Export-Terminal,21.2,1246.0,HR88BC3394,
TRP009889,,MANDI045,Export-Terminal,2.7,142.1,UP74CD2906,DRV372
TRP006198,2026-01-02,MANDI018,WH-Central,5.1,278.299222190462,UP64CD8671,DRV467
TRP006296,,MANDI002,WH-North,2.7,143.1,UP67CD1528,DRV357
TRP004500,,MANDI004,WH-South,8.0,325.4,,DRV913
TRP001155,,MANDI020,WH-South,18.1,773.097839293734,,DRV227
TRP002256,,MANDI023,WH-South,6.5,362.1,RJ51BC2969,DRV512
TRP009875,,M015,WH-East,20.7,1173.7,,DRV868
TRP003171,,mandi001,WH-North,17.5,863.0,DL35DF3203,DRV913
TRP007401,,MANDI-039,WH-West,19.1,1024.6971361069582,,DRV608
TRP007159,2026-02-17,MANDI039,WH-North,2.4,136.99961710418,PB80BC9448,DRV840
TRP003109,,MANDI047,WH-East,5.5,294.6,RJ16AB7420,DRV859
TRP004549,,MANDI-009,WH-East,,568.5,UP69AB8425,DRV964
TRP005424,,mandi_033,Export-Terminal,19.3,932.0,UP77BC5937,DRV600
TRP002050,,MANDI-017,Export-Terminal,10.8,632.0,RJ43BC3547,DRV418
TRP009209,,M009,WH-Central,10.3,535.2,,DRV247
TRP008816,,mandi_051,WH-Central,4.9,200.0,HR54AB7993,DRV867
TRP002499,,M033,Export-Terminal,4.8,285.6,UP63BC5210,
TRP000263,,049,WH-North,5.2,230.399356064256,,DRV142
TRP004062,2026-07-29,mandi_052,WH-West,11.5,546.9,PB19CD4062,DRV640
TRP005535,,mandi056,WH-East,,1263.1964695328481,UP62AB1645,DRV197
TRP006617,2026-03-19,MANDI-029,WH-East,16.4,973.6,,
TRP008121,2026-06-17,MANDI015,Export-Terminal,9.9,525.4,PB71CD4878,DRV618
TRP008156,2026-09-03,mandi_046,WH-North,20.0,1167.8,RJ45DF1156,DRV621
TRP001803,,mandi_012,WH-Central,4.6,270.899242872426,DL13BC1403,DRV481
TRP004737,2026-06-20,MANDI-057,WH-West,14.8,858.99759921526,PB76CD6750,DRV781
TRP002386,,MANDI048,WH-Central,11.9,687.7,PB32CD6897,DRV101
TRP006695,2026-04-23,mandi_016,WH-East,8.8,472.6,DL43BC6537,DRV383
TRP005760,,MANDI054,WH-North,19.0,1110.6,,DRV303
TRP001960,,MANDI054,WH-Central,10.3,418.6,,DRV413
TRP002977,,MANDI034,WH-West,21.3,900.7,HR37AB9201,
TRP008681,,MANDI037,WH-North,20.4,1147.9,,DRV315
TRP001844,2026-01-04,mandi_006,WH-East,,477.6,,
TRP001735,,M046,WH-North,20.4,1215.3,RJ55CD9558,DRV317
TRP002912,2026-05-09,MANDI-026,Export-Terminal,8.4,420.8,HR29BC9555,DRV334
TRP008339,,020,WH-Central,23.7,1373.5,PB92BC4442,DRV273
TRP001987,,MANDI-006,WH-East,4.1,210.7,,
TRP009562,,mandi_030,WH-South,7.6,308.1,HR36DF9687,DRV667
TRP006547,,MANDI006,WH-North,23.0,1246.296516765982,UP67BC1988,
TRP007099,,mandi_054,WH-South,4.3,224.9,,DRV318
TRP002812,,mandi_030,WH-South,23.3,973.097280321734,,DRV332
TRP000660,,mandi045,Export-Terminal,,306.1,DL29AB9402,
TRP009987,,mandi_033,WH-Central,22.5,1142.9,,DRV804
TRP002512,,mandi_007,WH-West,18.9,1002.2,DL36DF8111,DRV619
TRP004283,,M026,WH-West,4.0,216.5,RJ73DF8675,DRV828
TRP009340,,MANDI012,WH-North,5.3,286.9,PB40CD2499,
TRP008801,,MANDI-029,Export-Terminal,12.6,623.1,RJ39CD6235,
TRP006288,,MANDI035,WH-South,11.1,475.5,PB87DF7839,DRV297
TRP001931,,mandi_046,WH-East,9.5,564.2,,DRV945
TRP007126,,mandi_047,WH-Central,21.6,1100.2,RJ91DF6842,DRV406
TRP000198,,MANDI003,WH-West,17.2,913.3,UP56BC3284,DRV199
TRP007778,,MANDI009,WH-North,5.4,320.49910424737,,DRV139
TRP002932,,M038,Export-Terminal,21.0,1067.0,UP96BC5447,DRV918
TRP008005,,037,WH-East,23.1,1376.0,HR93DF8007,DRV271
TRP002328,,mandi_003,WH-West,12.9,663.098146728334,PB13BC5381,DRV452
TRP004390,,M035,WH-South,3.9,186.9,UP63CD6269,DRV423
TRP008959,2026-05-06,M057,WH-Central,23.3,1346.2,DL41DF1143,DRV313
TRP004219,2026-01-13,MANDI-032,WH-Central,5.1,300.7,DL12AB2734,DRV195
TRP000203,,mandi039,WH-West,3.6,155.9,RJ63CD8125,DRV346
TRP003511,,MANDI055,Export-Terminal,,150.6,UP15DF6268,DRV185
TRP004932,,M021,WH-South,12.0,663.9,PB45CD9834,DRV922
TRP005536,,mandi014,WH-West,2.8,125.6,UP62CD6713,DRV114
TRP009926,,MANDI-005,WH-South,18.0,813.7,HR65BC3133,DRV124
TRP005792,,MANDI048,WH-South,2.2,118.1,RJ75DF7314,DRV726
TRP001708,,MANDI-048,WH-East,16.8,965.0,RJ26DF8475,DRV136
TRP005173,2026-04-29,MANDI022,WH-North,4.2,222.7,DL23AB2365,DRV968
TRP005250,2026-04-08,MANDI009,WH-East,2.4,139.9,PB66DF7370,DRV492
TRP006529,2026-01-22,MANDI-010,WH-East,19.8,822.5,DL71DF1635,DRV633
TRP007808,,MANDI039,WH-South,9.1,379.0,UP43AB6033,DRV593
TRP005856,2026-08-27,M057,Export-Terminal,14.8,854.0,DL26CD2309,DRV831
TRP008165,2026-08-19,MANDI039,Export-Terminal,2.4,105.7,RJ48CD7525,DRV164
TRP000855,2026-08-14,MANDI049,WH-West,12.6,610.7,PB54DF7318,DRV888
TRP004738,,MANDI010,Export-Terminal,4.0,228.699360815518,DL15CD1216,DRV891
TRP000699,,MANDI028,Export-Terminal,23.0,1161.596753490624,UP83CD8136,DRV707
TRP003697,,MANDI004,WH-East,10.1,587.0,HR42BC6841,DRV979
TRP001637,,MANDI-044,WH-East,15.7,900.1,UP52DF9484,DRV372
TRP007281,,M009,WH-East,,382.49893096605,HR91DF7876,DRV190
TRP007555,,MANDI-038,Export-Terminal,17.7,712.2,RJ50BC2597,
TRP003582,,mandi_016,WH-West,22.3,1294.5,UP68AB8994,DRV901
TRP001292,,MANDI-039,WH-West,,470.2,,DRV746
TRP006586,,mandi_014,WH-West,10.3,558.9,HR68CD9905,DRV409
TRP001854,,MANDI032,WH-West,15.0,773.0,HR34BC2730,DRV950
TRP005233,2026-01-18,M032,WH-North,4.7,194.0,HR42BC9527,DRV166
TRP003764,,MANDI018,WH-East,14.3,685.198084961928,RJ62BC9098,DRV248
TRP003305,2026-03-06,MANDI-050,WH-Central,12.7,547.3,UP28DF8225,DRV215
TRP001496,2026-01-18,MANDI035,Export-Terminal,3.4,192.4,,DRV740
TRP007995,2026-03-07,mandi_007,WH-West,23.1,924.5,HR53AB7017,DRV471
TRP001999,,mandi040,WH-North,6.4,348.5,UP21BC6290,
TRP000664,,M020,WH-North,4.9,266.7,,DRV539
TRP003749,2026-05-08,MANDI-053,WH-North,,447.8,PB12CD7308,DRV213
TRP004414,,MANDI023,WH-East,18.8,1048.8,HR41DF9475,DRV876
TRP005531,,MANDI047,WH-East,23.1,1197.2,RJ26DF1393,
TRP005576,,MANDI-005,WH-South,,909.9,UP60BC4483,DRV891
TRP008902,2026-06-14,mandi_044,WH-Central,2.2,101.8,DL23AB2625,DRV849
TRP007527,2026-03-18,mandi_008,WH-North,9.0,529.2,DL28AB7235,DRV775
TRP009475,,mandi_037,WH-Central,13.1,529.8,DL22CD2822,
TRP005865,,MANDI-005,WH-North,,504.4,DL45DF4861,DRV401
TRP006777,,MANDI-050,Export-Terminal,21.0,963.3,RJ81CD7939,DRV565
TRP001307,,MANDI-057,WH-North,8.4,457.098722469494,PB40AB1001,
TRP007393,,mandi_015,WH-Central,,417.0,DL65AB7081,DRV117
TRP005593,,mandi_040,WH-West,4.7,276.2,PB56CD3298,DRV596
TRP000959,,MANDI-020,WH-South,19.0,776.4978297912099,HR66AB8381,
TRP009722,,MANDI008,WH-North,8.3,388.4,PB74DF3491,DRV113
TRP001664,,mandi034,WH-South,8.2,331.2,PB25DF8152,DRV263
TRP005451,,MANDI-020,WH-East,2.7,151.0,UP68CD6382,DRV606
TRP001651,,MANDI054,WH-South,,320.9,,DRV479
TRP003542,,041,WH-South,9.1,449.5,HR94DF5513,DRV436
TRP003628,,MANDI027,WH-West,4.8,194.099457517674,RJ61CD3556,DRV704
TRP002694,2026-01-24,mandi_024,WH-East,,206.7,HR36DF3419,DRV114
TRP009790,,MANDI046,WH-West,19.9,1136.396823921096,DL68AB3888,
TRP005916,,M017,WH-Central,8.0,389.5,PB75CD3625,DRV115
TRP003158,,M048,WH-North,4.2,174.6,DL90BC5583,
TRP009915,,014,WH-Central,20.3,931.397396867396,DL51AB1090,DRV842
TRP006669,,MANDI057,WH-North,10.1,573.8,UP85AB6339,
TRP001060,,MANDI046,WH-West,,860.7,DL55AB6210,DRV253
TRP004637,,MANDI039,WH-South,14.3,721.7,UP17AB9562,
TRP003243,2026-07-16,MANDI026,WH-North,6.5,336.1,HR10AB2049,DRV752
TRP001679,2026-04-23,mandi_048,WH-North,13.5,625.8,RJ82AB8294,DRV416
TRP006893,2026-07-20,M052,WH-South,17.1,895.5,PB55BC8931,DRV232
TRP006375,,MANDI039,WH-West,8.9,409.0,,DRV638
TRP007575,,mandi_044,WH-East,5.4,248.3,,DRV425
TRP001758,,MANDI008,WH-East,10.9,522.4,,DRV144
TRP006020,,MANDI051,WH-Central,5.5,251.5,UP48DF4589,DRV304
TRP005117,,mandi_036,WH-West,7.6,358.1,UP57CD1003,DRV499
TRP008756,,MANDI043,WH-South,,566.9,UP52CD2725,DRV862
TRP007409,,mandi_031,WH-East,23.2,1188.096679426834,PB56BC3848,DRV670
TRP002791,,MANDI012,WH-South,,942.7,HR54AB1983,DRV533
TRP000864,,MANDI053,WH-North,22.1,970.097288706314,UP55BC1222,DRV683
TRP007859,2026-01-01,MANDI028,Export-Terminal,20.0,851.1,RJ74CD1619,DRV825
TRP001485,,mandi_028,WH-South,10.6,597.1,DL79AB7558,
TRP007036,,MANDI-011,WH-Central,3.8,227.1,HR69CD3143,
TRP007722,,M056,WH-West,17.6,828.9,PB34AB6235,DRV194
TRP005978,,MANDI037,WH-North,9.7,485.8,UP58CD6569,DRV146
TRP005135,,M015,WH-West,12.6,590.7983487967119,HR20BC4598,
TRP000207,,MANDI004,WH-North,15.2,624.9,PB76CD8168,DRV193
TRP004489,,MANDI-055,WH-East,5.1,280.199216880228,RJ83DF2167,DRV290
TRP006939,,MANDI-020,WH-East,7.5,381.9,UP62CD4096,DRV629
TRP009063,2026-06-30,MANDI-048,WH-West,16.8,727.9,DL82DF2433,DRV216
TRP006911,2026-05-29,MANDI012,WH-North,,665.8,,DRV166
TRP000503,,MANDI033,WH-South,15.9,902.9,,DRV590
TRP007386,,mandi045,WH-North,3.5,163.0,RJ30AB9658,
TRP001029,,MANDI039,WH-North,20.9,847.8,HR55CD5879,DRV606
TRP003841,,MANDI-042,WH-West,,494.0,RJ24AB2603,
TRP008111,,mandi020,WH-Central,,791.5,RJ70BC7985,
TRP005057,,MANDI-027,WH-West,4.8,279.79921799817197,RJ92CD9602,DRV885
TRP009763,,MANDI029,Export-Terminal,20.7,834.0,UP18DF3983,DRV133
TRP008155,,mandi005,WH-West,,473.9,UP39DF7798,
TRP002732,2026-06-12,MANDI032,WH-West,14.5,783.3,RJ26AB8306,
TRP008997,,MANDI050,WH-North,19.0,871.9,UP22AB1775,
TRP002455,2026-02-27,mandi046,WH-South,6.6,354.0,RJ43DF9885,DRV399
TRP007216,,mandi_040,WH-West,13.8,688.6980751799181,DL56DF8245,DRV471
TRP003105,,mandi030,WH-Central,20.5,1019.2,HR21AB9463,DRV706
TRP008393,,MANDI025,WH-Central,14.6,799.5,RJ74CD3316,DRV891
TRP006279,,mandi_043,WH-West,14.6,634.9,RJ14AB4145,DRV380
TRP003100,,mandi_046,WH-South,,923.1,,DRV567
TRP006185,,mandi_023,WH-Central,22.9,1044.3970810482163,HR59DF4970,DRV889
TRP003562,,MANDI-036,WH-South,17.5,1045.3,RJ79BC3527,DRV608
TRP005893,,M049,WH-Central,15.8,814.7,PB85DF3964,DRV761
TRP000392,,mandi_040,WH-North,12.4,703.1,HR91AB3619,DRV141
TRP006737,,mandi006,WH-Central,18.9,1131.8,DL93DF5223,DRV646
TRP005619,,mandi_020,WH-North,,472.9,,DRV989
TRP005259,,MANDI-042,WH-East,7.8,325.3,PB69CD7590,DRV107
TRP009688,2026-01-15,MANDI049,Export-Terminal,5.8,281.4,HR89AB1093,DRV234
TRP002696,2026-01-19,MANDI047,WH-East,5.6,278.0,PB58BC1436,DRV808
TRP002028,,MANDI-021,WH-North,4.2,225.6,UP94DF7340,DRV740
TRP005464,,MANDI042,WH-West,5.3,282.3,,DRV652
TRP002569,,mandi006,WH-South,5.6,277.9,RJ39AB9239,DRV244
TRP008007,,MANDI001,Export-Terminal,,180.9,HR79BC2604,DRV548
TRP000065,,MANDI057,WH-West,15.8,692.1,PB53DF8704,
TRP002063,,mandi_030,WH-North,6.0,275.2,DL32AB8690,DRV679
TRP005277,,MANDI043,WH-East,6.4,372.7,DL84BC4706,DRV887
TRP007209,,MANDI-047,WH-North,4.4,196.9,PB35DF8838,DRV370
TRP008685,2026-06-06,mandi_016,WH-East,12.9,576.8,PB17CD2422,DRV499
TRP008572,,033,Export-Terminal,24.0,1399.6,RJ75BC1269,DRV804
TRP006332,,MANDI-041,WH-South,12.6,729.3,UP13DF9507,
TRP004860,,MANDI-025,WH-North,,830.3,DL93DF7903,DRV658
TRP004888,,mandi_050,WH-South,2.1,109.1,HR42DF7013,
TRP009269,,MANDI047,Export-Terminal,23.9,972.1,DL67BC9131,DRV551
TRP000879,,M037,WH-East,,864.3,PB39DF5095,DRV294
TRP008530,,MANDI041,Export-Terminal,14.7,746.8,RJ25CD7432,
TRP007917,,MANDI026,WH-South,13.7,789.2,HR79DF7950,DRV900
TRP006864,,MANDI006,WH-West,,328.0,PB32DF3376,DRV802
TRP007893,,MANDI-024,WH-South,10.8,507.1,HR13AB5960,DRV190
TRP006440,,MANDI034,WH-East,5.4,302.7,RJ86AB1582,DRV356
TRP007870,,MANDI042,Export-Terminal,8.0,331.4,PB84BC1289,DRV361
TRP001017,,MANDI040,WH-Central,4.8,253.4,RJ93AB1136,
TRP009468,,MANDI013,WH-North,8.4,337.7,PB69CD8838,DRV329
TRP007630,,MANDI001,WH-Central,6.7,387.19891783020796,,DRV994
TRP000996,,MANDI035,WH-Central,3.1,184.7,DL11CD1416,DRV122
TRP006790,,MANDI057,Export-Terminal,21.7,922.8,DL18AB9148,DRV595
TRP004298,2026-07-06,MANDI039,WH-Central,13.1,644.9981973153,UP94AB9283,DRV594
TRP000162,,M008,WH-Central,6.6,281.2,PB27CD3534,DRV728
TRP005676,,MANDI043,WH-North,,831.4,,DRV894
TRP006874,,M032,Export-Terminal,,956.5,HR71CD3471,DRV640
TRP009693,,mandi056,WH-South,,1028.1,UP88CD8207,DRV585
TRP007990,,mandi_034,WH-North,4.9,233.699346841218,PB98AB6001,DRV895
TRP003844,,mandi_037,WH-West,8.0,456.1,RJ85BC7858,DRV215
TRP001022,2026-08-21,mandi020,WH-East,,579.1,HR11AB4223,DRV299
TRP003074,,mandi_057,WH-East,,894.8,HR81CD1718,DRV518
TRP007556,,M035,WH-South,23.6,1128.7,PB18AB4244,DRV757
TRP003944,,MANDI011,WH-North,19.4,1155.9,RJ28CD1845,DRV243
TRP001586,,MANDI038,WH-East,16.1,779.4,UP37BC2962,DRV112
TRP001069,,MANDI-016,Export-Terminal,,395.198895471328,HR76DF4131,DRV106
TRP003153,2026-01-14,M053,WH-South,11.0,496.4,,DRV729
TRP008227,,MANDI021,WH-South,23.7,1099.4,UP88CD5423,DRV871
TRP000776,2026-05-18,mandi_041,WH-South,7.0,339.4,DL98AB4284,DRV967
TRP009671,,mandi_008,WH-North,5.3,261.6,HR81AB6017,DRV904
TRP007100,,MANDI014,WH-South,7.1,299.5,PB61DF6236,
TRP005487,,MANDI021,WH-South,19.0,1135.8968253185262,PB57DF2599,DRV831
TRP006236,,mandi_022,WH-Central,2.7,143.5,DL99CD2865,DRV872
TRP009556,,MANDI041,WH-Central,20.2,885.4,UP44CD8943,DRV960
TRP007042,2026-01-08,MANDI037,WH-Central,23.4,1175.696714083098,DL86AB4829,DRV795
TRP002613,2026-03-12,MANDI-043,WH-South,6.3,257.0,PB17CD5699,DRV223
TRP007514,,MANDI028,WH-West,15.9,694.9,HR38AB7014,DRV863
TRP006728,,mandi_023,WH-South,2.7,130.4,DL76DF7490,DRV128
TRP008434,,mandi024,WH-South,14.1,766.6,DL36BC7708,DRV403
TRP006600,,MANDI017,WH-South,13.4,562.9,,DRV557
TRP008793,,MANDI-036,Export-Terminal,13.4,602.3,PB79BC1500,DRV307
TRP005394,,MANDI037,WH-Central,23.6,1374.6,UP51AB5003,DRV222
TRP008839,,MANDI-022,WH-West,22.8,966.2,DL25BC8177,DRV628
TRP003891,,MANDI031,Export-Terminal,17.8,717.0,DL89CD9393,DRV383
TRP003557,,MANDI042,WH-East,,202.7,UP23BC9503,
TRP001529,,MANDI035,Export-Terminal,5.1,266.6,UP90BC9977,
TRP001268,,MANDI005,WH-East,14.4,688.4,,DRV272
TRP007735,,mandi_010,WH-North,3.7,177.5,DL74DF6333,DRV734
TRP001900,,M055,WH-North,8.4,338.899052821946,HR91AB6830,DRV887
TRP004659,,MANDI017,WH-Central,15.6,702.1,RJ75DF3172,DRV920
TRP003006,,MANDI-011,WH-North,7.6,455.5,HR54CD2684,DRV316
TRP002735,,M015,WH-South,17.3,695.6,PB46DF8719,DRV370
TRP000190,,mandi_034,WH-Central,21.8,1060.0,HR33AB4579,DRV260
TRP009999,,002,WH-East,,1113.2,HR29AB1615,
TRP009168,,MANDI050,WH-South,10.4,521.9,,DRV707
TRP002748,2026-06-13,mandi_049,WH-Central,20.1,878.9,PB25CD8204,DRV382
TRP002048,,M045,WH-Central,3.8,171.9,HR99BC2821,DRV845
TRP007850,,mandi_010,Export-Terminal,15.9,835.0,RJ54CD1353,DRV720
TRP002559,,M027,WH-West,11.2,670.5,DL70AB3723,DRV460
TRP009275,2026-06-16,MANDI045,WH-West,19.4,906.2,HR22AB5855,DRV974
TRP008667,,M057,WH-South,9.7,477.7,RJ71DF8904,
TRP006397,,mandi016,WH-South,14.0,756.3,DL29DF5371,DRV593
TRP003386,,mandi_017,WH-East,2.6,135.8,,DRV202
TRP004556,,M051,Export-Terminal,21.3,1263.4,,DRV399
TRP001185,,mandi037,Export-Terminal,7.4,329.1,,DRV999
TRP006421,,M028,Export-Terminal,14.5,593.4,PB19BC9879,DRV361
TRP005052,2026-03-16,MANDI-022,WH-West,10.0,425.3,DL79BC4461,DRV941
TRP005312,,MANDI001,WH-Central,5.5,302.6,,DRV582
TRP002434,,mandi_013,WH-North,12.1,645.6,RJ70BC9855,DRV355
TRP006950,,M005,WH-West,15.8,645.5,PB76AB5820,DRV730
TRP000770,2026-08-09,MANDI013,WH-East,23.9,1301.7963616512518,DL36AB5759,
TRP001686,,MANDI053,Export-Terminal,,446.8,,DRV511
TRP008323,,MANDI024,WH-West,18.3,884.3,HR36CD9096,DRV346
TRP005579,,MANDI049,WH-South,8.7,446.398752374496,RJ93DF9453,DRV935
TRP004427,,mandi_034,WH-South,22.9,1061.6,HR18BC2176,DRV739
TRP000467,,mandi052,WH-West,21.1,1210.8,DL15CD6938,DRV377
TRP006266,,MANDI-048,WH-Central,12.4,515.9,UP53AB5386,
TRP005735,,MANDI052,WH-West,5.2,257.9,RJ47AB4301,DRV263
TRP005192,2026-07-25,033,WH-North,4.1,207.4,,DRV426
TRP005391,,mandi_011,WH-East,,265.9,RJ23AB2562,
TRP000861,,mandi_043,WH-South,,202.5,DL30DF1431,DRV197
TRP007271,,mandi_019,WH-West,8.4,469.2,PB38DF5215,DRV584
